tree
version=v4
num_class=1
num_tree_per_iteration=1
label_index=0
max_feature_idx=26
objective=binary sigmoid:1
feature_names=clicks_total active_days clicks_pre_start clicks_last_7d clicks_prev_7d click_trend days_since_last_active never_active clicks_oucontent clicks_forumng clicks_homepage clicks_quiz clicks_resource clicks_subpage clicks_url clicks_other n_due n_submitted n_missed n_late mean_score score_trend mean_days_early date_registration num_of_prev_attempts studied_credits code_module
feature_infos=[0:6408] [0:46] [0:2809] [0:1598] [0:1709] [-6.1355648910817386:6.1441856341256456] [1:46] [0:1] [0:1456] [0:3450] [0:4223] [0:1168] [0:221] [0:1012] [0:752] [0:802] [0:2] [0:4] [0:2] [0:2] [0:100] [-66:62] [-8:233] [-310:167] [0:5] [30:420] -1:4:1:2:3:5:0
tree_sizes=3390 3442 3444 3431 3457 3450 3433 3447 3460 3454 3454 3460 3453 3460 3456 3428 3451 3435 3442 3474 3458 3468 3459 3460 3454 3437 3478 3458 3456 3461 3458 3449 3463 3454 3471 3454 3466 3476 3464 3459 3467 3456 3455 3487 3442 3463 3463 3451 3459 3470 3460 3465 3444 3490 3460 3473 3461 3445 3472 3459 3454 3462 3481 3455 3495 3493 3467 3480 3460 3459 3449 3448 3446 3458 3463 3424 3473 3483 3474 3453 3455 3495 3445 3442 3467 3448 3450 3437 3470 3456 3478 3452 3451 3487 3475 3474 3444 3455 3450 3476 3454 3453 3456 3480 3481 3461 3464 3443 3486 3494 3437 3462 3482 3458

Tree=0
num_leaves=31
num_cat=2
split_feature=18 20 1 20 26 22 22 0 22 6 6 11 9 15 1 22 20 22 26 20 20 20 14 4 13 15 10 11 15 5
split_gain=773.746 365.036 144.364 103.124 54.2079 46.2771 39.5928 29.1626 24.2692 17.3969 16.8575 15.9789 21.6804 14.7863 14.7478 10.8263 10.61 12.5285 10.0757 9.63989 9.07191 8.7668 8.26492 7.65113 12.3108 7.48694 7.29632 7.23091 8.63971 6.98038
threshold=1.0000000180025095e-35 70.750000000000014 11.500000000000002 53.750000000000007 0 1.2500000000000002 0.75000000000000011 47.500000000000007 -1.0000000180025095e-35 1.5000000000000002 29.500000000000004 74.500000000000014 112.50000000000001 16.500000000000004 21.500000000000004 1.0000000180025095e-35 44.250000000000007 1.2500000000000002 1 78.166666666666671 82.166666666666671 61.250000000000007 7.5000000000000009 5.5000000000000009 44.500000000000007 9.5000000000000018 55.500000000000007 122.50000000000001 28.500000000000004 -0.95383881172102181
decision_type=2 8 2 10 1 8 10 2 8 10 8 2 2 2 2 8 10 10 1 10 10 10 2 2 2 2 2 2 2 2
left_child=1 3 4 16 7 14 22 -3 -6 -7 15 12 21 -2 18 -10 -1 -18 20 25 -4 29 -5 -23 -25 -16 -20 -11 -29 -8
right_child=13 2 5 6 8 9 11 -9 10 27 -12 -13 -14 -15 19 -17 17 -19 26 -21 -22 23 -24 24 -26 -27 -28 28 -30 -31
leaf_value=-0.1703288104249164 -0.17125362635631416 -0.17363140308065406 -0.22119773326811243 -0.19982522319143572 -0.20662502221247125 -0.26107507985600847 -0.19532390320407667 -0.21681293089419548 -0.22647523852667092 -0.2515446250187986 -0.21552296257688003 -0.2022306035808514 -0.24691746976009585 -0.2017646867027755 -0.25321982785942132 -0.24288435572908729 -0.18412195164839346 -0.21839966803004532 -0.23486161665923502 -0.25321804274536436 -0.23726754204834019 -0.20912941497245874 -0.21426944204421991 -0.23917461997712586 -0.2120790813268926 -0.22548242492275153 -0.2569245281239122 -0.22343488560131358 -0.25251926322360546 -0.22198630242219619
leaf_weight=41.715952470898628 206.60504271090031 15.057237282395361 62.944188639521599 87.134504273533821 23.943475678563118 249.30835500359535 14.563557371497152 120.4578982591629 43.937512069940567 149.83185295760632 27.399235054850578 20.981396213173866 45.418551802635193 17.77247679233551 12.341997772455214 206.3582027554512 40.975432604551315 13.082517638802527 24.930835500359535 96.020742669701576 61.709988862276077 15.057237282395361 64.425228372216225 55.045310065150261 19.747196435928345 25.424515411257744 31.595514297485352 20.734556257724762 15.304077237844465 21.228236168622971
leaf_count=169 837 61 255 353 97 1010 59 488 178 607 111 85 184 72 50 836 166 53 101 389 250 61 261 223 80 103 128 84 62 86
internal_value=-0.225649 -0.232863 -0.241505 -0.209526 -0.227794 -0.249482 -0.217258 -0.212633 -0.234765 -0.255827 -0.237573 -0.226319 -0.229394 -0.173553 -0.240649 -0.240018 -0.18216 -0.192132 -0.23499 -0.248187 -0.228933 -0.222942 -0.205849 -0.227971 -0.231934 -0.23502 -0.244305 -0.248636 -0.236173 -0.210604
internal_weight=1851.05 1626.68 1187.3 439.375 437.154 750.147 343.601 135.515 301.638 435.179 277.695 192.041 171.06 224.378 314.968 250.296 95.7739 54.058 181.181 133.787 124.654 125.642 151.56 89.8497 74.7925 37.7665 56.5263 185.87 36.0386 35.7918
internal_count=7499 6590 4810 1780 1771 3039 1392 549 1222 1763 1125 778 693 909 1276 1014 388 219 734 542 505 509 614 364 303 153 229 753 146 145
cat_boundaries=0 1 2
cat_threshold=24 20
is_linear=0
shrinkage=1


Tree=1
num_leaves=31
num_cat=0
split_feature=18 20 1 20 22 20 22 13 22 13 15 1 25 5 9 5 15 22 11 14 24 11 3 5 2 15 20 20 4 25
split_gain=715.391 362.103 136.105 106.448 46.6284 28.0311 26.9614 32.1536 21.0202 17.5926 15.9607 16.2516 14.2653 12.8349 12.1839 12.1454 12.0571 11.7692 10.6698 9.69423 10.7639 8.70382 16.6018 8.80244 9.60882 8.57492 8.4808 8.36258 8.33338 7.8577
threshold=1.0000000180025095e-35 70.750000000000014 13.500000000000002 50.750000000000007 0.75000000000000011 84.416666666666671 -0.74999999999999989 1.5000000000000002 -0.74999999999999989 34.500000000000007 3.5000000000000004 7.5000000000000009 142.50000000000003 -1.1089104687178393 16.500000000000004 -4.209643154882321 16.500000000000004 10.500000000000002 1.5000000000000002 7.5000000000000009 1.0000000180025095e-35 2.5000000000000004 147.50000000000003 1.1423468624953721 19.500000000000004 2.5000000000000004 61.750000000000007 84.416666666666671 84.500000000000014 57.500000000000007
decision_type=2 8 2 10 10 8 8 2 10 2 2 2 2 2 2 2 2 8 2 2 2 2 2 2 2 2 10 10 2 2
left_child=1 3 6 -1 14 8 -3 17 -4 15 11 -6 19 -12 -5 -9 -2 -8 -11 -7 -21 23 28 24 -10 -16 -13 -20 -23 -19
right_child=16 2 5 4 10 12 7 9 21 18 13 26 -14 -15 25 -17 -18 29 27 20 -22 22 -24 -25 -26 -27 -28 -29 -30 -31
leaf_value=0.048337468699379826 0.051405904178379917 0.021403828316428983 0.011901296243724673 0.035521808506573022 0.0068407348574344535 -0.02318982459858145 -0.014325279786302042 0.011267810010372 -0.008955482515606213 -0.0065548616799489274 0.027950498491273641 -0.00039794632893292803 -0.0042975579826907313 0.0026518029547493113 0.0066278367027676659 -0.014120096008948308 0.023183728461299801 0.0085391325126172399 0.028741965173855751 -0.036672081418070088 -0.0092441344058636615 0.011213625626317785 -0.026777665672757637 -0.0028494413937070946 -0.029661573421157408 0.023081517799009615 -0.023057560339888705 -0.00083150858267471437 -0.010685704641455868 0.02970318005144252
leaf_weight=76.128405570983887 214.92035880684853 34.607715383172035 19.478320375084877 41.578020662069321 43.715686991810799 97.21770603954792 14.057387277483938 17.285744115710258 25.121511593461037 42.674745991826057 23.453912138938904 21.24066174030304 18.453285336494446 69.865738242864609 48.989646956324577 290.6738525480032 17.075626820325851 56.030896455049515 18.514331996440887 220.9110245257616 14.515277370810507 20.688237771391869 50.695025369524956 16.016706302762032 130.21453493833542 70.977373480796814 48.804614707827568 15.296115502715109 55.651501357555389 21.762081906199455
leaf_count=307 866 140 79 168 177 395 57 70 102 173 95 86 75 283 198 1179 69 227 75 898 59 84 206 65 529 287 198 62 226 88
internal_value=0.000274775 -0.0067717 -0.0154646 0.0162722 0.00953723 -0.0243592 -0.00379336 -0.00566521 -0.0178042 -0.00947315 9.65283e-05 -0.00741834 -0.0302264 0.00923902 0.021564 -0.0126632 0.0494371 0.0102035 0.003369 -0.0316476 -0.0350273 -0.0197766 -0.0136403 -0.0242204 -0.0263916 0.0164728 -0.0162885 0.0157232 -0.00468268 0.0147615
internal_weight=1856.62 1624.62 1179.87 444.754 368.626 668.963 510.903 476.295 317.866 384.445 207.081 113.761 351.097 93.3197 161.545 307.96 231.996 91.8504 76.4852 332.644 235.426 298.388 127.035 171.353 155.336 119.967 70.0453 33.8104 76.3397 77.793
internal_count=7523 6588 4789 1799 1492 2718 2071 1931 1291 1559 839 461 1427 378 653 1249 935 372 310 1352 957 1212 516 696 631 485 284 137 310 315
is_linear=0
shrinkage=0.03


Tree=2
num_leaves=31
num_cat=3
split_feature=18 20 1 20 26 22 0 26 6 22 22 24 6 2 4 20 26 11 6 14 22 5 5 5 6 6 20 22 21 24
split_gain=718.615 353.22 121.42 84.9986 38.288 30.8393 28.306 24.2091 21.4212 21.2944 18.9519 16.4735 16.355 14.9381 14.4656 14.2196 23.2801 12.4122 12.3383 11.6905 11.056 10.3484 10.0429 9.71298 9.25065 9.1295 8.98889 10.1059 8.91189 8.76046
threshold=1.0000000180025095e-35 70.750000000000014 11.500000000000002 53.750000000000007 0 1.2500000000000002 41.500000000000007 1 2.5000000000000004 -0.74999999999999989 1.7500000000000002 1.0000000180025095e-35 29.500000000000004 38.500000000000007 34.500000000000007 82.166666666666671 2 29.500000000000004 1.5000000000000002 13.500000000000002 1.0000000180025095e-35 -0.61768694324686091 -2.3943864864690467 -1.1089104687178393 9.5000000000000018 2.5000000000000004 44.250000000000007 1.2500000000000002 -1.4999999999999998 1.0000000180025095e-35
decision_type=2 8 2 10 1 8 2 1 10 8 10 2 8 2 2 10 1 2 10 2 10 2 2 2 8 8 10 10 8 2
left_child=1 3 4 26 6 11 -3 8 14 -6 13 15 29 24 -5 16 20 -8 -7 -17 -4 -13 -19 -16 -9 -2 -1 -28 -25 -11
right_child=25 2 5 7 9 18 17 10 -10 12 -12 21 -14 -15 23 19 -18 22 -20 -21 -22 -23 -24 28 -26 -27 27 -29 -30 -31
leaf_value=0.051271026295193929 0.035828831437299542 0.050356640017115296 0.0084750462118887253 0.028302446802279203 0.019608791157477875 -0.032372605531458577 0.016339426146641946 0.009077617460829213 0.029943831461556884 -0.015189340257185699 -0.013165757834958155 0.019716771703178357 0.010122494034407743 -0.010620475164437867 0.023151054910323963 -0.016961654748148727 -0.025737862556405484 0.010259103349819793 -0.021884445364270678 -0.034945207160371847 -0.011927958987053693 -0.010850484474302004 -0.01353328210686624 0.016926858228788106 0.034932805101817538 0.052595593023936675 0.038288133929661926 0.0073557189189599366 -0.0087829839660893468 0.0050917297082506497
leaf_weight=42.093198284506798 46.532522335648537 13.667464539408682 50.533749923110008 24.257356390357018 21.068781390786171 248.82932096719742 55.094595402479172 73.472279727458954 69.825913369655609 229.87925027310848 59.634608417749405 16.978309899568558 28.687416210770607 29.888249397277832 15.10699751973152 78.821835696697235 47.881799280643463 27.696529641747475 189.26948788762093 59.564410805702209 43.589390188455582 21.413611710071564 35.076813668012619 14.854526132345198 14.354490667581556 185.30651569366455 42.269261077046394 12.887360930442808 50.926869660615921 20.43154588341713
leaf_count=169 187 55 205 98 85 1016 223 297 282 934 242 69 116 121 61 321 195 112 771 243 177 87 142 60 58 744 170 52 206 83
internal_value=8.15994e-05 -0.00692428 -0.0154894 0.0157027 -0.00278132 -0.0227229 0.0102523 0.00879339 0.0162435 -0.00856577 0.000456905 -0.0155408 -0.0110617 0.00744942 0.00847922 -0.0180565 -0.0112626 0.00607999 -0.0279016 -0.0248973 -0.000904744 0.00282484 -0.00303947 0.00226147 0.0136491 0.0493987 0.0403897 0.0313205 -0.00281075 -0.0135202
internal_weight=1869.89 1638.06 1188.48 449.571 431.602 756.882 131.535 352.321 174.972 300.067 177.35 318.783 278.998 117.715 105.146 280.391 142.005 117.868 438.099 138.386 94.1231 38.3919 62.7733 80.8884 87.8268 231.839 97.2498 55.1566 65.7814 250.311
internal_count=7581 6650 4834 1816 1750 3084 532 1425 707 1218 718 1297 1133 476 425 1141 577 477 1787 564 382 156 254 327 355 931 391 222 266 1017
cat_boundaries=0 1 2 3
cat_threshold=24 20 20
is_linear=0
shrinkage=0.03


Tree=3
num_leaves=31
num_cat=3
split_feature=18 20 1 20 22 26 26 11 22 22 3 26 1 2 11 0 22 3 13 23 20 22 0 0 20 8 4 5 20 20
split_gain=699.938 313.918 113.208 78.8654 46.7578 40.3205 30.1017 26.6402 18.2961 17.4256 15.137 32.1936 14.5036 12.9841 12.6129 11.7112 14.3098 11.3185 11.1285 10.4002 10.0218 12.4181 11.605 9.76666 8.40097 8.25429 8.0111 7.81635 7.59816 7.55174
threshold=1.0000000180025095e-35 70.750000000000014 10.500000000000002 55.250000000000007 1.0000000180025095e-35 0 1 30.500000000000004 1.7500000000000002 -0.74999999999999989 154.50000000000003 2 11.500000000000002 39.500000000000007 103.50000000000001 5.5000000000000009 1.0000000180025095e-35 24.500000000000004 1.5000000000000002 -25.499999999999996 45.250000000000007 1.7500000000000002 266.50000000000006 55.500000000000007 62.750000000000007 83.500000000000014 119.50000000000001 -2.3363227833994853 85.833333333333357 75.583333333333357
decision_type=2 8 2 10 8 1 1 2 10 10 2 1 2 2 2 2 8 2 2 10 10 10 2 2 10 2 2 2 10 10
left_child=1 3 5 20 9 7 8 18 13 -4 11 25 -8 24 -9 -7 27 -14 -3 23 -1 22 -22 -18 -5 -6 -19 -17 -27 -21
right_child=-2 2 4 6 10 15 12 14 -10 -11 -12 -13 17 -15 -16 16 19 26 -20 29 21 -23 -24 -25 -26 28 -28 -29 -30 -31
leaf_value=0.046449180056670321 0.048689928521167589 0.051018339731134989 0.01007889971063846 0.023636587969373669 0.0016654532932499871 0.0084511173498879998 0.030626915341242612 -0.010953899454397229 -0.016861376591158116 -0.012742586462168271 -0.033492641509313588 -0.02795524774875249 0.030821141990734272 -0.01283941893796222 0.019935374072074109 -0.018127726009831677 -0.0089180459760925326 0.012840181718141538 0.01976161814308618 0.011038253290626516 0.044361564925857425 0.0054581199310811531 0.013555640510924857 -0.024743470490208391 0.003174333093331256 -0.0061883860975696829 -0.0041355523826724864 0.0078316001695069477 -0.021948972786749597 -0.01704739610731278
leaf_weight=46.434251233935356 230.16089907288551 13.706257700920103 37.944371044635773 27.522228345274925 42.233656421303749 32.871316328644753 43.932232230901718 37.056875437498093 54.84868249297142 133.99209713935852 159.3260133266449 314.89801588654518 19.849654957652092 28.119414418935776 16.311578094959259 12.322415471076964 62.668097257614136 65.884692013263702 43.314390480518341 21.37133252620697 35.589629888534546 17.832580983638763 17.415193945169449 83.962533339858055 50.248230203986168 58.116152122616768 39.34509839117527 47.392592594027519 53.274196639657021 13.013802036643026
leaf_count=186 922 55 154 111 172 133 177 150 223 546 653 1288 80 114 66 50 255 266 175 87 143 72 70 342 203 237 159 192 218 53
internal_value=-0.000167018 -0.007088 -0.0151734 0.0143093 -0.0215951 -0.00177674 0.00674827 0.0128039 -0.00278746 -0.00767699 -0.0253883 -0.0225669 0.0150585 0.00433129 -0.00131985 -0.00786461 -0.0104436 0.0105852 0.0280247 -0.0146252 0.0353329 0.0275009 0.0346784 -0.0180861 0.0106239 -0.00902112 0.00651383 0.00226445 -0.0138544 0.000227259
internal_weight=1860.96 1630.8 1183.78 447.022 799.785 383.991 329.75 110.389 160.739 171.936 627.848 468.522 169.012 105.89 53.3685 273.602 240.731 125.079 57.0206 181.016 117.272 70.8374 53.0048 146.631 77.7705 153.624 105.23 59.715 111.39 34.3851
internal_count=7552 6630 4826 1804 3268 1558 1333 446 651 700 2568 1915 682 428 216 1112 979 505 230 737 471 285 213 597 314 627 425 242 455 140
cat_boundaries=0 1 2 3
cat_threshold=24 3 16
is_linear=0
shrinkage=0.03


Tree=4
num_leaves=31
num_cat=1
split_feature=18 20 1 20 26 0 22 22 22 22 20 22 15 20 22 8 0 0 1 23 20 14 3 11 20 8 25 11 2 1
split_gain=599.424 307.424 125.06 79.96 40.0582 32.4097 28.1883 28.0111 23.4644 18.995 18.7837 17.8006 13.4972 12.95 12.8155 15.126 12.7343 11.5052 10.0106 9.9938 9.754 8.60488 7.78162 12.4129 15.6372 7.69374 9.03477 7.69239 7.60225 7.52302
threshold=1.0000000180025095e-35 70.250000000000014 13.500000000000002 55.250000000000007 0 47.500000000000007 -2.4999999999999996 1.2500000000000002 1.2500000000000002 4.7500000000000009 77.250000000000014 0.75000000000000011 7.5000000000000009 44.250000000000007 113.75000000000001 70.500000000000014 401.50000000000006 1.0000000180025095e-35 5.5000000000000009 -129.49999999999997 61.750000000000007 19.500000000000004 142.50000000000003 2.5000000000000004 88.583333333333357 23.500000000000004 82.500000000000014 108.50000000000001 46.500000000000007 17.500000000000004
decision_type=2 8 2 10 1 2 8 8 10 10 10 10 2 10 8 2 2 2 2 10 10 2 2 2 8 2 2 2 2 2
left_child=1 3 4 13 5 -3 -6 10 19 20 12 17 28 -1 -7 -16 -2 -8 -13 -5 -10 -12 23 -9 -25 26 -19 -17 -4 -21
right_child=16 2 7 8 6 14 11 22 9 -11 21 18 -14 -15 15 27 -18 25 -20 29 -22 -23 -24 24 -26 -27 -28 -29 -30 -31
leaf_value=0.049061376988306732 0.047317422597286898 0.049027156661946035 -0.0022990928434126106 -0.0051346304857453886 0.033703600941095743 0.012310081923612668 0.017786534426082433 -0.031823087841896858 0.007132149361030642 0.013372296573587399 -0.015723002782198989 -0.0037414837997406321 0.0084537013013067236 0.027789291921051642 0.0098985252530893724 -0.02771866352862995 0.015500286960693895 -0.0074186759457223715 -0.023732773727756416 0.018300291913765167 -0.019390713441023472 -0.029715492540195634 -0.034138345883947936 -0.0067695287448443792 -0.027106239791154188 -0.020128017198222253 0.012845973590837795 0.00056901319359442797 -0.030413207027803087 0.0049588856600860307
leaf_weight=42.74370364844799 217.95468173921108 15.482311695814131 17.379122853279114 24.775220185518265 12.413024812936781 88.003999471664429 17.098646864295006 119.5550769418478 15.554605752229689 34.830044329166412 132.50259473919868 29.436117738485336 43.05630761384964 80.916974738240242 32.607141464948654 23.578055575489998 13.232558161020277 129.49139969050884 101.51753295958042 148.85242599248886 54.155901297926903 59.485039949417114 129.00165006518364 60.856958791613579 78.752493992447853 33.398124471306801 22.406867012381554 13.290838092565535 16.604539349675179 52.227494269609451
leaf_count=171 872 62 71 100 50 356 69 492 63 141 542 120 175 325 132 96 53 527 415 600 220 244 532 249 324 136 91 54 68 211
internal_value=0.000472078 -0.00594853 -0.0140418 0.0149963 -0.00301973 0.00849766 -0.00878087 -0.0227238 0.00724703 -0.00447517 -0.0151897 -0.0107216 -0.00262977 0.0354766 0.00476507 -0.00483112 0.0455709 -0.0051026 -0.0193015 0.0126686 -0.0134555 -0.0201899 -0.027893 -0.024665 -0.0183525 -0.00729888 -0.00436492 -0.0177755 -0.0165124 0.0148767
internal_weight=1861.16 1629.97 1175.92 454.056 518.724 172.962 345.762 657.194 330.396 104.541 269.028 333.349 77.04 123.661 157.48 69.476 231.187 202.395 130.954 225.855 69.7105 191.988 388.166 259.165 139.609 185.296 151.898 36.8689 33.9837 201.08
internal_count=7561 6636 4805 1831 2108 700 1408 2697 1335 424 1100 1358 314 496 638 282 925 823 535 911 283 786 1597 1065 573 754 618 150 139 811
cat_boundaries=0 1
cat_threshold=24
is_linear=0
shrinkage=0.03


Tree=5
num_leaves=31
num_cat=2
split_feature=18 20 1 20 26 22 22 22 6 0 5 24 20 15 22 0 26 6 15 20 5 11 1 20 4 20 5 4 25 20
split_gain=573.914 282.644 103.906 73.471 45.2276 28.9301 27.2744 25.5515 26.4175 21.6698 18.4806 16.2937 11.148 14.4393 10.7422 13.4167 10.1215 10.0892 9.5273 9.42775 9.29331 10.7931 8.22733 7.59606 7.22484 9.17423 7.13085 7.11491 7.02116 8.7921
threshold=1.0000000180025095e-35 70.250000000000014 12.500000000000002 53.750000000000007 0 1.2500000000000002 0.75000000000000011 -0.74999999999999989 29.500000000000004 49.500000000000007 -0.9337987728097793 1.0000000180025095e-35 78.583333333333357 7.5000000000000009 113.75000000000001 163.50000000000003 1 1.5000000000000002 3.5000000000000004 48.250000000000007 1.1033516606453819 1.0000000180025095e-35 17.500000000000004 82.583333333333357 5.5000000000000009 61.750000000000007 -2.3943864864690467 76.500000000000014 92.500000000000014 84.416666666666671
decision_type=2 8 2 10 1 8 10 8 8 2 2 2 10 2 8 2 1 10 2 10 2 2 2 10 2 10 2 2 2 8
left_child=1 3 4 19 9 11 -5 -6 -9 -3 18 12 13 -4 -11 -16 24 28 -8 -1 21 -14 -2 -23 -12 -26 -17 -18 -7 -30
right_child=22 2 5 6 7 17 10 8 -10 14 16 -13 20 -15 15 26 27 -19 -20 -21 -22 23 -24 -25 25 -27 -28 -29 29 -31
leaf_value=0.045287259262178234 0.046660153714803969 0.045939734319967292 -0.021318118511556024 0.017536347706520954 0.021007531024413509 -0.03341845472659942 0.004267056418729257 -0.014556304080111869 0.015309001544324191 0.014913711310725013 0.0028735354866733852 0.0040914498449427864 -0.030868923069519251 0.0029863476225852432 0.022342963154509538 0.0063184817239312534 0.014231521454776979 -0.020372768978136627 0.026979811639988839 0.024818301785043743 0.0021364559427397654 0.00064816412549290427 0.023682637079008272 -0.020223794763827636 -0.0034135975982160015 -0.030705929380543312 -0.017351704845782842 -0.0064118118161930956 -0.008175753210306818 -0.031261792876250416
leaf_weight=58.226226687431335 207.70952923595905 13.494139194488524 38.018093660473824 149.43315958976746 22.369956895709038 173.44996252655983 47.143567606806755 268.74529983103275 28.765546426177025 75.054149523377419 14.090157717466353 39.480578452348709 78.516819432377815 49.955136761069298 14.863277494907377 16.78379225730896 27.515393570065498 172.91352920234203 25.080259814858437 38.17103485763073 14.38370008766651 20.817718520760536 18.490139409899712 61.999966755509377 17.273722574114799 31.375737830996513 32.412619844079018 30.883812874555588 28.298505261540413 32.58879292011261
leaf_count=233 831 54 156 601 90 719 191 1098 116 303 57 161 323 203 60 68 111 712 101 153 59 85 74 255 70 128 132 125 117 135
internal_value=0.000237257 -0.00601393 -0.013642 0.0145157 -0.00273022 -0.0208852 0.00795635 -0.00900587 -0.0116271 0.0103121 0.000500673 -0.0137938 -0.016477 -0.00763851 0.00728895 -0.00173636 -0.00664621 -0.0261176 0.012415 0.0375201 -0.0208337 -0.0228821 0.0448944 -0.0150321 -0.0137395 -0.0212793 -0.00931141 0.00290183 -0.030252 -0.0208376
internal_weight=1848.3 1622.1 1182.91 439.193 472.489 710.423 342.796 319.881 297.511 152.608 193.363 303.172 263.691 87.9732 139.114 64.0597 121.139 407.251 72.2238 96.3973 175.718 161.335 226.2 82.8177 62.7396 48.6495 49.1964 58.3992 234.337 60.8873
internal_count=7521 6616 4846 1770 1921 2925 1384 1304 1214 617 783 1242 1081 359 563 260 491 1683 292 386 722 663 905 340 255 198 200 236 971 252
cat_boundaries=0 1 2
cat_threshold=24 3
is_linear=0
shrinkage=0.03


Tree=6
num_leaves=31
num_cat=0
split_feature=20 16 20 1 13 19 19 6 15 25 20 1 21 24 15 5 8 15 9 9 11 15 3 10 15 25 2 10 1 20
split_gain=422.22 236.158 208.395 60.4832 47.989 21.8483 17.9752 18.9645 16.3284 15.5352 14.8331 14.7359 14.4307 10.8808 14.8084 11.7469 10.9172 15.7855 10.7571 10.2637 9.52273 8.90898 13.2375 10.9037 8.75611 8.44531 7.61282 7.5426 15.5192 7.364
threshold=70.250000000000014 1.0000000180025095e-35 50.750000000000007 21.500000000000004 1.5000000000000002 1.0000000180025095e-35 1.0000000180025095e-35 2.5000000000000004 2.5000000000000004 147.50000000000003 85.166666666666671 10.500000000000002 22.500000000000004 1.0000000180025095e-35 2.5000000000000004 -1.3586334281035672 9.5000000000000018 25.500000000000004 58.500000000000007 10.500000000000002 96.500000000000014 3.5000000000000004 88.500000000000014 78.500000000000014 1.5000000000000002 57.500000000000007 1.5000000000000002 83.500000000000014 12.500000000000002 78.583333333333357
decision_type=10 2 10 2 2 2 2 8 2 2 10 2 8 2 2 2 2 2 2 2 2 2 2 2 2 2 2 2 2 10
left_child=1 4 -3 5 19 13 7 21 -9 10 24 20 29 14 18 -15 -16 27 -2 25 -6 23 -23 -4 -5 -1 -20 28 -18 -7
right_child=3 2 6 9 11 12 -8 8 -10 -11 -12 -13 -14 15 16 -17 17 -19 26 -21 -22 22 -24 -25 -26 -27 -28 -29 -30 -31
leaf_value=0.008468404536425481 -0.012285495131895747 0.042483848651019111 -0.0035062614261732626 -0.037161701341541835 -0.012096812490951793 0.0082180156690863856 0.020535258577705866 0.0058309782422176857 0.02734262871024359 -0.002254245956205719 -0.033510227200319501 -0.024993555718100826 0.01859854930037004 0.01824846408021473 -0.027929973079787816 -0.0089840784976805612 0.0081115326057021302 -0.0182674173863107 -0.0059071629129218636 -0.013943563903498608 0.015117561069578265 0.016068964205612962 -0.00814331219084935 -0.031572834062448984 -0.017123511467198933 0.032467300803694185 -0.030639394035523838 0.014111110217899273 -0.013282642704477413 -0.018501258777158504
leaf_weight=52.635561913251877 106.02378152310848 293.16080372035503 52.562625199556351 23.130361214280128 92.274439841508865 15.289642021059988 89.634274050593376 98.011353448033333 46.530161619186401 25.723838612437248 149.28418406844139 99.382342919707298 39.414412349462509 21.420826464891434 20.396675512194633 38.153861105442047 56.542545557022095 59.44655305147171 13.878478571772574 12.516687765717505 12.345302015542982 41.198749229311943 38.325471624732018 15.45708781480789 141.28155583143234 17.16476371884346 71.94943793118 26.565337017178535 64.075163260102272 20.98339968919754
leaf_count=213 434 1174 213 96 377 62 360 396 187 106 621 412 159 87 84 156 229 245 57 51 50 166 155 63 583 69 297 109 263 86
internal_value=3.45787e-05 0.0138284 0.0235037 -0.0148023 -0.00897952 -0.0086683 0.00885395 0.00521139 0.0128962 -0.0247617 -0.0265944 -0.0167583 0.00624349 -0.0110353 -0.0127378 0.000947331 -0.00750109 -0.00535972 -0.0188635 0.010268 -0.00877274 -0.00235318 0.00444401 -0.0102493 -0.0201502 0.0147452 -0.0267543 -5.82685e-05 -0.00326936 -0.00732036
internal_weight=1854.76 961.2 674.881 893.56 286.319 554.14 381.72 292.085 144.542 339.42 313.696 204.002 75.6875 478.453 418.878 59.5747 227.026 206.63 191.852 82.317 104.62 147.544 79.5242 68.0197 164.412 69.8003 85.8279 147.183 120.618 36.273
internal_count=7560 3886 2714 3674 1172 2268 1540 1180 583 1406 1300 839 307 1961 1718 243 930 846 788 333 427 597 321 276 679 282 354 601 492 148
is_linear=0
shrinkage=0.03


Tree=7
num_leaves=31
num_cat=3
split_feature=18 20 1 20 26 22 22 0 1 26 11 1 5 24 26 8 0 20 8 25 23 20 23 24 23 20 23 10 10 11
split_gain=524.983 250.947 92.3043 75.1783 50.2136 33.6412 28.6247 22.6838 20.6263 16.658 16.7917 16.3955 14.7808 12.9712 11.7844 10.0065 9.75417 9.09225 8.58592 8.54556 13.0904 8.43703 8.00722 7.95326 7.93034 7.80514 7.30167 7.20935 7.94567 7.08774
threshold=1.0000000180025095e-35 70.250000000000014 11.500000000000002 53.750000000000007 0 0.75000000000000011 -0.74999999999999989 41.500000000000007 28.500000000000004 1 44.500000000000007 7.5000000000000009 -0.9337987728097793 1.0000000180025095e-35 2 16.500000000000004 369.50000000000006 45.250000000000007 48.500000000000007 82.500000000000014 -133.49999999999997 78.583333333333357 -70.499999999999986 1.0000000180025095e-35 -129.49999999999997 61.250000000000007 -86.499999999999986 62.500000000000007 37.500000000000007 82.500000000000014
decision_type=2 8 2 10 1 8 8 2 2 1 2 2 2 2 1 2 2 10 2 2 10 8 10 2 10 10 10 2 2 2
left_child=1 3 4 17 7 24 -4 -3 9 10 18 15 25 21 -14 23 -2 -1 -8 -11 -21 -10 -13 -6 -5 -7 -9 28 -27 -12
right_child=16 2 6 5 11 12 8 26 13 19 29 22 14 -15 -16 -17 -18 -19 -20 20 -22 -23 -24 -25 -26 27 -28 -29 -30 -31
leaf_value=0.046154030314064509 0.043852873681184672 0.049813668848051267 0.0073812322475507453 -0.004609531305162581 -0.0033297010867305962 0.025491004699170417 0.022196665959126661 -0.0028246623435175698 -0.017925970729130877 -0.026338960784224465 -0.026528815746887941 -0.030090278749207045 0.0021387900868996188 -0.0051749245903738913 -0.015434190242257669 -0.021331823687053122 0.01502054715414051 0.026583999964323791 -0.0036238627940597232 0.010377217043295254 -0.019929002469621773 -0.035841564672783308 -0.012430633250699673 0.019846194119528562 0.019210883045357063 0.00012750908508172125 0.01380054558133788 -0.013115073803362229 0.027394525667248277 -0.011296675567583427
leaf_weight=45.865331262350082 217.81261537969112 12.983928382396696 32.935671210289001 13.433473944664 157.17822866141796 18.402491867542267 12.964108318090437 32.415273129940033 32.760344132781029 220.08735769987106 43.416470214724541 36.022221788764 65.373293980956078 17.872613802552223 63.547765716910362 25.123914390802383 12.493238553404806 51.450310274958611 67.215641587972641 14.509365245699881 82.535549640655518 131.58448272943497 69.041912496089935 13.5567230284214 139.75288969278336 26.427444010972977 85.211978256702423 16.077481180429459 14.130390077829359 80.133041828870773
leaf_count=184 874 52 134 54 641 74 53 131 136 915 179 148 264 74 259 103 50 206 276 60 342 551 283 55 561 107 344 65 57 332
internal_value=7.72229e-05 -0.0059489 -0.0133082 0.0129455 -0.00228366 0.00653037 -0.0197602 0.0126542 -0.0210403 -0.0179342 -0.00946353 -0.00891161 -0.00145704 -0.0297727 -0.00759875 -0.00403874 0.0423605 0.0361831 0.000773007 -0.0223296 -0.0153382 -0.0324003 -0.018712 -0.00138464 0.0171056 0.00905607 0.00923384 0.00336625 0.010058 -0.0168194
internal_weight=1852.32 1622.01 1167.55 454.461 431.534 357.145 736.015 130.611 703.079 520.862 203.729 300.923 203.959 182.217 128.921 195.859 230.306 97.3156 80.1797 317.132 97.0449 164.345 105.064 170.735 153.186 75.0378 117.627 56.6353 40.5578 123.55
internal_count=7564 6640 4809 1831 1757 1441 3052 527 2918 2157 840 1230 826 761 523 799 924 390 329 1317 402 687 431 696 615 303 475 229 164 511
cat_boundaries=0 1 2 3
cat_threshold=24 16 20
is_linear=0
shrinkage=0.03


Tree=8
num_leaves=31
num_cat=3
split_feature=18 22 1 22 1 26 26 15 1 2 24 26 15 24 23 1 8 11 13 8 5 23 11 11 23 4 23 4 5 2
split_gain=501.014 143.39 83.5155 40.1708 31.3422 33.5211 26.7716 25.3511 20.8959 14.0282 13.3711 11.5655 14.2144 11.0401 10.4126 9.95452 9.17887 9.38153 8.57949 8.32594 8.02065 7.34753 7.33748 7.24714 7.19376 7.07859 7.04368 6.84361 6.82477 6.53566
threshold=1.0000000180025095e-35 1.0000000180025095e-35 8.5000000000000018 -0.74999999999999989 28.500000000000004 0 1 20.500000000000004 13.500000000000002 42.500000000000007 1.0000000180025095e-35 2 12.500000000000002 1.0000000180025095e-35 -83.499999999999986 2.5000000000000004 27.500000000000004 41.500000000000007 96.500000000000014 48.500000000000007 -1.1500949411340451 -96.499999999999986 45.500000000000007 5.5000000000000009 -44.499999999999993 1.0000000180025095e-35 -52.499999999999993 123.50000000000001 -0.9337987728097793 3.5000000000000004
decision_type=2 8 2 10 2 1 1 2 2 2 2 1 2 2 10 2 2 2 2 2 2 10 2 2 10 2 10 2 2 2
left_child=1 3 6 9 5 7 15 14 -5 -1 29 12 -10 20 -4 -3 -14 -18 -9 -2 -6 -17 23 -16 27 -8 -11 -20 -23 -7
right_child=19 2 4 8 13 10 25 18 11 26 -12 -13 16 -15 22 21 17 -19 24 -21 -22 28 -24 -25 -26 -27 -28 -29 -30 -31
leaf_value=0.029187980463826466 0.043055201097847585 0.0051701046075870449 0.012128876634810024 0.010059664761867489 -0.0084868248057365665 -0.010900378193773201 0.028953933193133847 -0.019445675642287406 0.016535669500975431 0.020616210389367368 0.00071363269121196892 -0.016312056672946273 -0.024472210209121326 -0.0053007838712971307 -0.0037760147834842665 -0.021995948846555643 0.0048598450072612565 -0.019862789815929403 0.014101886556608359 0.021435114304894032 -0.032687010276440463 0.0028894988788951649 -0.014757331669171373 0.01755475770367031 -0.018952798750003906 0.010254394903648023 -0.0036210259766854881 -0.0088799996689368464 -0.011363782580938857 -0.024552016607895459
leaf_weight=85.63289138674736 208.99484886229038 65.670542374253273 57.317894145846367 167.2780901491642 14.40812937915325 38.562422692775726 24.798362672328949 111.68345801532269 34.668785691261292 19.30042564868927 23.346189707517624 43.0488590747118 17.784998521208763 17.867492228746414 53.388619899749756 29.296801179647446 57.480843171477318 17.089359879493713 19.658417910337448 20.676802054047585 141.67838580906391 51.397027119994164 34.610022723674774 18.479354351758957 23.653883710503578 69.571399554610252 22.502833440899849 25.789967566728592 71.286260426044464 259.65981531143188
leaf_count=344 841 266 234 676 60 159 100 462 141 78 96 177 73 74 218 120 235 70 81 83 595 210 142 75 98 281 91 107 292 1078
internal_value=-0.000152428 -0.00604955 -0.0117211 0.00800414 -0.0166385 -0.0136405 0.00152985 -0.00643069 0.00255998 0.0222839 -0.0204878 -0.00483214 0.000398478 -0.027976 0.00193212 -0.00433744 -0.00572874 -0.000993742 -0.0143303 0.0412102 -0.0305214 -0.00873611 -0.00361866 0.00187439 -0.00590327 0.0139569 0.00778944 0.00115026 -0.00541742 -0.0228291
internal_weight=1846.58 1616.91 1152.12 464.787 840.104 666.15 312.02 344.582 337.351 127.436 321.568 170.073 127.024 173.954 163.796 217.651 92.3552 74.5702 180.786 229.672 156.087 151.98 106.478 71.868 69.1023 94.3698 41.8033 45.4484 122.683 298.222
internal_count=7557 6633 4748 1885 3479 2750 1269 1417 1372 513 1333 696 519 729 669 888 378 305 748 924 655 622 435 293 286 381 169 188 502 1237
cat_boundaries=0 1 2 3
cat_threshold=20 34 20
is_linear=0
shrinkage=0.03


Tree=9
num_leaves=31
num_cat=2
split_feature=18 20 22 20 6 22 22 5 5 8 26 15 26 20 20 14 5 10 11 0 20 9 3 23 10 22 0 11 4 5
split_gain=466.661 235.193 70.6328 61.3378 30.874 28.0847 22.4291 20.7036 16.2383 17.5854 37.3387 17.1486 14.5117 13.4985 12.9034 11.9722 11.3264 9.92765 9.89499 9.27184 9.26133 9.0334 9.01658 8.80413 8.50092 8.39771 8.17828 9.35011 7.7694 7.50286
threshold=1.0000000180025095e-35 70.750000000000014 1.0000000180025095e-35 53.750000000000007 26.500000000000004 -0.74999999999999989 1.0000000180025095e-35 -0.60581783853575255 -4.6586997221347941 71.500000000000014 0 22.500000000000004 1 62.750000000000007 79.750000000000014 5.5000000000000009 -0.89734386450357151 50.500000000000007 2.5000000000000004 435.50000000000006 45.250000000000007 60.500000000000007 20.500000000000004 -74.499999999999986 35.500000000000007 109.75000000000001 435.50000000000006 8.5000000000000018 13.500000000000002 1.0972329774485703
decision_type=2 8 10 10 8 8 10 2 2 2 1 2 1 10 8 2 2 2 2 2 10 2 2 10 2 10 2 2 2 2
left_child=1 3 4 20 5 19 23 15 -7 10 28 -11 22 16 21 26 -14 -15 -17 -3 -1 -12 -8 -5 -2 -20 27 -4 -10 -9
right_child=24 2 7 6 -6 8 12 29 9 11 14 -13 13 17 -16 18 -18 -19 25 -21 -22 -23 -24 -25 -26 -27 -28 -29 -30 -31
leaf_value=0.04449031062123962 0.043962551067475167 0.017798067151564793 -0.0054386180285608335 0.0046580331121997658 0.021914560710271706 0.022943680022488925 0.025533177727598885 -0.025842955243662369 0.035972320533062013 -0.022995474152345971 0.013375354072918465 0.0047715929638873561 0.025094097762720306 -0.0066150716569822821 -0.015663966150018284 -0.024519326175632038 -0.0066332835040640937 -0.030825420719204469 -0.0044730098982068587 -0.010582904261432463 0.024720097316980473 -0.0123871702743115 0.0041656219520415259 0.020841402293730358 0.028525077823767928 -0.027703227546744272 -0.02630020674219443 0.020507381105112538 0.009893408849467579 -0.013262749094501999
leaf_weight=44.703485146164894 174.472780585289 50.440684929490089 67.998111739754677 43.600431054830551 36.006011098623276 12.841023713350294 23.187281250953674 308.87939415872097 12.425018280744551 123.3822828233242 26.504435271024704 23.489506244659424 16.108166262507439 42.906802088022232 171.96693360805511 88.726346284151077 24.054543301463127 23.307690009474754 62.387925922870636 12.257576882839201 50.929383516311646 21.103517130017281 69.056181281805038 103.26202739775181 49.189777091145515 17.267618581652641 12.073601216077803 14.26715177297592 50.10111790895462 53.440652847290039
leaf_count=180 705 203 279 175 145 52 93 1295 50 514 108 97 65 175 709 370 98 96 259 50 204 87 279 414 198 72 50 58 203 222
internal_value=0.000209801 -0.00544991 -0.0125088 0.0131879 -0.00455455 -0.00648322 0.00725433 -0.0193691 -0.00915189 -0.0101638 -0.00574626 -0.0185524 0.000665184 -0.00661646 -0.0113424 -0.0128759 0.0063922 -0.015469 -0.0176503 0.0121705 0.0343264 0.00193552 0.00880836 0.0161009 0.0407095 -0.00978986 -0.00425853 -0.000746591 0.0134441 -0.024029
internal_weight=1830.34 1606.67 1165.56 441.116 540.518 504.512 345.483 625.041 441.814 428.973 282.101 146.872 198.621 106.377 219.575 262.721 40.1627 66.2145 168.382 62.6983 95.6329 47.608 92.2435 146.862 223.663 79.6555 94.3389 82.2653 62.5261 362.32
internal_count=7505 6602 4823 1779 2218 2073 1395 2605 1820 1768 1157 611 806 434 904 1088 163 271 701 253 384 195 372 589 903 331 387 337 253 1517
cat_boundaries=0 1 2
cat_threshold=24 20
is_linear=0
shrinkage=0.03


Tree=10
num_leaves=31
num_cat=2
split_feature=20 26 20 22 1 22 1 20 25 26 3 6 5 5 20 1 9 24 5 24 22 22 24 25 25 13 2 10 20 3
split_gain=359.206 213.986 159.705 57.2384 37.3526 23.6186 20.8483 20.8266 20.6467 18.382 24.819 17.0273 16.0079 14.4154 13.1943 12.7869 11.2933 10.4649 11.9714 10.3722 9.03105 8.64537 7.94959 7.65938 7.40964 7.14249 6.98538 6.86005 6.58608 9.53631
threshold=70.750000000000014 0 55.250000000000007 1.0000000180025095e-35 6.5000000000000009 0.75000000000000011 13.500000000000002 84.416666666666671 57.500000000000007 1 142.50000000000003 30.500000000000004 -0.97237349126337758 -1.8441792425499044 62.750000000000007 4.5000000000000009 124.50000000000001 1.0000000180025095e-35 0.16271120021731392 1.0000000180025095e-35 1.7500000000000002 -2.4999999999999996 1.0000000180025095e-35 102.50000000000001 82.500000000000014 43.500000000000007 6.5000000000000009 9.5000000000000018 78.583333333333357 37.500000000000007
decision_type=10 1 10 10 2 10 2 10 2 1 2 8 2 2 10 2 2 2 2 2 10 10 2 2 2 2 2 2 10 2
left_child=1 2 20 6 8 24 21 9 11 10 26 27 14 -6 -7 -11 -9 18 -14 28 -1 -2 -17 -23 -4 -20 -5 -3 29 -8
right_child=3 4 5 7 13 12 19 16 -10 15 -12 -13 17 -15 -16 22 -18 -19 25 -21 -22 23 -24 -25 -26 -27 -28 -29 -30 -31
leaf_value=0.038669595458365187 0.025422845114056677 -0.02112900148965742 0.010981536831601449 0.02384068998976489 -0.0019645003052358311 0.032688728929435924 -0.024770678806587905 -0.018357186652537199 0.023453949541002873 0.0025497403479053729 -0.021673156765498854 0.016365426289332543 -0.018537199512717525 -0.022248670201389497 0.0031067256043147127 -0.024602855585225229 -0.031218935862485427 0.016217050356916222 -0.0090215373060944532 0.0096759274671660029 0.019037879349920902 -0.0021381070473165038 -0.0042026888407694632 0.015810644203495077 0.025596085545146422 0.015752707356047398 0.00091039102162706188 -0.0026373094772496053 -0.018726054000208315 0.0057297875801657107
leaf_weight=301.0185015052557 18.724818870425224 31.818012252449989 85.32087516784668 13.084627538919447 41.560570597648621 18.406534090638161 12.331098988652228 119.13482464849949 33.900127410888672 19.758243352174759 49.87366084754467 27.624903693795204 59.771475911140442 132.41915352642536 45.942391708493233 179.0586234331131 142.26504783332348 14.751372963190077 21.630347311496735 19.870980679988861 25.858603790402412 66.695967108011246 19.514231950044632 30.371486872434616 51.135916918516159 18.531610682606697 79.738672763109207 40.876968100667 73.935258105397224 29.113506004214287
leaf_count=1218 75 130 342 53 171 74 51 497 137 81 210 111 244 554 186 752 604 60 88 81 104 271 81 123 205 75 327 168 307 119
internal_value=-0.000232467 0.012523 0.0221702 -0.0141122 -0.00804781 0.00725155 -0.00200858 -0.0189829 0.00357307 -0.0142435 -0.00451084 -0.00331026 7.0182e-05 -0.0174421 0.0119392 -0.019462 -0.0254494 -0.00663507 -0.0101356 -0.00997404 0.0371794 0.0073012 -0.0226292 0.00358184 0.0166046 0.00251483 0.00436236 -0.0109079 -0.0134123 -0.00371487
internal_weight=1824.04 950.567 642.368 873.471 308.2 315.491 251.043 622.428 134.22 361.028 142.697 100.32 179.034 173.98 64.3489 218.331 261.4 114.685 99.9334 135.251 326.877 115.792 198.573 97.0675 136.457 40.162 92.8233 72.695 115.38 41.4446
internal_count=7499 3867 2596 3632 1271 1274 1027 2605 546 1504 590 409 727 725 260 914 1101 467 407 558 1322 469 833 394 547 163 380 298 477 170
cat_boundaries=0 1 2
cat_threshold=22 16
is_linear=0
shrinkage=0.03


Tree=11
num_leaves=31
num_cat=2
split_feature=18 20 2 20 22 22 8 13 26 26 8 3 4 22 6 4 22 6 4 3 6 25 9 24 10 20 20 22 2 20
split_gain=409.627 215.958 63.1482 48.632 27.8916 19.7347 16.0817 16.8046 16.5139 15.2706 32.5328 17.0857 15.1188 12.4274 11.3556 13.4309 11.0869 10.9843 10.0757 9.75387 9.43472 8.52465 8.2684 8.12058 7.73759 7.05747 7.01841 6.94769 6.5434 6.39847
threshold=1.0000000180025095e-35 70.250000000000014 34.500000000000007 55.250000000000007 0.75000000000000011 1.0000000180025095e-35 71.500000000000014 37.500000000000007 0 1 167.50000000000003 145.50000000000003 18.500000000000004 109.75000000000001 2.5000000000000004 49.500000000000007 -0.74999999999999989 29.500000000000004 5.5000000000000009 1.5000000000000002 1.5000000000000002 82.500000000000014 42.500000000000007 1.0000000180025095e-35 83.500000000000014 86.833333333333357 39.750000000000007 0.75000000000000011 13.500000000000002 77.833333333333357
decision_type=2 8 2 10 10 10 2 2 1 1 2 2 2 8 8 2 8 8 2 2 8 2 2 2 2 10 10 10 2 10
left_child=1 3 5 26 -5 6 8 -8 18 10 13 -12 27 -4 23 22 -10 21 -3 28 -2 -18 -16 -6 -15 -14 -1 -11 -7 -21
right_child=20 2 9 4 14 19 7 -9 16 12 11 -13 25 24 15 -17 17 -19 -20 29 -22 -23 -24 -25 -26 -27 -28 -29 -30 -31
leaf_value=0.043505650225789443 0.019404722388862785 0.037847652821182236 0.0028662012794378319 0.016553106816580686 -0.011097587794415867 -0.0066454343430568255 -0.021793333344515643 0.011969650407461731 0.01735616122823716 0.0049985138871923296 -0.0091162912540680967 -0.030993042079208187 -0.023655807822138421 -0.02267995870288108 0.0064347862713306867 0.023027937290565913 -0.0097479747525352975 0.014216481718503928 0.010576981334009257 -0.0065232654941550219 0.039986908761539368 0.010603084838878552 -0.017336642416893758 0.013545762253455588 0.0031641758567479868 -0.035416446662546106 0.024809336708383489 -0.018040054973420736 0.017499415136011248 -0.019285144053081345
leaf_weight=25.365270659327507 25.430479511618614 16.122772410511971 107.4677305072546 144.75839684903622 87.236616507172585 32.740532949566841 48.704682007431984 17.366093203425407 24.664702013134956 20.710527002811432 52.731047704815865 85.943114668130875 213.16540372371674 34.764415860176086 38.062554180622101 29.528054177761078 128.41044510900974 25.16226364672184 47.03896301984787 54.782340094447136 203.15682773292065 20.77310736477375 18.876821503043175 13.067832499742506 14.400938063859938 65.943652138113976 90.999923765659332 25.297739252448082 13.419843956828116 106.58068236708641
leaf_count=103 103 65 444 580 356 134 203 71 99 85 221 367 900 145 154 119 529 101 190 228 828 85 77 53 61 281 366 106 55 445
internal_value=0.000310769 -0.00505059 -0.0118995 0.0126162 0.00671776 -0.00434259 0.000241516 -0.0128729 0.00358287 -0.0184077 -0.0118703 -0.0227992 -0.0232153 -0.00286433 -0.000952721 0.00697128 -0.00101543 -0.00375653 0.0155898 -0.0115597 0.0377916 -0.00686245 -0.00160924 -0.00778499 -0.0151978 -0.026551 0.0292207 -0.00778357 0.000596228 -0.0150194
internal_weight=1832.67 1604.09 1156.19 447.895 331.53 535.766 328.243 66.0708 262.172 620.425 295.307 138.674 325.117 156.633 186.772 86.4674 199.011 174.346 63.1617 207.523 228.587 149.184 56.9394 100.304 49.1654 279.109 116.365 46.0083 46.1604 161.363
internal_count=7554 6623 4815 1808 1339 2205 1343 274 1069 2610 1238 588 1372 650 759 350 814 715 255 862 931 614 231 409 206 1181 469 191 189 673
cat_boundaries=0 1 2
cat_threshold=24 48
is_linear=0
shrinkage=0.03


Tree=12
num_leaves=31
num_cat=3
split_feature=18 22 1 1 1 26 26 15 10 26 22 8 24 13 15 24 6 23 6 6 23 1 13 23 0 9 23 0 15 24
split_gain=387.224 125.581 66.4522 26.0074 23.6528 30.4531 18.6575 15.9256 15.8793 13.2617 12.6669 11.1005 10.9401 10.505 10.1544 9.59452 10.1415 8.9325 8.29823 7.96845 6.62422 10.4437 6.63203 6.59824 6.53606 9.0942 6.51547 11.9323 6.4575 6.05975
threshold=1.0000000180025095e-35 1.0000000180025095e-35 8.5000000000000018 13.500000000000002 28.500000000000004 0 1 25.500000000000004 9.5000000000000018 2 -0.74999999999999989 16.500000000000004 1.0000000180025095e-35 125.50000000000001 30.500000000000004 1.0000000180025095e-35 2.5000000000000004 -87.499999999999986 5.5000000000000009 7.5000000000000009 -31.499999999999996 23.500000000000004 61.500000000000007 -32.499999999999993 401.50000000000006 41.500000000000007 -43.499999999999993 1111.5000000000002 12.500000000000002 1.0000000180025095e-35
decision_type=2 8 2 2 2 1 1 2 2 1 10 2 2 2 2 2 10 10 8 8 10 2 2 10 2 2 10 2 2 2
left_child=1 3 6 10 5 7 11 20 -8 14 -1 19 26 -9 29 16 -7 -16 28 -3 21 22 24 -21 25 -4 -6 -28 -12 -5
right_child=-2 2 4 9 12 15 8 13 -10 -11 18 -13 -14 -15 17 -17 -18 -19 -20 23 -22 -23 -24 -25 -26 -27 27 -29 -30 -31
leaf_value=0.024819685562168878 0.03713597052654162 -0.0085041290708285765 -0.0063341979232521394 0.0071803818881349896 -0.031479635923667711 -0.022470471205364145 0.037848692137380673 -0.01779557236249963 0.0066662336488059982 -0.01160893236983866 0.017084364756061583 -0.025158921323012839 -0.0024465456328519879 0.0059490833589062667 0.015553899845853293 -0.0016693557083954564 -0.012434188264018486 -0.01129367168519752 1.0385334123695377e-05 -0.001760037004268665 -0.0070801080157675608 -0.017140395083986924 0.022445214502443113 0.013291972637635882 -0.013167585851574303 0.022387681208746523 -0.00062093814901622657 -0.031259847651674423 -0.0048201978569288291 0.026739280822654872
leaf_weight=75.742628827691078 218.27102170884609 86.616572394967079 16.029109761118889 84.047064483165741 110.74206522107124 245.96933645009995 17.570374011993408 72.664135426282883 73.631893843412399 51.104081690311432 99.49144634604454 18.983487710356712 17.668488726019859 21.168251782655716 13.720196619629858 32.425730243325233 150.96033327281475 45.599377393722534 51.997212573885918 74.394334882497787 36.430060356855392 12.218416348099707 30.866401389241219 39.306319355964661 12.615913733839987 23.594394415616989 21.134408339858055 24.046039417386055 13.335169702768324 16.551331967115402
leaf_count=304 894 357 65 343 475 1038 71 305 298 211 402 79 74 89 56 134 631 188 210 303 150 51 127 160 52 96 90 104 54 67
internal_value=-0.00023954 -0.00538845 -0.0106936 0.00798675 -0.015125 -0.0124808 0.00114145 -0.00292446 0.0117451 0.000290992 0.0147082 -0.0036683 -0.0249724 -0.0124326 0.00457915 -0.0170199 -0.0186943 -0.00492911 0.00993997 -0.00169905 0.00366939 0.00780838 0.0116366 0.00351396 0.00494853 0.0108988 -0.0274931 -0.0172514 0.0144758 0.0106299
internal_weight=1808.9 1590.62 1139.04 451.589 828.533 654.942 310.503 225.587 91.2023 211.022 240.566 219.301 173.591 93.8324 159.918 429.355 396.93 59.3196 164.824 200.317 131.754 95.3242 83.1058 113.701 52.2394 39.6235 155.923 45.1804 112.827 100.598
internal_count=7478 6584 4749 1835 3481 2738 1268 935 369 865 970 899 743 394 654 1803 1669 244 666 820 541 391 340 463 213 161 669 194 456 410
cat_boundaries=0 1 2 3
cat_threshold=16 34 20
is_linear=0
shrinkage=0.03


Tree=13
num_leaves=31
num_cat=2
split_feature=18 20 1 20 22 26 26 15 6 14 20 22 22 0 20 13 11 11 8 20 8 4 2 13 0 1 4 11 15 1
split_gain=351.994 202.037 72.2468 49.5748 28.3901 25.9752 23.1884 18.2174 16.7814 15.1504 14.2934 13.559 13.0123 12.8106 11.0922 12.8108 11.5137 9.68281 9.06848 12.6887 9.00286 8.85078 8.78583 8.16705 7.58197 7.53703 8.69447 7.61452 7.18148 6.59949
threshold=1.0000000180025095e-35 70.750000000000014 8.5000000000000018 50.750000000000007 1.0000000180025095e-35 0 1 13.500000000000002 29.500000000000004 5.5000000000000009 84.416666666666671 1.7500000000000002 -0.74999999999999989 47.500000000000007 78.583333333333357 49.500000000000007 1.0000000180025095e-35 1.0000000180025095e-35 24.500000000000004 62.750000000000007 56.500000000000007 12.500000000000002 35.500000000000007 23.500000000000004 358.50000000000006 14.500000000000002 60.500000000000007 54.500000000000007 66.500000000000014 16.500000000000004
decision_type=2 8 2 10 8 1 1 2 8 2 8 10 8 2 10 2 2 2 2 10 2 2 2 2 2 2 2 2 2 2
left_child=1 3 6 -1 14 7 13 -5 12 25 17 18 -8 -3 15 20 24 22 19 -7 -4 -2 -11 -15 -16 26 -6 -28 -9 -13
right_child=21 2 4 5 9 11 8 28 -10 10 -12 29 -14 23 16 -17 -18 -19 -20 -21 -22 -23 -24 -25 -26 -27 27 -29 -30 -31
leaf_value=0.0343696567208941 0.039482079399877877 0.041577312987276661 0.0021003530461414155 0.026264318405813281 -0.013620070008473158 0.020302957022443502 0.019561834092418719 0.010569232129947479 0.017330109691511317 -0.0068917139014165879 -0.026492727275141251 -0.0052848578982552068 -0.0091093509990243793 0.0031104658368024006 -0.0094341964543631432 0.019113575763221549 0.00049451355490670156 -0.01020984097748245 -0.015147244122156409 -0.00032316047880575613 -0.027258252042796381 0.025123613700908681 -0.028650032278948957 0.025285245011274871 -0.029219578464533894 -0.017792953702947974 0.020573784202417449 -0.0046092641480062991 -0.012625481694952992 -0.026897644943154417
leaf_weight=77.172067672014236 162.03298644721508 13.29411059617996 32.829517260193825 87.273803979158401 58.824386328458786 45.515967398881912 14.492709606885908 85.411706760525703 28.406370118260384 23.13767708837986 245.56664223968983 42.507444202899933 185.57034012675285 48.142685025930405 40.137908592820168 28.52925643324852 47.387561216950417 125.21735809743404 16.056849509477615 63.393764868378639 12.102582946419714 60.757162988185883 67.203561425209045 20.906961545348167 31.938742935657501 90.977650612592697 14.875259041786192 33.025113373994827 13.089524984359739 17.571924954652786
leaf_count=313 669 54 134 350 246 183 58 344 114 98 1057 174 766 194 165 116 195 529 65 256 50 249 288 84 135 386 61 137 53 73
internal_value=0.000440425 -0.00445565 -0.0110496 0.0126425 -0.0155627 0.00804052 0.00132848 0.0155196 -0.00370341 -0.0185243 -0.0215121 -0.000327647 -0.00694543 0.0139387 -0.00540579 0.00373764 -0.0110127 -0.0157419 0.00528107 0.00840328 -0.00622875 0.0356961 -0.0232139 0.0100897 -0.0184814 -0.0114824 -0.00598775 0.00347203 0.00739105 -0.011943
internal_weight=1833.35 1610.56 1162.57 447.993 851.753 370.821 310.813 185.775 228.469 658.828 461.125 185.046 200.063 82.3438 192.926 73.4614 119.464 215.559 124.967 108.91 44.9321 222.79 90.3412 69.0496 72.0767 197.702 106.725 47.9004 98.5012 60.0794
internal_count=7596 6678 4867 1811 3597 1498 1270 747 938 2802 1972 751 824 332 795 300 495 915 504 439 184 918 386 278 300 830 444 198 397 247
cat_boundaries=0 1 2
cat_threshold=20 24
is_linear=0
shrinkage=0.03


Tree=14
num_leaves=31
num_cat=2
split_feature=18 20 1 20 26 20 9 22 26 0 22 22 12 6 6 13 25 8 0 8 20 5 25 6 20 0 24 8 8 3
split_gain=349.864 181.109 70.4573 56.9194 33.4839 20.1029 19.6539 17.8713 16.791 16.64 14.1059 13.9634 14.718 11.9246 11.0868 10.2381 9.93137 8.7058 8.67886 7.74887 10.9249 7.6569 7.68183 7.38166 8.2527 7.37805 7.25337 7.08045 7.2042 6.90564
threshold=1.0000000180025095e-35 70.250000000000014 12.500000000000002 53.750000000000007 0 84.416666666666671 9.5000000000000018 -0.74999999999999989 1 74.500000000000014 1.0000000180025095e-35 117.25000000000001 1.0000000180025095e-35 2.5000000000000004 2.5000000000000004 39.500000000000007 82.500000000000014 39.500000000000007 57.500000000000007 29.500000000000004 61.750000000000007 -2.4827088440514808 142.50000000000003 29.500000000000004 88.166666666666671 1257.5000000000002 1.0000000180025095e-35 15.500000000000002 251.50000000000003 51.500000000000007
decision_type=2 8 2 10 1 8 2 10 1 2 10 8 2 8 10 2 2 2 2 2 10 2 2 8 8 2 2 2 2 2
left_child=1 3 4 -1 9 7 -5 -4 19 -3 23 17 -13 15 -10 -2 26 -11 -12 20 -8 -7 25 24 -6 -23 -9 -18 -29 -22
right_child=13 2 5 6 10 21 8 16 14 11 18 12 -14 -15 -16 -17 27 -19 -20 -21 29 22 -24 -25 -26 -27 -28 28 -30 -31
leaf_value=0.032076474005612546 0.0311877080988536 0.035511191087502787 0.013128840451348073 0.021138044657731857 0.0028803475283992372 -0.0035432002586557707 0.010518361704214673 -0.019563066238353626 0.0036447581008611169 -0.00029254089454566258 -0.0011492368962245654 0.011705138254632765 -0.018230122042170154 0.038061266984310289 0.020811466166363222 0.0011637863470383893 -0.019138662529089145 0.021928514483807442 -0.020667354063817735 -0.024172119732441405 -0.0046710312355470757 -0.022372791084077363 -0.0030838692891947878 0.010507217826359392 -0.010244305742002665 -0.03666528222951318 0.0036230559137553848 0.00096112176086955747 -0.021206581357090679 -0.027534057619714183
leaf_weight=94.53198704123497 25.683751583099365 18.932294338941574 23.219623789191246 61.39583894610405 68.742478996515274 19.186593100428581 38.086640402674675 178.42002949118614 95.546713128685951 23.391407668590546 26.927473247051239 25.783529609441757 32.120048895478249 186.74165534973145 51.917329579591751 16.698447376489639 31.279762983322144 48.165437772870064 86.614595293998718 16.166825115680695 68.992547571659088 274.83439886569977 16.502255067229271 30.193609401583672 113.06691440939903 39.59079746901989 12.717471137642859 77.810803204774857 14.869987308979033 13.531411901116369
leaf_count=384 106 77 94 247 279 81 154 759 385 94 111 105 132 776 208 68 133 194 364 66 281 1182 70 121 469 175 53 325 63 56
internal_value=0.000165845 -0.00479848 -0.0110026 0.0115728 -0.00209337 -0.0171241 0.00588865 -0.01185 0.00253224 0.00933877 -0.00737718 0.00598428 -0.00492801 0.0347573 0.00917039 0.0196579 -0.0137264 0.0147607 -0.0160889 -0.0049458 -0.00259779 -0.0221722 -0.0232383 -0.00300416 -0.00529324 -0.024283 -0.0180095 -0.00703096 -0.00278394 -0.00870464
internal_weight=1831.66 1602.54 1162.37 440.169 473.938 688.432 345.637 338.318 284.241 148.393 325.545 129.46 57.9036 229.124 147.464 42.3822 315.098 71.5568 113.542 136.777 120.611 350.114 330.927 212.003 181.809 314.425 191.138 123.961 92.6808 82.524
internal_count=7612 6662 4881 1781 1946 2935 1397 1427 1150 602 1344 525 237 950 593 174 1333 288 475 557 491 1508 1427 869 748 1357 812 521 388 337
cat_boundaries=0 1 2
cat_threshold=24 3
is_linear=0
shrinkage=0.03


Tree=15
num_leaves=31
num_cat=3
split_feature=18 22 1 24 1 1 26 26 0 26 0 10 11 3 0 3 5 10 0 1 14 3 13 2 1 5 9 8 3 23
split_gain=353.312 100.363 54.8944 25.4574 25.3477 18.527 17.9556 17.6663 10.7869 10.5123 9.7506 17.103 13.5183 9.39145 9.3273 9.0623 8.72087 8.4743 7.87532 7.84816 7.15071 9.31492 7.11487 7.3265 6.52025 6.38966 6.27388 7.06568 7.76167 6.35527
threshold=1.0000000180025095e-35 1.0000000180025095e-35 8.5000000000000018 1.0000000180025095e-35 14.500000000000002 28.500000000000004 0 1 49.500000000000007 2 383.50000000000006 63.500000000000007 1.5000000000000002 10.500000000000002 469.50000000000006 110.50000000000001 -2.8065292935569111 45.500000000000007 383.50000000000006 23.500000000000004 11.500000000000002 71.500000000000014 9.5000000000000018 10.500000000000002 6.5000000000000009 -1.1852481493051279 41.500000000000007 1.0000000180025095e-35 16.500000000000004 -85.499999999999986
decision_type=2 8 2 2 2 2 1 1 2 1 2 2 2 2 2 2 2 2 2 2 2 2 2 2 2 2 2 2 2 10
left_child=1 4 6 5 16 7 24 10 -8 15 12 -12 -4 -5 -13 19 -1 -14 -2 -6 22 -22 23 -18 -3 -7 -9 28 -28 -29
right_child=18 2 3 13 9 25 8 26 -10 -11 11 14 17 -15 -16 -17 20 -19 -20 -21 21 -23 -24 -25 -26 -27 27 29 -30 -31
leaf_value=0.0011082010446114693 0.036895489994932695 -0.0011134672753438347 -0.014142642517695002 0.024953435036768789 0.013826499484719146 -0.005427955345746637 0.033161058969990526 -0.010857048619558197 0.0072959282670077867 -0.012303079019873077 -0.032960911454264094 0.016871735156909023 -0.0023478836148333026 -0.0023071576769033409 -0.0077577887286100471 -0.0059658176248187627 0.014944478911617163 0.027581835754367384 0.011733341111127633 -0.0053880673902648619 -0.0091572054688329827 0.022523368329573037 0.022141761775231545 -0.0091573123845315966 -0.013215131671481348 -0.026753904032816165 -0.024571161361362469 -0.013943822845475825 0.0034976816555839494 -0.024543911422716655
leaf_weight=46.33397313952446 206.62743347883224 171.05362060666084 19.099480375647545 12.71810334920883 69.43279767036438 14.522849380969999 17.32044517993927 111.50213271379471 74.468626976013184 45.460167288780212 21.797833889722824 14.98826242983341 13.280208706855772 65.810229137539864 103.80484844744205 62.580624014139175 47.023498892784119 22.014471530914307 13.063941508531569 25.644920095801353 21.435085460543633 12.325612902641295 118.54722340404987 14.118146553635595 51.415769204497337 140.5442533493042 13.014721587300299 79.827819779515266 23.574174821376801 170.13822886347771
leaf_count=187 864 701 78 52 283 62 71 469 301 189 91 62 54 275 439 258 190 90 53 106 87 50 479 57 214 616 55 341 100 727
internal_value=-0.000130922 -0.00502518 -0.00980309 -0.0138563 0.00674649 -0.01556 0.000868753 -0.0131052 0.0112671 -0.00119377 -0.00474669 -0.00914424 0.0057225 0.0023661 -0.00453535 0.00267383 0.0129356 0.0165659 0.0354592 0.0086417 0.0154858 0.0027242 0.0178552 0.00932136 -0.00378747 -0.0248042 -0.0166414 -0.0194254 -0.00687451 -0.0212278
internal_weight=1823.49 1603.8 1140.9 826.638 462.902 748.109 314.258 593.042 91.7891 203.119 194.985 140.591 54.3942 78.5283 118.793 157.658 259.784 35.2947 219.691 95.0777 213.45 33.7607 179.689 61.1416 222.469 155.067 398.057 286.555 36.5889 249.966
internal_count=7601 6684 4798 3511 1886 3184 1287 2506 372 836 814 592 222 327 501 647 1050 144 917 389 863 137 726 247 915 678 1692 1223 155 1068
cat_boundaries=0 1 2 3
cat_threshold=34 16 20
is_linear=0
shrinkage=0.03


Tree=16
num_leaves=31
num_cat=2
split_feature=18 20 1 20 26 26 22 3 6 0 24 24 6 11 1 4 10 20 20 23 1 20 5 8 22 22 11 11 5 10
split_gain=315.292 164.807 66.449 49.5301 24.2982 24.2835 17.9769 14.6515 14.1701 14.0348 12.4714 12.1386 13.0694 10.3439 16.965 10.1915 10.0896 9.89592 9.17459 9.14397 9.1143 8.97482 8.74 7.62695 7.49113 6.5713 6.32339 12.5853 6.36698 6.11091
threshold=1.0000000180025095e-35 70.750000000000014 10.500000000000002 55.250000000000007 0 1 -0.74999999999999989 75.500000000000014 2.5000000000000004 47.500000000000007 1.0000000180025095e-35 1.0000000180025095e-35 26.500000000000004 1.5000000000000002 19.500000000000004 82.500000000000014 50.500000000000007 86.583333333333357 45.250000000000007 -44.499999999999993 11.500000000000002 85.583333333333357 0.60554513604740012 27.500000000000004 1.2500000000000002 -0.74999999999999989 32.500000000000007 102.50000000000001 -2.7710237757353169 117.50000000000001
decision_type=2 8 2 10 1 1 8 2 10 2 2 2 8 2 2 2 2 8 10 10 2 8 2 2 10 8 2 2 2 2
left_child=1 3 4 18 9 16 -4 -7 10 -3 17 12 25 22 19 -9 -5 23 -1 -15 -2 -16 -10 -8 29 -6 28 -28 -11 -17
right_child=20 2 6 5 11 7 8 15 13 26 -12 -13 -14 14 21 24 -18 -19 -20 -21 -22 -23 -24 -25 -26 -27 27 -29 -30 -31
leaf_value=0.037654710354859219 0.036073680893229224 0.036998783508489008 0.0041266612385137463 0.0010632069771830798 0.0085179005771320107 0.020195798155424299 -0.024425319113612388 0.015541791046369139 -0.020440399377566684 0.0036286445392639723 -0.0051415160189686223 0.015096651141225947 0.010234077361392459 0.015877205024608466 -0.0013197451681148397 -0.011796965421288164 -0.014693272619341958 -0.025965226552062882 0.019904860425887475 -0.0072963217494435295 0.019465555125745975 -0.033869752345324508 0.0014034661935653388 -0.013269037832768912 -0.022255575331880134 -0.011783595872054475 -0.010178180687082037 0.021629310374380189 0.025572476809530217 0.016146321358044283
leaf_weight=45.063095882534981 181.01472991704941 15.258535861968992 37.146392121911049 110.86487133800983 14.737015187740324 96.917650535702705 85.689963057637215 29.868303075432777 90.20192739367485 24.439966425299644 48.384105369448662 21.850185245275497 30.891282558441162 35.758116319775581 12.935040906071665 12.404218360781671 53.495817601680756 220.66704215109348 73.652818068861961 25.494421020150185 40.363764584064484 17.864658325910568 19.971814200282097 169.67449881136417 16.411436095833778 202.92367562651634 36.005369901657104 15.052610620856283 22.931963995099068 13.89345709979534
leaf_count=186 764 63 151 449 59 389 370 120 384 98 203 89 124 149 54 50 221 968 297 107 167 77 84 726 67 844 146 61 92 56
internal_value=-0.000326583 -0.0049745 -0.011017 0.0103419 -0.000833962 0.00439094 -0.01613 0.0119234 -0.0171698 0.0102369 -0.019778 -0.00567717 -0.00778407 -0.0103422 -0.00286965 0.00237291 -0.00388791 -0.0212517 0.0269007 0.00626969 0.0331467 -0.020671 -0.0165036 -0.0170933 -0.00698152 -0.0103764 0.00678741 -0.000565532 0.0145603 0.00301657
internal_weight=1821.83 1600.45 1147.88 452.572 384.091 333.856 763.788 169.495 726.642 113.688 524.416 270.402 248.552 202.226 92.0522 72.5774 164.361 476.032 118.716 61.2525 221.378 30.7997 110.174 255.364 42.7091 217.661 98.4299 51.058 47.3719 26.2977
internal_count=7615 6684 4849 1835 1576 1352 3273 682 3122 460 2267 1116 1027 855 387 293 670 2064 483 256 931 131 468 1096 173 903 397 207 190 106
cat_boundaries=0 1 2
cat_threshold=24 3
is_linear=0
shrinkage=0.03


Tree=17
num_leaves=31
num_cat=3
split_feature=18 20 1 20 22 26 20 10 5 26 3 25 4 26 6 22 8 5 20 6 12 21 12 8 4 9 15 22 4 3
split_gain=284.399 148.762 64.0936 42.2314 27.1559 20.3616 17.3257 17.0723 16.3453 15.268 13.7458 13.4882 11.4708 10.1136 9.83035 9.49142 9.44148 9.399 9.38506 9.22551 8.73498 8.45748 8.31955 7.4944 7.85099 7.26462 6.50142 6.40543 5.89753 5.82897
threshold=1.0000000180025095e-35 70.750000000000014 8.5000000000000018 48.250000000000007 -0.74999999999999989 0 78.583333333333357 50.500000000000007 -2.2314097649647429 1 84.500000000000014 142.50000000000003 12.500000000000002 2 26.500000000000004 -1.0000000180025095e-35 15.500000000000002 -0.70720016731522783 62.750000000000007 1.5000000000000002 8.5000000000000018 -11.499999999999998 5.5000000000000009 67.500000000000014 18.500000000000004 9.5000000000000018 2.5000000000000004 1.7500000000000002 39.500000000000007 233.50000000000003
decision_type=2 8 2 10 8 1 8 2 2 1 2 2 2 1 8 8 2 2 10 10 2 10 2 2 2 2 2 10 2 2
left_child=1 3 9 -1 -4 7 13 18 22 16 23 21 -2 -6 15 -11 -3 -14 27 -15 -19 -10 -8 24 -7 -20 -18 -5 -27 -12
right_child=12 2 4 5 6 10 8 -9 11 14 29 -13 17 19 -16 -17 26 20 25 -21 -22 -23 -24 -25 -26 28 -28 -29 -30 -31
leaf_value=0.033712682911287949 0.036530469127853453 0.032841392538945247 0.0094099830308829666 0.020180496745647172 -0.01556689973926792 0.02650053992510365 0.011334501663132145 -0.013786653576136855 -0.019364671465478652 0.015487468218262431 0.0068915870928896302 -0.00013541416202208429 0.030726729512019317 -0.010593942199399334 0.012040009321739938 -0.0072639149686607061 -0.0013180563903477948 -0.01168899927642553 0.013400174326610836 0.0057131664299733152 0.021635950683417143 -0.029513231419099048 -0.011477945317796124 0.03099330293249573 0.0080160295296297923 -0.014658717740327336 0.018261268844396886 -0.0012417448165620408 0.0063417190807252425 -0.01501967710891608
leaf_weight=58.347018718719482 155.42853584885597 16.807526677846909 39.705882266163826 42.250649735331535 84.579873397946358 31.587702423334122 20.431896939873695 60.832603484392166 387.75371597707272 17.206003397703171 60.430844590067863 28.276062250137329 34.395747870206833 58.518516272306442 33.881902813911438 181.59741896390915 32.739919617772102 11.970357567071916 19.082143351435661 64.74727675318718 14.783069252967833 97.150367364287376 43.068968325853348 35.877576932311058 60.45376068353653 35.303534224629402 27.391811549663544 17.547596141695976 17.305596739053726 12.319006264209746
leaf_count=241 662 69 161 170 364 127 85 251 1682 69 244 120 145 248 136 754 132 50 77 268 61 427 180 144 243 144 110 71 70 50
internal_value=-2.86204e-05 -0.00444048 -0.0102366 0.010111 -0.0146037 0.00653017 -0.0158295 -0.000736007 -0.0185079 0.00139846 0.0128619 -0.0202824 0.0321351 -0.00834488 -0.00256244 -0.00522717 0.0120404 0.0205548 0.00530471 -0.00189855 0.00684136 -0.0214545 -0.00407594 0.0193855 0.0145764 -0.00202184 0.00775374 0.0139772 -0.00776126 0.00302792
internal_weight=1801.77 1585.2 1133.86 451.338 824.233 392.991 784.527 192.322 576.681 309.625 200.669 513.18 216.578 207.846 232.685 198.803 76.9393 61.1492 131.49 123.266 26.7534 484.904 63.5009 127.919 92.0415 71.6913 60.1317 59.7982 52.6091 72.7499
internal_count=7555 6637 4805 1832 3535 1591 3374 783 2494 1270 808 2229 918 880 959 823 311 256 532 516 111 2109 265 514 370 291 242 241 214 294
cat_boundaries=0 1 2 3
cat_threshold=3 24 3
is_linear=0
shrinkage=0.03


Tree=18
num_leaves=31
num_cat=3
split_feature=20 26 20 22 13 20 8 14 11 26 3 22 3 13 26 0 0 22 23 12 2 20 22 9 25 23 3 10 20 5
split_gain=249.581 138.822 112.016 37.4961 31.481 18.1338 17.3882 13.9318 16.5598 12.901 17.3289 11.7322 10.3397 9.62684 8.97916 11.2518 8.75147 8.58324 8.4859 8.31894 8.2873 8.17206 8.84183 6.84179 6.8112 6.74464 6.47025 6.17349 5.46636 5.17396
threshold=70.250000000000014 0 55.250000000000007 1.0000000180025095e-35 1.5000000000000002 84.416666666666671 18.500000000000004 5.5000000000000009 109.50000000000001 1 153.50000000000003 -0.74999999999999989 218.50000000000003 12.500000000000002 2 358.50000000000006 53.500000000000007 0.75000000000000011 -119.49999999999999 1.0000000180025095e-35 31.500000000000004 44.250000000000007 1.2500000000000002 317.50000000000006 57.500000000000007 -128.49999999999997 24.500000000000004 29.500000000000004 73.750000000000014 0.40621193423655605
decision_type=10 1 10 10 2 10 2 2 2 1 2 10 2 2 1 2 2 10 10 2 2 10 10 2 2 10 2 2 10 2
left_child=1 2 21 11 19 9 16 8 25 10 28 27 18 -11 26 -16 -4 20 -8 24 -18 -1 -23 -7 -3 -6 -13 -2 -5 -15
right_child=3 4 6 5 7 23 12 -9 -10 13 -12 14 -14 29 15 -17 17 -19 -20 -21 -22 22 -24 -25 -26 -27 -28 -29 -30 -31
leaf_value=0.03428396238675864 0.024163365494599843 0.0080275695446249528 0.012058998519207536 0.021668804582521413 -0.026882474690721737 -0.01937106905912752 -0.0008233920391940736 -0.02322659959195416 0.024552665509685181 -0.005801304843445561 -0.019014765318666995 0.013094998771045474 -0.011368767445104996 -0.02353503087182264 -0.0047007417577850132 -0.024356151033933758 -0.0023679879324672798 -0.010557723048235977 0.019584455299059552 -0.0019360836608037866 0.023675460424863556 0.028339464158151008 0.0051505396524140195 -0.032798854619517641 0.030952678895736569 -0.0073184559037604126 -0.0051271395910705607 0.0032444109773690118 0.00087775743566177321 -0.010607716278782351
leaf_weight=238.62091962993145 17.213512003421783 29.736897766590118 37.494147822260857 12.153115645051001 17.415844962000847 211.44660753011703 21.898287087678909 66.894508957862854 12.841816112399099 57.833430498838425 42.866454020142555 33.147777572274208 12.792305156588553 114.31663754582405 87.8834158629179 36.763046100735664 38.111051693558693 76.794090196490288 109.3423079252243 32.530224457383156 14.369936197996138 58.442619234323502 20.384999394416809 43.468612000346184 19.325518533587456 127.68464076519012 35.23210597038269 43.214668303728104 85.210659191012383 40.110979825258255
leaf_count=1017 69 120 151 50 73 921 88 293 54 245 187 134 52 498 363 158 153 317 440 134 58 238 82 198 80 537 146 175 353 173
internal_value=8.39944e-06 0.010737 0.0186302 -0.0116391 -0.00586898 -0.0156781 0.00609196 -0.0118401 -0.00690177 -0.0112161 -0.0031305 -0.00193603 0.0136889 -0.0156381 -0.00554658 -0.00986078 -0.000511725 -0.00422224 0.0161988 0.00981873 0.00507238 0.0314332 0.0224824 -0.02178 0.0174956 -0.00983458 0.003293 0.00949972 0.00366684 -0.0202671
internal_weight=1795.54 934.68 628.251 860.861 306.429 607.406 310.802 224.837 157.942 352.491 140.23 253.455 144.033 212.261 193.026 124.646 166.769 129.275 131.241 81.5926 52.481 317.449 78.8276 254.915 49.0624 145.1 68.3799 60.4282 97.3638 154.428
internal_count=7557 3887 2596 3670 1291 2625 1259 957 664 1506 590 1045 580 916 801 521 679 528 528 334 211 1337 320 1119 200 610 280 244 403 671
cat_boundaries=0 1 2 3
cat_threshold=22 16 16
is_linear=0
shrinkage=0.03


Tree=19
num_leaves=31
num_cat=1
split_feature=20 26 20 22 12 22 22 14 14 2 25 5 11 3 20 13 2 24 13 2 10 15 4 3 9 5 25 22 5 24
split_gain=233.55 134.229 103.114 34.6303 29.0239 24.9663 22.4604 21.4868 17.488 15.6223 11.7384 11.5599 10.5963 15.1266 9.55554 13.6062 7.81195 7.69246 7.32984 8.17438 7.08035 7.05111 8.90028 7.89211 6.88447 6.83357 6.78515 6.3713 6.10291 5.76358
threshold=71.750000000000014 0 50.750000000000007 1.0000000180025095e-35 1.0000000180025095e-35 1.2500000000000002 23.500000000000004 5.5000000000000009 2.5000000000000004 29.500000000000004 57.500000000000007 -0.14703914982783092 1.5000000000000002 177.50000000000003 62.250000000000007 28.500000000000004 45.500000000000007 1.0000000180025095e-35 34.500000000000007 69.500000000000014 66.500000000000014 3.5000000000000004 9.5000000000000018 106.50000000000001 143.50000000000003 0.47670654472847668 65.000000000000014 -2.4999999999999996 0.82667857318446769 1.0000000180025095e-35
decision_type=10 1 10 10 2 10 10 2 2 2 2 2 2 2 10 2 2 2 2 2 2 2 2 2 2 2 2 10 2 2
left_child=1 2 -1 9 8 14 21 11 10 27 -3 18 25 20 15 -4 -6 28 -5 -20 -14 22 -7 -23 -15 29 -16 -2 -11 -9
right_child=3 4 5 7 16 6 -8 12 -10 17 -12 -13 13 24 26 -17 -18 -19 19 -21 -22 23 -24 -25 -26 -27 -28 -29 -30 -31
leaf_value=0.032212748985648867 0.021733354335382302 0.0036119500675656103 0.029788574600191971 -0.0060742812676040578 -0.0079153775416549547 0.0025219862142172502 0.03287370266310112 -0.029178377315083374 -0.01555950673879398 -0.015674954104454374 0.028834961308046445 -0.01600394908317191 -0.020752855785080883 -0.0051758930539187583 0.0030734487596259393 0.0081563575621095442 -0.020008858764583134 0.0091998691098947958 0.020261353904760387 -0.0083651635001411907 -0.0044828524254746519 0.0082094231074061764 -0.022777750943198664 -0.016765127449801957 -0.028801933146698062 -0.01253484813779627 0.016084526654235369 0.0026999552221202571 0.0024406124970421878 -0.0090053452541980061
leaf_weight=273.06205469369888 17.685179129242897 34.399515122175217 58.301018342375755 70.992414951324463 151.50672489404678 17.923763379454613 12.793629989027975 136.43913525342941 19.865410059690475 88.323988616466522 31.70746611058712 70.081456691026688 30.56217885017395 13.915088787674902 90.572255298495293 48.653568089008331 71.260895520448685 16.604189679026604 24.138226017355919 13.26395061612129 105.16259148716927 35.269944667816162 39.097996145486832 15.600144430994986 65.635316297411919 38.299006104469299 59.629486665129662 106.2725754827261 20.292178153991699 15.279297783970831
leaf_count=1167 71 139 235 298 636 73 52 606 86 372 131 299 129 61 367 196 310 68 100 56 455 143 163 64 298 168 241 434 84 65
internal_value=0.000281469 0.0103649 0.0179236 -0.0113343 -0.00596323 0.00801233 -0.00322731 -0.0153252 0.00858116 -0.00196062 0.0159593 -0.00660184 -0.0191409 -0.01446 0.0132793 0.0201148 -0.0118561 -0.00939807 -0.00043227 0.010156 -0.00827148 -0.00777069 -0.0149188 0.00037501 -0.0247848 -0.0243405 0.00831101 0.00556766 -0.0122991 -0.0272191
internal_weight=1792.59 959.644 650.904 832.947 308.74 377.842 120.685 583.769 85.9724 249.178 66.107 178.476 405.293 215.275 257.156 106.955 222.768 125.22 108.395 37.4022 135.725 107.892 57.0218 50.8701 79.5504 190.017 150.202 123.958 108.616 151.718
internal_count=7567 4003 2701 3564 1302 1534 495 2535 356 1029 270 753 1782 943 1039 431 946 524 454 156 584 443 236 207 359 839 608 505 456 671
cat_boundaries=0 1
cat_threshold=22
is_linear=0
shrinkage=0.03


Tree=20
num_leaves=31
num_cat=2
split_feature=18 20 14 20 20 25 26 26 8 4 2 8 2 5 21 23 5 4 6 23 20 5 13 23 6 25 8 5 8 13
split_gain=274.097 135.377 43.9906 38.3958 25.9414 22.3244 17.3422 12.526 31.8456 11.4521 10.763 9.60303 9.98534 9.50912 9.50696 8.86048 8.78295 12.3831 8.28904 7.92172 7.9898 7.69731 7.50063 9.20329 7.4986 7.22606 7.19422 7.31536 6.61153 8.58717
threshold=1.0000000180025095e-35 70.750000000000014 5.5000000000000009 53.750000000000007 77.833333333333357 132.50000000000003 0 1 70.500000000000014 129.50000000000003 111.50000000000001 26.500000000000004 32.500000000000007 -2.4827088440514808 -4.4999999999999991 -137.49999999999997 -0.9337987728097793 2.5000000000000004 2.5000000000000004 -102.49999999999999 60.750000000000007 -2.7710237757353169 1.5000000000000002 -71.499999999999986 26.500000000000004 82.500000000000014 290.50000000000006 0.82667857318446769 147.50000000000003 97.500000000000014
decision_type=2 8 2 10 8 2 1 1 2 2 2 2 2 2 10 10 2 2 8 10 10 2 2 10 8 2 2 2 2 2
left_child=1 3 7 -1 11 13 16 8 22 -8 25 12 -4 -6 28 -9 21 -18 -2 -19 -21 -5 -3 -24 -17 -10 27 -15 -13 -30
right_child=18 2 4 6 5 -7 9 15 10 -11 -12 14 -14 26 -16 24 17 19 -20 20 -22 -23 23 -25 -26 -27 -28 -29 29 -31
leaf_value=0.026126801258184416 0.018460040058584568 0.029765299944933637 0.00020974107536982675 -0.0078630163506453292 -0.0036030333479963477 0.0053725937584307958 0.016386059886110756 -0.025714300536351879 -0.011356329303887728 -0.0009837684893127213 -0.029995780203783701 0.0054623614476518347 -0.021772422263403517 -0.021765708970999796 0.024542261596147572 -0.0079003799215327103 0.010781324680709824 -0.034166451265691518 0.034215415122888879 0.0068978872550316019 -0.01626546442307748 0.011930823114530273 -0.0032147894250037527 0.017445195028718444 0.007384831360913423 0.0071268274399085701 -0.031562359688684573 -0.0088074191504227753 -0.029737375572026811 0.0046099560305008103
leaf_weight=94.689175263047218 41.209770694375038 20.756239429116249 32.629750579595566 25.949952930212021 27.903562739491463 31.246181681752205 124.62333154678345 21.645918309688568 53.239328101277351 46.771280959248543 18.124480575323105 38.622090145945549 42.189573287963867 310.45246559381485 13.590014010667799 247.42233857512474 22.790027439594269 13.49674418568611 173.23828533291817 18.678096100687981 42.589950740337372 51.003043621778488 30.74755871295929 50.37498576939106 31.891809299588203 28.496741160750389 60.938311189413071 47.020683407783508 13.206220135092737 11.722232401371
leaf_count=393 175 86 138 105 117 133 501 92 225 189 78 162 183 1369 57 1043 92 56 757 76 177 207 125 204 128 119 277 204 57 50
internal_value=-0.00044804 -0.00479221 -0.0102804 0.00930265 -0.0155591 -0.0189897 0.00463508 -0.00365234 0.00217341 0.0110282 -0.00971039 -0.00472407 -0.0123094 -0.0207035 0.00269636 -0.00737932 -0.00217542 -0.00823996 0.0312875 -0.0141039 -0.00920654 0.00524074 0.0140142 0.00967073 -0.00613501 -0.00490405 -0.0218326 -0.0200905 -0.00228312 -0.0140312
internal_weight=1787.26 1572.81 1132.22 440.592 629.521 477.561 345.902 502.699 201.739 171.395 99.8605 151.96 74.8193 446.315 77.1406 300.96 174.508 97.5548 214.448 74.7648 61.268 76.953 101.879 81.1225 279.314 81.7361 418.411 357.473 63.5505 24.9285
internal_count=7575 6643 4847 1796 2747 2100 1403 2100 837 690 422 647 321 1967 326 1263 713 401 932 309 253 312 415 329 1171 344 1850 1573 269 107
cat_boundaries=0 1 2
cat_threshold=3 24
is_linear=0
shrinkage=0.03


Tree=21
num_leaves=31
num_cat=1
split_feature=18 20 1 20 20 22 26 10 20 22 1 25 15 15 15 10 22 0 3 8 4 4 10 5 22 1 8 4 3 8
split_gain=241.839 140.221 56.4413 24.7158 21.7934 21.2511 14.4921 14.9264 14.878 14.3581 12.1124 11.8794 11.489 11.4929 15.5949 11.1195 10.7963 11.1361 9.04366 8.53333 8.35727 8.01258 10.4752 7.89969 7.72158 7.5262 7.05789 6.98513 6.83768 7.75174
threshold=1.0000000180025095e-35 62.250000000000007 13.500000000000002 86.833333333333357 49.250000000000007 -2.4999999999999996 0 8.5000000000000018 76.166666666666671 -0.74999999999999989 12.500000000000002 147.50000000000003 1.5000000000000002 12.500000000000002 7.5000000000000009 67.500000000000014 1.7500000000000002 43.500000000000007 25.500000000000004 18.500000000000004 69.500000000000014 122.50000000000001 145.50000000000003 -2.4016688756160613 0.75000000000000011 20.500000000000004 27.500000000000004 108.50000000000001 27.500000000000004 23.500000000000004
decision_type=2 8 2 8 10 8 1 2 8 10 2 2 2 2 2 2 10 2 2 2 2 2 2 2 10 2 2 2 2 2
left_child=1 4 5 9 -1 -3 7 -7 26 -4 -2 23 -11 14 24 -15 19 -18 -12 20 -8 22 -17 -5 -14 -23 -9 -16 -10 -30
right_child=10 2 3 11 -6 6 16 8 28 12 18 -13 13 15 27 21 17 -19 -20 -21 -22 25 -24 -25 -26 -27 -28 -29 29 -31
leaf_value=0.03194725372449965 0.032844306391738402 0.022794802400850519 0.0096196652151176437 0.00071416251958670305 0.011342520699110294 0.029398474665767282 -0.0034322839138455621 0.00080964978913686909 0.0011485395129418982 -0.020897748618377239 0.030170590804177441 0.0057238611156140108 0.007785138042504274 -0.027922089142278252 0.0038790283242838308 -0.0082395447830359309 0.005375826988286681 -0.023334789630866111 -0.00086052996620588588 -0.016924881393301529 0.018478405427664244 0.0017041928128124421 0.015915341963526952 -0.023708789094916683 -0.01549857775735698 -0.017881248856148065 0.019858437545106741 0.029291056502930568 0.0091390768809069857 -0.016004484486539537
leaf_weight=64.431452021002769 177.75261279940605 29.902724415063858 32.061844676733017 12.477284073829649 164.56090827286243 16.730205878615379 216.5467314273119 29.598425790667534 92.666822984814644 83.709303423762321 13.917499706149099 13.780429765582083 16.818367421627045 33.525564104318619 24.175170123577118 64.588528543710709 15.082540243864058 55.372557029128075 19.380432888865471 38.685873761773109 15.891578048467634 21.313342422246933 20.456116750836372 240.66131113469601 46.750938162207603 97.531783059239388 42.162622794508934 15.719172984361647 12.964128002524374 56.422631874680519
leaf_count=272 784 120 130 54 666 70 896 120 377 367 60 59 70 141 101 275 62 237 81 164 66 90 88 1087 202 424 170 66 54 236
internal_value=-0.00035146 -0.00439929 -0.00809426 -0.0137851 0.0172538 -0.00146295 -0.00272435 0.00275034 0.000843627 -0.00951158 0.0297266 -0.0210335 -0.0109754 -0.00848483 -0.000133786 -0.0121083 -0.00662324 -0.0171994 0.012611 -0.00406517 -0.00186153 -0.00938448 -0.00231203 -0.0225069 -0.0093133 -0.0143839 0.0121207 0.0143633 -0.00419384 -0.0112436
internal_weight=1785.64 1574.59 1345.6 723.569 228.992 622.027 592.124 250.545 233.815 456.65 211.051 266.919 424.588 340.879 103.464 237.415 341.579 70.4551 33.2979 271.124 232.438 203.89 85.0446 253.139 63.5693 118.845 71.761 39.8943 162.054 69.3868
internal_count=7589 6664 5726 3154 938 2572 2452 1027 957 1954 925 1200 1824 1457 439 1018 1425 299 141 1126 962 877 363 1141 272 514 290 167 667 290
cat_boundaries=0 1
cat_threshold=28
is_linear=0
shrinkage=0.03


Tree=22
num_leaves=31
num_cat=2
split_feature=20 26 20 22 5 1 22 26 4 1 15 3 12 24 15 25 20 23 20 25 4 0 5 3 9 10 1 20 5 10
split_gain=205.363 121.639 77.1341 33.7959 23.1136 21.652 16.9809 14.8998 18.2949 14.5248 12.9528 11.5499 11.2202 10.8939 9.93731 9.81426 9.15874 8.45317 6.51379 6.74616 6.30317 6.01619 8.26399 5.63642 6.17549 5.6321 5.59644 5.58686 5.14663 4.88961
threshold=69.250000000000014 0 49.250000000000007 -0.74999999999999989 -0.57729600378592705 10.500000000000002 1.2500000000000002 1 9.5000000000000018 22.500000000000004 12.500000000000002 95.500000000000014 2.5000000000000004 1.0000000180025095e-35 3.5000000000000004 147.50000000000003 85.416666666666671 -30.499999999999996 86.416666666666671 82.500000000000014 139.50000000000003 435.50000000000006 1.3390297437092642 38.500000000000007 8.5000000000000018 44.500000000000007 31.500000000000004 75.250000000000014 -1.0000000180025095e-35 68.500000000000014
decision_type=10 1 10 10 2 2 10 1 2 2 2 2 2 2 2 2 10 10 10 2 2 2 2 2 2 2 2 10 2 2
left_child=1 2 -1 21 7 12 -4 10 -9 17 29 14 -3 16 25 18 -10 23 19 -11 -12 22 -2 24 -6 28 -21 -25 -8 -5
right_child=3 5 6 4 9 -7 11 8 13 15 20 -13 -14 -15 -16 -17 -18 -19 -20 26 -22 -23 -24 27 -26 -27 -28 -29 -30 -31
leaf_value=0.031410584957085874 0.022467024586563789 0.0085170014566017214 0.013814961657772424 0.0043461852438515585 0.0015888867466498406 -0.015054768411838476 -0.0068958245417942033 0.018934258022673567 -0.013077303731383581 -0.023443292694668862 0.007885762664275011 -0.020842645842242855 -0.0060957715253760055 0.0055936496753578322 0.017662268722267564 0.0051141457095350154 -0.03062289892467436 -0.020417324151096698 -0.029902250027172318 0.0017301689346963256 -0.011310483267503406 -0.0068701131810262094 -0.0033534367149105071 0.0069628582010650194 -0.019656469562426358 -0.020634488785026793 -0.021937361132415838 -0.0074663393119448977 0.016830066021616363 0.019851326257525777
leaf_weight=257.33450174331665 38.951215893030167 97.896228045225143 216.98426911234856 73.74480602145195 15.895527273416517 112.56380046904087 20.791392892599106 15.192405819892882 117.14673054218292 72.55815201997757 18.683001637458801 20.354392975568771 89.668311268091202 20.80599445104599 28.75294329226017 11.300947308540342 35.256293669342995 62.050213575363159 79.683147072792053 23.028644800186157 72.819709911942482 13.134791046380995 15.150388747453688 30.906762778759003 51.558311328291893 12.798585295677183 13.614393442869185 99.666820555925369 12.240926206111906 23.739726945757866
leaf_count=1131 157 401 877 299 66 499 85 63 507 325 78 84 376 87 116 49 157 266 371 100 315 54 61 130 221 54 61 430 50 98
internal_value=0.000593542 0.0109998 0.018947 -0.00940556 -0.0110495 -0.00456426 0.00920265 -0.00552474 -0.0111672 -0.0155577 0.000681294 -0.00137305 0.00153585 -0.0145419 0.00414578 -0.0216376 -0.0173094 -0.010813 -0.0232567 -0.0181801 -0.00734812 0.0109372 0.0153067 -0.0077161 -0.0146999 -0.00453014 -0.00741246 -0.00402399 0.00213256 0.00828527
internal_weight=1774.27 869.385 569.257 904.888 837.652 300.128 311.923 377.389 188.401 460.263 188.987 94.9382 187.565 173.209 74.5838 200.185 152.403 260.078 188.884 109.201 91.5027 67.2364 54.1016 198.027 67.4538 45.8309 36.643 130.574 33.0323 97.4845
internal_count=7568 3673 2397 3895 3623 1276 1266 1604 814 2019 790 389 777 751 305 906 664 1113 857 486 393 272 218 847 287 189 161 560 135 397
cat_boundaries=0 1 2
cat_threshold=22 16
is_linear=0
shrinkage=0.03


Tree=23
num_leaves=31
num_cat=2
split_feature=18 22 1 26 1 22 1 14 25 11 8 26 5 10 22 10 24 2 6 23 1 4 15 2 8 13 10 14 10 13
split_gain=217.515 85.415 39.1589 17.5589 26.1153 16.8086 14.5262 12.6184 12.1685 10.2923 11.932 15.5013 9.69551 9.35017 8.37367 7.57084 7.43508 6.89633 6.6261 8.42058 6.54377 6.41343 6.13702 7.43045 5.9622 8.26787 5.89614 6.01107 5.63028 6.44694
threshold=1.0000000180025095e-35 1.0000000180025095e-35 22.500000000000004 0 10.500000000000002 -0.74999999999999989 17.500000000000004 7.5000000000000009 147.50000000000003 103.50000000000001 53.500000000000007 1 -0.73809404548927493 8.5000000000000018 114.75000000000001 107.50000000000001 1.0000000180025095e-35 3.5000000000000004 8.5000000000000018 -78.499999999999986 4.5000000000000009 23.500000000000004 27.500000000000004 83.500000000000014 295.50000000000006 87.500000000000014 86.500000000000014 6.5000000000000009 47.500000000000007 92.500000000000014
decision_type=2 8 2 1 2 10 2 2 2 2 2 1 2 2 10 2 2 2 8 10 2 2 2 2 2 2 2 2 2 2
left_child=1 5 3 14 9 -1 -2 26 12 10 11 16 24 -13 17 28 18 -3 20 -20 -5 -9 23 -19 25 -4 27 -7 -6 -30
right_child=6 2 8 4 15 7 -8 21 -10 -11 -12 13 -14 -15 -16 -17 -18 22 19 -21 -22 -23 -24 -25 -26 -27 -28 -29 29 -31
leaf_value=0.016716257401162185 0.03159632545120384 0.018706790422044671 -0.013519254589075489 0.0024584782256977839 -0.0089933190844881626 0.009040046545588331 0.0033649712205862693 0.012869224511948668 0.0043457911816438283 0.024165931283850136 -0.023090647478304874 0.03565014920618477 -0.022309901446729469 0.006837478360605497 -0.016630635802643512 0.0015715645098782483 0.013535844688092932 0.0013323260649793077 -0.014875685354811452 0.0040682802215581421 -0.014102422787328997 -0.0049372081796968201 -0.0079440670622296077 0.018814024200629928 -0.026694876680934222 0.0099572880809695834 -0.0097581470545529212 0.029931792274900209 -0.02012281854124439 0.0028457793365123949
leaf_weight=122.92781174182892 185.55802820622921 27.961639299988747 34.293764621019363 27.137639671564102 84.890603125095367 142.4963076710701 18.263172149658203 20.09314751625061 21.039844498038292 12.359315961599348 22.951789408922195 13.406733319163321 210.69021852314472 36.485560238361359 16.18831367790699 25.533351749181747 18.531082019209862 79.008499458432198 26.803116366267204 86.831900909543037 97.224774345755577 133.01018045842648 36.016314804553986 29.356319680809975 12.910708501935003 20.964130654931068 12.671034306287764 12.894772738218306 162.39070050418377 11.544153109192846
leaf_count=501 833 114 152 113 366 583 77 83 90 50 95 57 959 150 69 113 76 326 111 357 413 558 156 122 59 92 53 53 716 50
internal_value=2.95594e-05 -0.00378763 -0.00821892 -0.00479582 -0.00714367 0.00732685 0.0290955 0.00369227 -0.0174703 -0.00165797 -0.0026972 -0.00109953 -0.019126 0.0126438 0.00320546 -0.0139576 -0.00414134 0.00533879 -0.00574189 -0.000490824 -0.0104978 -0.00253196 0.00263901 0.00619689 -0.0091051 -0.00459388 0.00934393 0.010954 -0.0154897 -0.0185908
internal_weight=1762.43 1558.61 1114.52 814.622 626.091 444.093 203.821 321.165 299.899 341.732 329.373 306.421 278.859 49.8923 188.531 284.359 256.529 172.343 237.997 113.635 124.362 153.103 144.381 108.365 68.1686 55.2579 168.062 155.391 258.825 173.935
internal_count=7547 6637 4806 3454 2667 1831 910 1330 1352 1422 1372 1277 1262 207 787 1245 1070 718 994 468 526 641 604 448 303 244 689 636 1132 766
cat_boundaries=0 1 2
cat_threshold=16 34
is_linear=0
shrinkage=0.03


Tree=24
num_leaves=31
num_cat=1
split_feature=18 20 1 20 26 22 22 20 6 8 22 5 6 25 22 4 20 8 13 3 20 8 1 15 3 10 13 13 9 20
split_gain=200.483 130.929 42.102 30.9618 19.1251 16.5006 15.0578 14.2036 14.1275 13.0781 14.1908 12.219 10.92 9.85394 8.01019 10.443 7.92079 7.34126 12.8698 8.94753 8.90628 9.82969 8.2341 6.65064 9.55787 8.27038 6.36932 6.47801 6.0469 5.78355
threshold=1.0000000180025095e-35 70.750000000000014 21.500000000000004 48.250000000000007 0 1.2500000000000002 23.500000000000004 76.166666666666671 29.500000000000004 8.5000000000000018 0.75000000000000011 -2.2314097649647429 1.5000000000000002 147.50000000000003 3.2500000000000004 1.0000000180025095e-35 88.583333333333357 95.500000000000014 56.500000000000007 127.50000000000001 62.250000000000007 30.500000000000004 15.500000000000002 3.5000000000000004 95.500000000000014 47.500000000000007 28.500000000000004 44.500000000000007 100.50000000000001 83.583333333333357
decision_type=2 8 2 10 1 10 10 8 8 2 10 2 8 2 8 2 8 2 2 2 10 2 2 2 2 2 2 2 2 10
left_child=1 3 4 -1 9 17 23 28 11 10 -3 -9 -2 16 -13 -16 -4 20 -19 -20 26 22 -22 25 -25 -7 -5 -28 -6 -12
right_child=12 2 13 5 7 6 -8 8 -10 -11 29 14 -14 -15 15 -17 -18 18 19 -21 21 -23 -24 24 -26 -27 27 -29 -30 -31
leaf_value=0.031342772905079731 0.0078167336395797288 0.0019168791235774781 -0.01550032066973815 0.026097980442598968 0.0061580969452868159 -0.0044401462770878785 0.028170364512005764 0.0041884305784560235 0.014755513529404317 -0.031118227600167601 -0.011368229982897573 -0.002358659647014098 0.030216433707578139 0.00056842200467835413 -0.0011077799532101999 -0.015646161676216221 -0.025588463557525545 -0.021867814329305294 0.028091682398378139 -0.0052787250683774805 0.0075942997784844068 0.021732677501101236 -0.013963217252175763 0.012242625083549478 -0.015499527957768355 -0.028014241900744183 -0.0035779831859067404 0.020437114693251414 0.029023003658326833 -0.025363687170429791
leaf_weight=53.808259591460228 22.855019792914391 61.282659307122231 191.8751894235611 61.811567559838295 57.093833774328232 42.586776435375214 12.355080887675284 95.37041611969471 32.88700507581234 30.101837739348412 97.116077691316605 144.85513713955879 183.07749700546265 23.842725560069084 62.514969453215599 154.40737703442574 118.38340248167515 14.70520558953285 13.850916862487795 13.574490323662756 67.18645241856575 32.527952238917351 19.838070407509804 31.720893546938896 15.998793974518774 18.872068420052528 17.029581874608994 22.978653907775879 11.991152763366697 37.758209109306335
leaf_count=232 99 252 861 251 234 175 50 392 134 132 424 611 830 102 263 673 556 60 56 55 271 131 81 128 66 81 69 93 50 168
internal_value=3.5121e-05 -0.00364686 -0.00908959 0.0102265 -0.00528291 0.00720199 -0.00193334 -0.00211791 -0.00395542 -0.0124206 -0.010038 -0.00533075 0.0277802 -0.0179956 -0.00784479 -0.0114806 -0.0194194 0.0114068 -7.38688e-05 0.01197 0.0135822 0.00792613 0.00257726 -0.00556475 0.00281439 -0.0120116 0.0200817 0.0103771 0.0104843 -0.0154441
internal_weight=1764.26 1558.32 1119.48 438.845 785.379 385.037 121.534 559.12 490.035 226.259 196.157 457.148 205.933 334.101 361.777 216.922 310.259 263.503 42.1306 27.4254 221.372 119.552 87.0245 109.179 47.7197 61.4588 101.82 40.0082 69.085 134.874
internal_count=7580 6651 4852 1799 3333 1567 500 2357 2073 976 844 1939 929 1519 1547 936 1417 1067 171 111 896 483 352 450 194 256 413 162 284 592
cat_boundaries=0 1
cat_threshold=3
is_linear=0
shrinkage=0.03


Tree=25
num_leaves=31
num_cat=3
split_feature=18 20 2 20 22 26 20 8 3 22 22 10 5 26 9 11 8 13 10 10 26 11 8 5 23 5 5 20 10 20
split_gain=192.803 114.431 33.8454 29.1952 18.5907 13.1525 13.0402 12.9086 12.0895 11.5332 10.2229 10.1103 10.4438 10.2978 10.1002 10.001 9.13519 8.07753 7.75354 7.68611 7.31459 22.2032 7.60243 7.29563 7.24433 6.59493 6.4569 6.28962 10.9594 6.2443
threshold=1.0000000180025095e-35 69.250000000000014 34.500000000000007 48.250000000000007 -2.4999999999999996 0 78.166666666666671 5.5000000000000009 193.50000000000003 1.7500000000000002 1.2500000000000002 150.50000000000003 0.80750706753076862 1 13.500000000000002 70.500000000000014 92.500000000000014 25.500000000000004 67.500000000000014 36.500000000000007 2 50.500000000000007 60.500000000000007 -2.6345729946238778 -50.499999999999993 -0.85167097593071761 0.30538164955118169 62.750000000000007 28.500000000000004 73.750000000000014
decision_type=2 8 2 10 8 1 8 2 2 10 10 2 2 1 2 2 2 2 2 2 1 2 2 2 10 2 2 10 2 10
left_child=1 3 4 -1 -3 9 7 -4 24 17 20 13 -13 16 -12 -16 18 27 -8 -2 21 29 -23 -15 -7 -21 -27 -5 -29 -6
right_child=19 2 6 5 10 8 11 -9 -10 -11 14 12 -14 23 15 -17 -18 -19 -20 25 -22 22 -24 -25 -26 26 -28 28 -30 -31
leaf_value=0.030521829119197891 0.030780516271284395 0.024479035569713446 -0.020966679810334149 0.017964276428369147 0.026637783024399449 0.010167991156482611 -0.0046385045044881768 -0.0015710764522644176 -0.012166289731057297 -0.011092785640854655 0.0066131307746900335 -0.025823722772654767 0.0037073568828325906 0.003226548916266113 -0.021210357371851493 0.0035381672825250572 -0.010612711619864178 -0.0063384121560221326 0.021676846422773878 0.033717753815574597 -0.00474902317997723 0.0072301783625734342 -0.01389606644330592 -0.019949280659270197 0.023519399187110445 -0.0071217217118977232 0.019515082142831462 0.01380881785467091 -0.018749079710673137 0.0084123219321954098
leaf_weight=54.718251958489418 155.89444762468338 20.339693784713745 39.450654670596123 47.060585230588913 25.383959725499153 90.351178869605064 23.024888172745705 131.36466471850872 14.531355693936346 50.893811419606209 20.604238972067833 115.62505730986595 11.618196591734884 12.895088762044905 73.396439865231514 17.98862598836422 86.897145569324493 34.191427275538445 16.541287511587143 12.422261670231817 278.18772491812706 20.461585685610771 54.486163437366486 168.87399433553219 63.977922990918159 13.606343209743502 18.132518529891968 23.613988593220711 13.966344177722929 51.509826481342316
leaf_count=238 718 82 175 191 106 365 95 558 59 213 86 543 53 56 321 77 383 140 70 55 1166 83 236 762 259 59 79 95 57 210
internal_value=-4.27361e-05 -0.00359995 -0.00830956 0.0103796 -0.00300028 0.00704414 -0.0132211 -0.00614655 0.0126106 0.000685866 -0.00407464 -0.0159756 -0.0231194 -0.0129613 -0.0121066 -0.0163532 -0.00483057 0.00583816 0.00662622 0.0276103 -0.0019597 0.00324654 -0.00810911 -0.0173473 0.0158187 0.0159854 0.00822724 0.0107736 0.00153666 0.0146936
internal_weight=1762.01 1561.95 1168.65 393.305 562.358 338.587 606.291 170.815 168.86 169.726 542.019 435.476 127.243 308.232 111.989 91.3851 126.463 118.832 39.5662 200.056 430.029 151.842 74.9477 181.769 154.329 44.1611 31.7389 84.6409 37.5803 76.8938
internal_count=7590 6679 5062 1617 2367 1379 2695 733 683 696 2285 1962 596 1366 484 398 548 483 165 911 1801 635 319 818 624 193 138 343 152 316
cat_boundaries=0 1 2 3
cat_threshold=3 16 24
is_linear=0
shrinkage=0.03


Tree=26
num_leaves=31
num_cat=0
split_feature=20 4 20 25 22 6 24 25 22 22 20 13 24 2 5 11 3 4 15 4 13 10 5 14 15 15 0 25 4 22
split_gain=177.378 40.2901 47.4787 36.3324 29.1548 23.0194 19.9969 19.7637 17.88 16.0075 11.9962 11.7789 11.6542 10.7754 9.89856 9.31914 10.3396 10.0932 9.97434 9.17748 8.98545 8.74254 8.53086 8.23589 10.2775 7.69791 9.22984 7.28426 6.56427 6.37591
threshold=70.750000000000014 1.0000000180025095e-35 55.250000000000007 57.500000000000007 1.2500000000000002 2.5000000000000004 1.0000000180025095e-35 57.500000000000007 1.0000000180025095e-35 -0.74999999999999989 84.416666666666671 51.500000000000007 1.0000000180025095e-35 10.500000000000002 -1.1660932382563045 1.0000000180025095e-35 156.50000000000003 15.500000000000002 1.0000000180025095e-35 75.500000000000014 9.5000000000000018 15.500000000000002 1.1033516606453819 6.5000000000000009 3.5000000000000004 4.5000000000000009 47.500000000000007 117.50000000000001 6.5000000000000009 0.75000000000000011
decision_type=10 2 8 2 10 10 2 2 8 10 10 2 2 2 2 2 2 2 2 2 2 2 2 2 2 2 2 2 2 10
left_child=1 3 20 21 9 6 8 28 -4 -2 15 13 22 -10 -14 17 18 -6 -17 -13 -3 -1 23 24 -11 26 -9 -26 -7 -28
right_child=4 2 5 -5 10 7 -8 25 11 12 -12 19 14 -15 -16 16 -18 -19 -20 -21 -22 -23 -24 -25 27 -27 29 -29 -30 -31
leaf_value=0.0080756390267666869 0.009079750829363558 0.0056239203973417933 0.0078499462784590978 0.027746609034515812 -0.00010726962082927362 -0.023323946165051877 0.016969405968212409 0.020503077517964163 -0.0033811670774747901 -0.012047109386722918 -0.022287244200474114 0.020700919712773866 0.023153086384145441 -0.022128145700376613 -0.0034272157850433454 -0.019865183156849476 -0.02028379924890342 -0.024490587100487848 0.0045563765629192442 -0.0076379724448657153 0.027898097922410291 -0.01572475120580823 0.0050069713682455086 -0.014906653307634028 -0.0034651733778189205 0.019453600774974152 0.0088441156600212595 0.018330041202938546 -0.0015032518789013377 -0.0049448917713953797
leaf_weight=59.047191500663757 62.342577144503593 20.78616589307785 51.338952228426933 161.60305242240429 19.862685695290565 16.247643336653709 33.045356377959251 38.338005527853966 39.525786578655243 79.667356088757515 164.68598417937756 13.598889514803885 18.139613196253777 93.637779980897903 36.345345661044121 18.040312260389328 31.780152603983879 65.331737533211708 70.859561011195183 33.812878683209419 85.834490522742271 17.090331688523293 34.017877623438835 179.27034762501717 37.514771044254303 73.766637608408928 82.109777852892876 20.606929332017899 44.769067615270615 46.579570218920708
leaf_count=242 253 88 207 727 85 69 137 167 170 337 764 56 74 417 152 81 146 297 303 141 365 73 144 791 157 310 347 85 191 192
internal_value=-1.44971e-05 0.00914407 0.00538035 0.0197375 -0.00996584 0.0019082 -0.00453559 0.0075615 -0.00765953 -0.00497078 -0.0162427 -0.0120879 -0.00714763 -0.0166303 0.00567993 -0.0113231 -0.00588203 -0.0188729 -0.000565296 0.000750037 0.0236483 0.00259865 -0.00914886 -0.0106786 -0.00511001 0.0114179 0.00777437 0.00444161 -0.00759611 0.00385349
internal_weight=1749.6 911.132 673.391 237.741 838.465 566.77 264.96 301.811 231.914 467.905 370.56 180.575 405.562 133.164 54.485 205.874 120.68 85.1944 88.8999 47.4118 106.621 76.1375 351.077 317.059 137.789 240.794 167.027 58.1217 61.0167 128.689
internal_count=7568 3899 2857 1042 3669 2404 1128 1276 991 1993 1676 784 1740 587 226 912 530 382 384 197 453 315 1514 1370 579 1016 706 242 260 539
is_linear=0
shrinkage=0.03


Tree=27
num_leaves=31
num_cat=0
split_feature=20 25 4 20 1 6 22 23 24 22 25 6 20 5 9 20 5 15 12 2 11 1 24 9 11 4 11 9 10 15
split_gain=153.473 38.1011 46.3654 35.1347 27.8927 24.7936 20.5721 18.3902 17.5156 16.4555 13.6097 13.3461 10.103 7.905 6.53282 6.50035 6.47451 9.01088 6.60455 6.38048 6.29339 8.94224 6.50865 6.57052 6.29223 7.75634 6.15404 6.15066 5.73061 6.05878
threshold=70.750000000000014 57.500000000000007 1.0000000180025095e-35 48.250000000000007 21.500000000000004 2.5000000000000004 0.75000000000000011 -22.499999999999996 1.0000000180025095e-35 -0.74999999999999989 132.50000000000003 29.500000000000004 61.250000000000007 -1.3067788016238069 65.500000000000014 86.166666666666671 -0.86473155074808672 5.5000000000000009 1.5000000000000002 20.500000000000004 2.5000000000000004 12.500000000000002 1.0000000180025095e-35 29.500000000000004 1.0000000180025095e-35 43.500000000000007 2.5000000000000004 19.500000000000004 83.500000000000014 22.500000000000004
decision_type=10 2 2 8 2 10 8 10 2 10 2 8 8 2 2 10 2 2 2 2 2 2 2 2 2 2 2 2 2 2
left_child=1 7 -3 -4 9 6 26 11 12 19 13 -1 -8 -6 -15 -16 17 18 -7 -2 22 -22 23 -11 27 -26 -5 -18 -23 -30
right_child=4 2 3 5 10 16 8 -9 -10 20 -12 -13 -14 14 15 -17 24 -19 -20 -21 21 28 -24 -25 25 -27 -28 -29 29 -31
leaf_value=-0.011365558567537787 0.020428343949909208 0.025855083821144917 0.030457766784197957 0.014809453261035508 -0.001108723625920179 0.02150408317639288 0.0046873941231453976 0.027705302482323418 0.016361761080328857 -0.0041600663280270643 0.0045005620605446826 0.01242800441690634 -0.014019470279914516 -0.0031395228886682111 -0.016800403144546481 -0.027290185722591967 0.019519228676736281 0.029832100747122461 0.0070454021497335069 -0.0006684679720427454 0.011674511090859308 -0.011794731614055908 0.0019895722966226871 -0.01356822311198224 -0.023026428188144189 0.0079861556465135649 -0.006955756300845546 0.0023183962869141178 0.016449268616436741 -0.0060257042193805873
leaf_weight=127.21748676896095 27.732985213398933 158.25312632322311 53.808260172605515 68.753402218222618 21.883921936154366 42.109330102801323 31.898838981986046 13.689404875040053 24.711899593472481 100.88543942570686 24.999632522463799 24.563998565077782 129.76547114551067 19.5881177932024 133.70364739000797 98.698280841112137 33.683191120624542 31.0392996519804 88.528996840119362 23.305792510509491 34.421694487333298 59.242204338312149 42.655705332756042 203.86690171062946 12.434473961591722 14.982988134026526 13.426204785704611 41.296930491924286 16.193775653839111 28.086867094039917
leaf_count=546 112 717 238 279 97 178 130 58 104 424 108 99 569 88 608 476 143 131 371 94 140 253 177 896 52 63 54 172 69 123
internal_value=8.20186e-05 0.00859945 0.0114901 0.00757624 -0.00919836 0.00521192 -0.00120827 -0.00440065 -0.00671569 -0.00509016 -0.0165298 -0.00745872 -0.0103222 -0.0184589 -0.0199553 -0.0213531 0.011721 0.0154514 0.0118339 0.0109672 -0.0067978 -0.00136352 -0.00894547 -0.0104775 0.00573848 -0.00639414 0.0112127 0.0102007 -0.00576892 0.00237532
internal_weight=1745.43 910.163 744.692 586.439 835.265 532.631 268.556 165.471 186.376 536.391 298.874 151.781 161.664 273.874 251.99 232.402 264.075 161.678 130.638 51.0388 485.353 137.945 347.408 304.752 102.398 27.4175 82.1796 74.9801 103.523 44.2806
internal_count=7569 3904 3201 2484 3665 2246 1136 703 803 2288 1377 645 699 1269 1172 1084 1110 680 549 206 2082 585 1497 1320 430 115 333 315 445 192
is_linear=0
shrinkage=0.03


Tree=28
num_leaves=31
num_cat=0
split_feature=1 22 16 22 22 6 24 6 11 25 1 8 6 11 23 1 5 24 23 23 13 3 0 0 10 22 11 11 0 4
split_gain=97.5503 41.3182 48.8362 41.1329 21.3699 12.5056 10.8507 10.2333 9.38375 8.69813 8.33623 7.77579 7.73539 10.1198 7.07806 7.80821 6.9543 6.92244 6.45425 6.43029 5.89016 10.1571 6.49821 7.1476 5.75157 5.67269 6.24971 5.63427 6.20828 4.94715
threshold=13.500000000000002 0.75000000000000011 1.0000000180025095e-35 -1.2499999999999998 1.0000000180025095e-35 1.5000000000000002 1.0000000180025095e-35 2.5000000000000004 2.5000000000000004 125.00000000000001 8.5000000000000018 1.0000000180025095e-35 29.500000000000004 100.50000000000001 -43.499999999999993 22.500000000000004 -0.15792647470923857 1.0000000180025095e-35 -135.49999999999997 -57.499999999999993 59.500000000000007 181.50000000000003 393.50000000000006 508.50000000000006 71.500000000000014 1.2500000000000002 60.500000000000007 109.50000000000001 191.50000000000003 186.50000000000003
decision_type=2 10 2 10 8 10 2 10 2 2 2 2 8 2 10 2 2 2 10 10 2 2 2 2 2 8 2 2 2 2
left_child=1 2 12 -4 7 6 9 17 10 20 -3 -12 13 -1 15 27 -10 -2 -5 -8 -6 22 -22 -24 -16 -25 -27 28 -7 -28
right_child=4 8 3 18 5 14 19 -9 16 -11 11 -13 -14 -15 24 -17 -18 -19 -20 -21 21 -23 23 25 -26 26 29 -29 -30 -31
leaf_value=-0.0060815946959315737 -0.0058261346714600501 0.0004590319288614495 0.026699802532004203 -0.0128420255590799 -0.021445643513968677 0.018316168463787291 -0.0079536848034057282 0.011704555363840357 0.016544216233136604 0.0060865242057165743 0.0050453929080228324 -0.014528040338940555 0.012411357534778933 0.016137108517123456 -0.021193698387028607 -0.01004720347862742 -0.0090651326356759997 0.011565757612222307 0.0088688552350629189 0.017487284157576045 -0.02526199225450225 -0.021929439716361448 0.01450139263739382 0.0083151365339061457 -0.0059566441065998918 -0.021878247444063408 0.012745702602250789 0.020690740644907914 -0.0025252310148440858 -0.012145451219941992
leaf_weight=144.81221134960651 127.71055945754051 138.60074482858181 210.23804546892643 12.373774558305739 133.73244741559029 14.127418175339697 22.554523125290871 57.495423018932343 35.501719936728477 15.352230265736578 22.424615085124969 88.243812769651413 33.048702299594879 20.150110319256783 35.0855912566185 61.606381013989449 12.19406473636627 23.564815819263458 176.90818522870541 13.42448168992996 13.398302406072615 64.670280277729034 15.386038258671759 15.197265252470975 61.484294176101685 27.241479158401482 11.426048904657366 13.395029902458189 84.990681707859039 16.068334713578224
leaf_count=613 541 579 964 51 616 61 98 241 146 67 97 379 135 84 155 277 51 97 728 58 60 311 68 68 273 126 52 58 373 74
internal_value=0.000162802 0.00702767 0.011567 0.0175924 -0.0072537 -0.0100486 -0.0138026 0.00104347 -0.00211429 -0.0155938 -0.00445229 -0.0105522 -0.000617446 -0.0032867 -0.00518323 -0.00154891 0.00994514 -0.00305876 0.00738954 0.00175504 -0.0167307 -0.0127646 -0.0066009 -0.0034117 -0.011653 -0.00750165 -0.0119635 0.00315183 0.000598593 -0.00171697
internal_weight=1722.41 894.496 597.531 399.52 827.912 619.141 348.451 208.771 296.965 312.472 249.269 110.668 198.011 164.962 270.689 174.12 47.6958 151.275 189.282 35.979 297.12 163.388 98.7175 85.3192 96.5699 69.9331 54.7359 112.513 99.1181 27.4944
internal_count=7501 3827 2575 1743 3674 2795 1598 879 1252 1442 1055 476 832 697 1197 769 197 638 779 156 1375 759 448 388 428 320 252 492 434 126
is_linear=0
shrinkage=0.03


Tree=29
num_leaves=31
num_cat=2
split_feature=20 26 20 22 1 2 20 15 20 21 12 9 22 5 5 9 26 8 16 1 3 2 8 22 15 25 2 4 9 12
split_gain=133.16 91.834 57.764 30.1196 22.0322 17.3989 14.3962 12.6949 14.0945 10.7205 10.5608 10.4378 8.61709 8.13783 11.1653 7.89236 6.55477 6.50816 6.39247 6.94447 6.0281 5.96449 5.96137 11.6288 6.2408 5.89538 5.45288 5.59052 5.23257 5.22633
threshold=69.250000000000014 0 53.750000000000007 1.2500000000000002 14.500000000000002 34.500000000000007 84.416666666666671 2.5000000000000004 82.583333333333357 1.0000000180025095e-35 1.0000000180025095e-35 5.5000000000000009 -2.4999999999999996 -0.97237349126337758 -0.22990226231742514 26.500000000000004 1 52.500000000000007 1.5000000000000002 21.500000000000004 20.500000000000004 7.5000000000000009 54.500000000000007 1.0000000180025095e-35 23.500000000000004 82.500000000000014 51.500000000000007 20.500000000000004 24.500000000000004 2.5000000000000004
decision_type=10 1 10 10 2 2 10 2 10 8 2 2 10 2 2 2 1 2 2 2 2 2 2 10 2 2 2 2 2 2
left_child=1 2 18 5 10 12 9 -7 22 -5 -3 -4 -2 15 17 -13 26 -15 19 -1 -18 -11 23 24 -9 -23 27 -16 -8 -14
right_child=3 4 11 6 -6 7 28 8 -10 21 -12 13 29 14 16 -17 20 -19 -20 -21 -22 25 -24 -25 -26 -27 -28 -29 -30 -31
leaf_value=0.024325610306839749 0.020583898255152742 0.0083360576683321769 0.020434039673685508 0.0077781583746034224 -0.019995699817725497 -0.022168573764745517 -0.0028164738578772036 0.018854819939545131 -0.013776914117123815 -0.00017324197376160212 -0.0054658330827676068 -0.005707327015207769 -0.0089321738001194445 -0.01790067216372071 0.017211046997751528 0.016347133486788124 0.015231745233700078 0.0048371767974475484 0.03529856263721249 0.0031638708848958654 -0.0071817185764824105 -0.019144182748632176 0.0093552543062553999 -0.024698069006662798 -0.0089869706112654952 -0.0073478845370072788 0.021732721143601703 -0.0096766726190952741 -0.023259454607138394 0.0024913316992886438
leaf_weight=204.15786288678646 19.496007472276688 72.855500981211662 38.313179776072502 26.66108213365078 71.622616842389107 53.07727038860321 12.508670240640638 15.070115700364115 94.685559809207916 30.887547075748444 152.84991262853146 18.245296612381935 43.717721953988075 37.458771675825119 12.142022371292116 64.422040402889252 12.76610893011093 15.548968911170958 49.921678498387337 15.322052314877508 49.359785929322243 98.789625316858292 51.381038561463356 16.496390357613564 12.367462724447249 64.766364961862564 30.66889500617981 13.850663259625433 148.33950527012348 184.85821297764778
leaf_count=947 79 303 156 117 333 235 54 62 425 132 650 74 183 155 50 261 52 63 228 65 204 449 215 72 52 286 124 56 704 774
internal_value=-0.000317716 0.00805992 0.0150268 -0.00856467 -0.00544029 -0.00363872 -0.0148729 -0.00932609 -0.00564121 -0.00983323 -0.000993599 0.00603627 0.00194922 0.00379696 5.99478e-05 0.0114695 0.00516537 -0.0112648 0.0252946 0.0228693 -0.00207844 -0.0122755 0.00249989 -0.00554727 0.00643044 -0.014546 0.011391 0.00305575 -0.0216969 0.000277067
internal_weight=1732.61 859.505 562.177 873.103 297.328 491.15 381.953 243.078 190.001 221.105 225.705 292.776 248.072 254.463 171.795 82.6673 118.787 53.0077 269.402 219.48 62.1259 194.444 95.315 43.934 27.4376 163.556 56.6616 25.9927 160.848 228.576
internal_count=7560 3721 2435 3839 1286 2097 1742 1061 826 984 953 1195 1036 1039 704 335 486 218 1240 1012 256 867 401 186 114 735 230 106 758 957
cat_boundaries=0 1 2
cat_threshold=22 4
is_linear=0
shrinkage=0.03


Tree=30
num_leaves=31
num_cat=0
split_feature=18 20 1 20 6 2 5 1 20 6 25 8 1 21 15 13 10 13 8 25 12 10 15 15 5 15 13 23 0 0
split_gain=144.734 73.5901 33.5107 26.6405 15.5139 13.0517 11.4472 11.3134 11.2371 9.82659 8.30277 7.98498 7.97385 7.34569 7.31997 6.90456 7.30965 6.55761 6.09281 5.89377 5.60041 8.39326 7.70574 6.96218 5.59858 6.74541 6.03946 8.99169 7.73609 6.23849
threshold=1.0000000180025095e-35 73.166666666666671 13.500000000000002 53.750000000000007 1.5000000000000002 1.5000000000000002 -1.2251105459000546 17.500000000000004 92.166666666666671 29.500000000000004 132.50000000000003 6.5000000000000009 31.500000000000004 -25.499999999999996 1.0000000180025095e-35 33.500000000000007 55.500000000000007 5.5000000000000009 4.5000000000000009 77.500000000000014 21.500000000000004 65.500000000000014 11.500000000000002 7.5000000000000009 0.33705737419530829 2.5000000000000004 98.500000000000014 -130.49999999999997 85.500000000000014 154.50000000000003
decision_type=2 8 2 10 10 2 2 2 8 8 2 2 2 10 2 2 2 2 2 2 2 2 2 2 2 2 2 10 2 2
left_child=1 3 9 18 10 17 14 -2 11 15 -4 -6 20 24 -7 16 -3 -5 -1 -15 21 22 -13 -23 26 -26 27 -8 -29 -30
right_child=7 2 4 5 8 6 13 -9 -10 -11 -12 12 -14 19 -16 -17 -18 -19 -20 -21 -22 23 -24 -25 25 -27 -28 28 29 -31
leaf_value=0.010034182147231589 0.027002102765267016 -0.0036580102087485629 -0.018399696809806708 0.0020214796482887747 -0.017645405500635085 0.00026310680934435671 -0.035257484001110367 0.001923154454813358 -0.018915716236827418 0.013051505086726483 0.0014349632429127015 0.0055779466830599388 -0.021809697700212374 0.00060265020365995342 0.017040343584896315 0.0049460625776488274 -0.022376426781569491 0.019302121736982734 0.026916361250326447 0.023279279649978477 -0.0095228801200657187 -0.0098953613892229213 -0.021972136271918418 0.014139588937352576 -0.0097402845775648277 0.0084375218367001344 0.0049233016205991794 0.011472336411632278 -0.029798978868988697 -0.0080873197056444395
leaf_weight=31.163064509630203 175.37682145833969 322.37021793425083 284.27731247246265 30.138506293296814 28.317346751689911 42.66003692150116 12.185802429914473 18.001072019338608 52.543891116976738 36.893020316958427 20.199832126498222 18.962879225611687 13.460976362228392 32.174732878804207 50.940861642360687 80.7873445302248 19.006056874990463 57.859053790569305 57.85066419839859 14.221432998776434 31.023495122790337 12.260913640260695 16.08447103202343 64.395300015807152 29.304606005549431 45.694076701998711 22.644232273101807 13.899480119347571 13.918450579047201 66.57692077755928
leaf_count=134 842 1359 1340 123 130 175 51 77 242 151 88 81 64 131 208 336 84 237 253 58 138 54 70 281 123 188 95 57 58 281
internal_value=0.00031166 -0.00280022 -0.00755917 0.00633228 -0.0126071 0.00323196 0.000582501 0.0246895 -0.00680982 -0.00158995 -0.0170834 -0.00327889 -0.000578509 -0.00276404 0.00947747 -0.0028973 -0.00476247 0.0134728 0.0211832 0.00789804 0.00156167 0.00469737 -0.00732455 0.0102174 -0.00521296 0.00130011 -0.00897393 -0.0119449 -0.00859731 -0.0121611
internal_weight=1715.19 1521.81 1000.58 521.232 541.526 432.218 344.221 193.378 237.049 459.057 304.477 184.505 156.188 250.62 93.6009 422.164 341.376 87.9976 89.0137 46.3962 142.727 111.704 35.0474 76.6562 204.224 74.9987 129.225 106.581 94.3949 80.4954
internal_count=7509 6590 4418 2172 2488 1785 1425 919 1060 1930 1428 818 688 1042 383 1779 1443 360 387 189 624 486 151 335 853 311 542 447 396 339
is_linear=0
shrinkage=0.03


Tree=31
num_leaves=31
num_cat=3
split_feature=18 20 1 20 20 26 0 26 26 4 22 22 3 20 10 10 22 1 8 5 20 25 8 20 22 8 8 4 11 10
split_gain=152.961 93.0752 30.66 25.7136 18.3953 15.5778 13.2956 12.2584 11.8664 8.93833 8.9131 8.87583 8.75201 8.1433 8.692 11.8478 8.01027 7.57976 6.70136 6.56304 6.47571 5.96349 5.70291 5.62927 5.37815 13.1013 9.32534 7.23509 6.05946 5.37313
threshold=1.0000000180025095e-35 70.250000000000014 12.500000000000002 50.750000000000007 82.583333333333357 0 32.500000000000007 1 2 18.500000000000004 1.7500000000000002 -0.74999999999999989 86.500000000000014 79.166666666666671 33.500000000000007 16.500000000000004 1.0000000180025095e-35 31.500000000000004 3.5000000000000004 -0.57729600378592705 74.583333333333357 142.50000000000003 5.5000000000000009 55.750000000000007 117.25000000000001 50.500000000000007 39.500000000000007 131.50000000000003 99.500000000000014 77.500000000000014
decision_type=2 8 2 10 8 1 2 1 1 2 10 8 2 10 2 2 10 2 2 2 10 2 2 10 8 2 2 2 2 2
left_child=1 3 5 22 8 6 -3 12 18 -2 23 -7 -5 14 15 -13 -10 21 -4 29 -21 -6 -1 -9 26 -26 -8 -28 -27 -18
right_child=9 2 4 7 17 11 24 10 16 -11 -12 13 -14 -15 -16 -17 19 -19 -20 20 -22 -23 -24 -25 25 28 27 -29 -30 -31
leaf_value=0.012508321297440578 0.029400270396238198 0.036869927450765484 -0.00901728770080195 0.016259611127654963 -0.014895124157576911 0.012775886743752371 -0.0051346396971179544 0.020591022980785953 0.0081788317209062055 0.013923686100414967 -0.0098593019314343455 -0.00010457120094454105 0.0025621099154066892 -0.014878359738473339 0.0093290249546876744 -0.016321672450866902 -0.0080617290944576068 -0.024835769879838522 -0.026235182284333903 0.0029313397890698878 -0.015795012846545192 0.0037022448360739023 0.031202610687934614 0.0018047052819271242 0.015735840976840679 -0.021439290382646359 0.024968792709415558 -0.00058170978365114595 0.0028012871864372879 0.01147453421136024
leaf_weight=23.912652060389519 142.97390331327915 11.179372325539587 54.639643147587776 117.24364171922207 276.78288403153419 21.568277671933174 24.845594316720963 15.622884824872015 57.163896784186363 47.561869606375694 57.607010066509247 102.66100236773491 65.759019866585732 79.797576516866684 37.275578990578651 66.023539885878563 20.982547327876091 72.573829814791679 33.175115913152695 22.87133102118969 57.209305509924889 16.059206873178482 47.701587408781052 107.14798581600189 21.743658065795898 24.837810277938843 32.478059366345406 14.143554881215094 14.155659347772596 29.064754471182823
leaf_count=105 698 50 251 476 1286 87 100 64 236 217 243 425 267 344 162 284 89 364 154 101 261 69 214 436 88 105 131 57 59 126
internal_value=0.000358536 -0.00281108 -0.0074871 0.00890952 -0.0117003 -0.00148694 0.00641158 0.00563497 -0.00581035 0.0256298 -0.000210927 -0.00521952 0.0107918 -0.0067996 -0.00361278 -0.00651077 -0.00103871 -0.0161066 -0.0141508 -0.00519859 -0.0104765 -0.0138661 0.0252186 0.00434236 0.00405986 -0.00248794 0.00958212 0.0173681 -0.0127893 0.0032864
internal_weight=1716.76 1526.23 1091.23 434.995 640.523 450.71 143.384 363.381 275.107 190.536 180.378 307.326 183.003 285.758 205.96 168.685 187.292 365.416 87.8148 130.128 80.0806 292.842 71.6142 122.771 132.204 60.7371 71.4672 46.6216 38.9935 50.0473
internal_count=7549 6634 4829 1805 2937 1892 590 1486 1218 915 743 1302 743 1215 871 709 813 1719 405 577 362 1355 319 500 540 252 288 188 164 215
cat_boundaries=0 1 2 3
cat_threshold=24 20 3
is_linear=0
shrinkage=0.03


Tree=32
num_leaves=31
num_cat=1
split_feature=18 20 1 20 22 26 8 2 25 20 4 20 9 15 13 20 24 1 20 2 11 15 11 23 15 8 9 12 8 22
split_gain=150.159 82.9428 31.6365 20.624 18.3053 18.7683 17.6932 15.3417 15.1856 12.3304 10.7648 10.257 10.0069 11.089 9.8028 8.82209 8.08949 8.07295 7.73399 7.43368 6.94195 6.78532 6.61368 6.1754 6.07492 9.62214 7.84997 5.94204 5.46822 5.46158
threshold=1.0000000180025095e-35 68.750000000000014 21.500000000000004 55.250000000000007 1.0000000180025095e-35 0 70.500000000000014 43.500000000000007 147.50000000000003 83.166666666666671 12.500000000000002 83.416666666666671 5.5000000000000009 3.5000000000000004 11.500000000000002 88.166666666666671 1.0000000180025095e-35 12.500000000000002 78.166666666666671 1.0000000180025095e-35 48.500000000000007 58.500000000000007 81.500000000000014 -59.499999999999993 2.5000000000000004 2.5000000000000004 102.50000000000001 7.5000000000000009 290.50000000000006 0.75000000000000011
decision_type=2 8 2 10 8 1 2 2 2 8 2 10 2 2 2 10 2 2 8 2 2 2 2 10 2 2 2 2 2 10
left_child=1 3 4 14 15 6 10 11 18 -8 -6 16 23 -14 29 24 -7 -2 -4 -11 -21 -15 -22 -5 25 27 -26 -3 -20 -1
right_child=17 2 8 12 5 7 9 -9 -10 19 -12 -13 13 21 -16 -17 -18 -19 28 20 22 -23 -24 -25 26 -27 -28 -29 -30 -31
leaf_value=0.017623674547180893 0.027403059300544121 0.015624390111283158 -0.0088282989262646466 0.0019066622381716078 0.028912619204135171 -0.0069502746629014267 0.0069495078426404415 -0.022113593320735852 0.0073164072755403722 0.0064543552483698925 0.0043352346228064907 -0.022404415791529669 -0.0052856097429047778 0.010401360522432505 0.024554142110484203 -0.012419238258054808 0.016014824511969714 0.010421911886560728 -0.017314798606721218 0.0026390765017417833 -0.032660401862194148 -0.012281852606930647 -0.013002744853988365 0.027635446035340395 0.0062564959500476065 -0.011477214376156914 0.027508166866628832 -0.0049133366315081035 -0.028884849064367054 -0.006436808970182728
leaf_weight=14.960761472582815 157.57347665727139 33.579063400626183 78.375335037708282 13.292075142264364 19.716509804129601 215.74687826633453 42.729341626167297 92.371117889881134 24.104761958122253 16.521386191248894 73.230666041374207 36.892348125576973 109.92451438307762 105.2347370237112 82.397076681256294 27.458906531333923 13.809031322598456 31.956731528043747 183.39108346402645 16.4374178647995 21.400822311639786 12.51440693438053 58.680555418133736 22.548668399453163 74.423710018396378 37.516739547252655 19.148976936936378 19.406882658600807 49.60349640250206 17.327556550502777
leaf_count=66 778 138 349 54 85 927 179 423 104 71 300 168 453 427 359 115 58 142 885 71 97 51 267 92 304 156 79 80 250 73
internal_value=-0.000508908 -0.00362893 -0.00762207 0.00854902 -0.00443402 -0.00707742 -0.000476864 -0.011311 -0.0153695 -0.00666345 0.009801 -0.00792019 0.00389668 0.00154237 0.0191127 0.00315553 -0.00550533 0.0246096 -0.0171435 -0.011825 -0.014988 0.00790746 -0.018594 0.0184043 0.0055334 -2.24473e-05 0.0108504 0.00815047 -0.0198909 0.00490611
internal_weight=1722.28 1532.74 1154.55 378.2 819.07 607.536 248.717 358.819 335.475 155.77 92.9472 266.448 263.514 227.674 114.685 211.534 229.556 189.53 311.37 113.04 96.5188 117.749 80.0814 35.8407 184.075 90.5027 93.5727 52.9859 232.995 32.2883
internal_count=7601 6681 5106 1575 3518 2646 1070 1576 1588 685 385 1153 1077 931 498 872 985 920 1484 506 435 478 364 146 757 374 383 218 1135 139
cat_boundaries=0 1
cat_threshold=24
is_linear=0
shrinkage=0.03


Tree=33
num_leaves=31
num_cat=0
split_feature=18 20 1 20 25 15 20 1 15 15 10 20 13 14 4 4 4 3 1 23 13 2 4 20 13 21 11 20 23 9
split_gain=146.825 81.9793 34.6798 18.6056 15.7669 13.2694 11.6062 11.5696 9.8664 9.4012 10.065 7.82321 16.5867 9.15406 8.82917 8.34854 7.87297 7.04427 6.74721 6.6051 6.03908 8.14167 8.12885 5.90476 5.59194 6.87155 6.61645 5.58571 5.5637 5.52399
threshold=1.0000000180025095e-35 61.250000000000007 13.500000000000002 77.833333333333357 142.50000000000003 16.500000000000004 44.250000000000007 28.500000000000004 5.5000000000000009 17.500000000000004 87.500000000000014 79.166666666666671 44.500000000000007 5.5000000000000009 61.500000000000007 1.0000000180025095e-35 30.500000000000004 243.50000000000003 22.500000000000004 -37.499999999999993 4.5000000000000009 33.500000000000007 35.500000000000007 73.166666666666671 24.500000000000004 9.5000000000000018 83.500000000000014 92.416666666666671 -31.499999999999996 138.50000000000003
decision_type=2 8 2 8 2 2 10 2 2 2 2 10 2 2 2 2 2 2 2 8 2 2 2 10 2 8 2 10 10 2
left_child=1 6 11 8 7 -2 -1 24 -4 -10 -11 12 15 14 -13 -3 -17 19 20 23 -8 -22 -23 -12 26 29 -5 28 -27 -26
right_child=5 2 3 4 -6 -7 18 -9 9 10 17 13 -14 -15 -16 16 -18 -19 -20 -21 21 22 -24 -25 25 27 -28 -29 -30 -31
leaf_value=0.029949120394506937 0.026891953346265526 0.0059405560330011171 -0.01221830515489726 -0.02600505096003013 0.0056891012477101955 -0.0017024118975071825 -0.00026362078521359467 -0.02397563617191353 0.011015364941333657 -0.018615476248457271 0.007410478090737198 -0.0070756080491964695 0.020066534499214524 -0.015917677919014342 0.012280913000092987 -0.0080908009007877937 0.0014056864939549997 -0.018051147723319248 -0.0034359875495000398 0.021213524959674622 0.022944603838316553 0.02029101240525033 -0.0045021865285317653 -0.014844831495340194 -0.011937151183697082 -0.0025288585081657583 -0.006683313834468854 -0.020765098175965148 -0.015096654016415903 -0.033462418754634432
leaf_weight=35.100144043564796 172.59261180460453 119.61745658516884 83.736053302884102 50.773970618844032 32.541673675179482 15.822075352072714 23.673136040568352 115.05459979176521 50.505744650959969 31.177368059754372 29.590727388858795 67.496422737836838 36.350987330079079 60.170334219932556 29.726821899414062 156.16028954088688 156.6141971796751 12.721881404519079 24.461277484893799 16.695290639996529 67.712928295135498 20.330581203103065 26.272796809673309 15.526487171649931 29.325508192181587 124.3898693472147 24.309847995638847 25.13670839369297 41.804572656750679 17.859682738780975
leaf_count=164 856 499 372 240 140 69 98 580 209 130 122 284 149 260 122 657 655 56 101 70 282 85 108 69 134 568 117 117 190 84
internal_value=-0.000417553 -0.00350981 -0.00619535 -0.010773 -0.0142933 0.0244944 0.0144739 -0.01582 -0.00397558 0.000492314 -0.00459138 -0.00106029 0.000885683 -0.00682471 -0.00109241 -0.000769423 -0.00334634 0.00144362 0.0109674 0.00567942 0.0135271 0.0163604 0.00651281 -0.000404209 -0.0127611 -0.010434 -0.0199193 -0.0078304 -0.00576155 -0.0206099
internal_weight=1713.25 1524.84 1327.29 701.15 461.196 188.415 197.551 428.655 239.954 156.217 105.712 626.137 468.743 157.394 97.2232 432.392 312.774 74.5344 162.451 61.8125 137.989 114.316 46.6034 45.1172 313.6 238.516 75.0838 191.331 166.194 47.1852
internal_count=7587 6662 5824 3198 2170 925 838 2030 1028 656 447 2626 1960 666 406 1811 1312 317 674 261 573 475 193 191 1450 1093 357 875 758 218
is_linear=0
shrinkage=0.03


Tree=34
num_leaves=31
num_cat=1
split_feature=18 20 2 20 22 26 8 6 11 10 1 25 20 6 22 8 20 22 22 23 4 9 3 11 20 1 15 4 8 8
split_gain=116.126 68.7718 29.7875 21.1165 13.3656 13.2142 17.4607 12.2954 11.9638 11.2515 9.86542 9.50893 11.1238 10.5887 9.34262 9.66352 11.8745 8.86014 8.52568 10.4973 6.78573 6.60411 6.51866 6.37295 7.06549 5.96446 5.70706 5.34786 5.34318 9.12384
threshold=1.0000000180025095e-35 70.250000000000014 34.500000000000007 52.750000000000007 0.75000000000000011 0 167.50000000000003 2.5000000000000004 49.500000000000007 84.500000000000014 11.500000000000002 82.500000000000014 76.166666666666671 26.500000000000004 1.0000000180025095e-35 149.50000000000003 78.166666666666671 -0.74999999999999989 109.75000000000001 -95.499999999999986 93.500000000000014 60.500000000000007 143.50000000000003 74.500000000000014 61.250000000000007 24.500000000000004 3.5000000000000004 81.500000000000014 80.500000000000014 34.500000000000007
decision_type=2 8 2 10 10 1 2 8 2 2 2 2 10 8 10 2 10 8 8 10 2 2 2 2 10 2 2 2 2 2
left_child=1 3 11 -1 28 6 9 23 22 18 -2 13 21 17 15 16 -7 -3 19 -4 -14 -13 -8 24 -6 -10 -9 -11 29 -5
right_child=10 2 5 4 7 14 8 26 25 27 -12 12 20 -15 -16 -17 -18 -19 -20 -21 -22 -23 -24 -25 -26 -27 -28 -29 -30 -31
leaf_value=0.020942087342583644 0.025915233053855048 0.013646613910567628 0.023771259228288884 0.0087289994120932201 0.0018094278155300595 0.0061407081295095636 0.015231633522019596 0.0020272440327540626 -0.0057716127284220264 0.025846868991683276 0.008156342064381171 0.019604281872542473 0.0034685287924650036 0.011187364186585788 -0.021156410340968615 -0.021670536463563598 -0.016454864531695552 -0.0070801090156370405 -0.017646450026066057 -0.0062018817266306881 -0.013959238449853806 -0.0032676408718742794 -0.0127084187802187 0.010272024057208066 -0.016373648098020194 -0.023351412998361014 0.01842811412553555 0.0053705635905299904 -0.0019324305309560425 0.027916669107542372
leaf_weight=82.320738762617111 146.75660674273968 18.806420043110847 13.135750412940977 99.414824455976486 27.136882320046425 45.437492996454239 15.738773167133333 64.105601117014885 23.587539315223694 14.849211305379866 36.241049602627754 47.710787400603294 62.846915677189827 35.32439087331295 167.23595653474331 42.302370950579643 37.219237715005875 316.12137475609779 33.37123741209507 40.106144636869431 28.379979625344276 14.48075023293495 12.66995947062969 13.949449986219404 63.526830166578293 74.609848782420158 26.37763312458992 44.504153400659561 24.878660321235657 28.450776606798172
leaf_count=369 743 76 55 404 111 196 70 263 107 66 164 200 267 145 808 206 166 1363 149 168 122 62 59 57 267 372 107 200 101 116
internal_value=-4.75996e-05 -0.00277306 -0.00678512 0.00737085 0.00410823 -0.0115579 -0.00598675 -0.00109927 -0.0143118 0.00087499 0.0224617 -0.0016256 0.00463473 -0.00422513 -0.0159679 -0.0101789 -0.00410885 -0.00587913 -0.00599729 0.00149495 -0.00204569 0.0143113 0.00276228 -0.00806781 -0.0109708 -0.0192294 0.00695759 0.0108368 0.0107235 0.0131819
internal_weight=1701.6 1518.6 1088.44 430.161 347.841 564.768 272.573 195.096 126.606 145.966 182.998 523.671 153.418 370.252 292.195 124.959 82.6567 334.928 86.6131 53.2419 91.2269 62.1915 28.4087 104.613 90.6637 98.1974 90.4832 59.3534 152.744 127.866
internal_count=7559 6652 4857 1795 1426 2622 1246 805 608 638 907 2235 651 1584 1376 568 362 1439 372 223 389 262 129 435 378 479 370 266 621 520
cat_boundaries=0 1
cat_threshold=48
is_linear=0
shrinkage=0.03


Tree=35
num_leaves=31
num_cat=2
split_feature=18 20 2 20 26 3 20 1 10 26 11 5 8 4 0 3 8 10 4 21 8 2 21 4 9 23 0 0 23 12
split_gain=114.184 60.5936 28.0306 18.4346 15.5608 23.3924 11.1434 9.4716 10.7468 8.12035 16.8061 9.3111 7.76145 7.56227 7.74917 7.68726 7.36602 7.31543 7.13659 8.66897 10.0353 6.97996 6.94502 6.5617 6.61524 7.95665 6.43104 6.37744 7.147 8.30185
threshold=1.0000000180025095e-35 69.250000000000014 34.500000000000007 45.250000000000007 0 148.50000000000003 78.166666666666671 17.500000000000004 103.50000000000001 1 52.500000000000007 -2.3943864864690467 23.500000000000004 95.500000000000014 187.50000000000003 26.500000000000004 163.50000000000003 26.500000000000004 66.500000000000014 -25.499999999999996 120.50000000000001 10.500000000000002 -20.499999999999996 54.500000000000007 24.500000000000004 -64.499999999999986 266.50000000000006 32.500000000000007 -78.499999999999986 11.500000000000002
decision_type=2 8 2 10 1 2 10 2 2 1 2 2 2 2 2 2 2 2 2 10 2 2 10 2 2 10 2 2 10 2
left_child=1 3 9 -1 5 22 -6 -5 26 10 27 17 13 14 23 -16 -7 -12 -10 20 -20 -13 -4 24 -11 -26 -9 -3 -29 -30
right_child=-2 2 4 7 6 16 -8 8 18 12 11 21 -14 -15 15 -17 -18 -19 19 -21 -22 -23 -24 -25 25 -27 -28 28 29 -31
leaf_value=0.02773791816171238 0.022733684957333421 0.033539555141261654 0.0065701273986086845 0.0090370092443643451 -0.009991363607207213 -0.00028043340020729403 -0.021293561252907756 0.0047374075964810259 0.02662515450155193 0.00090315446899533289 -0.0052702361765063392 -0.00094926521787243355 -0.014632421512223572 0.016088210892542681 -0.034346542036238707 -0.0052819262878624545 -0.020110590129113745 0.024023011177468793 -0.021022507042706955 0.02177134660662804 0.010547141681310206 -0.019412565079548083 -0.0072669524851827483 0.016821746122355423 -0.023023814642835799 -0.0024332321395472488 -0.018422193049419826 -0.0043886593894767057 0.022164301741033291 -0.0020743620256091964
leaf_weight=37.050484105944633 182.34441435337067 11.141002550721167 114.27118082344532 240.22201871871948 174.55336913466454 21.509470164775848 147.051842674613 14.813658237457274 12.089706763625143 156.00053031742573 14.556766062974932 37.243259727954865 49.659342721104622 18.636814042925835 12.284305512905119 22.543517038226128 77.450908303260803 14.557438299059866 18.292818620800972 12.729551509022711 16.227846384048462 35.687480881810188 44.616033777594566 15.843944311141966 25.850618273019791 46.272664606571198 35.56459404528141 22.431261256337166 43.175640970468521 17.632944419980049
leaf_count=176 914 51 489 990 802 100 712 62 50 651 59 162 216 83 55 100 386 60 76 52 67 160 201 68 113 200 147 92 176 73
internal_value=0.000376562 -0.00233657 -0.00586376 0.00788738 -0.0104483 -0.00430783 -0.0147519 0.00571262 -0.00158183 -0.00096594 0.00379938 -0.00443256 -0.00366962 -0.00191934 -0.0031763 -0.016206 -0.0158463 0.00968808 0.00701936 0.00155506 -0.00630278 -0.0101244 0.00266348 -0.00125767 -0.00258128 -0.0100273 -0.0116525 0.0130513 0.0099435 0.0152159
internal_weight=1692.31 1509.96 1122.97 386.991 579.453 257.848 321.605 349.94 109.718 543.518 196.426 102.045 347.092 297.432 278.796 34.8278 98.9604 29.1142 59.3399 47.2502 34.5207 72.9307 158.887 243.968 228.124 72.1233 50.3783 94.3808 83.2398 60.8086
internal_count=7543 6629 5009 1620 2690 1176 1514 1444 454 2319 833 441 1486 1270 1187 155 486 119 245 195 143 322 690 1032 964 313 209 392 341 249
cat_boundaries=0 1 2
cat_threshold=16 24
is_linear=0
shrinkage=0.03


Tree=36
num_leaves=31
num_cat=2
split_feature=18 20 20 6 2 26 26 20 10 20 0 15 5 8 2 5 5 13 10 15 2 20 24 12 8 5 10 13 23 23
split_gain=126.715 66.2079 25.6598 15.331 14.3938 19.0833 14.1042 11.685 10.8954 9.78822 7.77288 7.62558 8.4804 7.46502 7.03041 7.36932 8.79931 7.98714 6.69073 6.62095 6.36518 5.72005 5.62603 5.52498 8.70339 5.96708 5.43383 5.41088 5.40576 6.06396
threshold=1.0000000180025095e-35 61.750000000000007 86.583333333333357 2.5000000000000004 6.5000000000000009 0 1 53.750000000000007 146.50000000000003 75.583333333333357 55.500000000000007 23.500000000000004 0.74796571677248902 25.500000000000004 45.500000000000007 0.03448179895537163 -3.0889720570252992 2.5000000000000004 122.50000000000001 21.500000000000004 5.5000000000000009 77.833333333333357 1.0000000180025095e-35 12.500000000000002 4.5000000000000009 -2.4827088440514808 8.5000000000000018 22.500000000000004 -37.499999999999993 -86.499999999999986
decision_type=2 8 10 8 2 1 1 10 2 10 2 2 2 2 2 2 2 2 2 2 2 10 2 2 2 2 2 2 10 10
left_child=1 7 3 4 -3 11 9 10 23 26 -1 13 28 -6 15 16 -8 -17 -14 -2 -18 -15 -10 24 -4 -26 -5 -28 29 -13
right_child=19 2 8 6 5 -7 14 -9 22 -11 -12 12 18 21 -16 17 20 -19 -20 -21 -22 -23 -24 -25 25 -27 27 -29 -30 -31
leaf_value=0.0028501269213312619 0.025536225558500561 0.0044652400127064397 -0.021581787816550811 0.029628272578112957 -0.013102514042385606 -0.015688080919329106 -0.013959279933268417 0.0069816377477424172 -0.02738073899654387 -0.0010155849203454736 0.026042649113827376 -0.0064191546001785543 -0.0062426076809797464 0.014242728532416165 -0.014239169412945526 0.0066908216969324029 -0.0018109181393840634 -0.020800827161142895 0.0222572737388738 0.0015730971232143346 0.0096227551703673003 -0.0012864974766934882 -0.0031367939348224904 -0.016274169051317639 0.018381666211280158 -0.0039026951077880141 0.002856750701325099 0.01518330682714226 -0.00074599796369700087 -0.021973686611879404
leaf_weight=16.162512987852097 168.35616134107113 88.234248340129852 21.214653491973877 12.195089593529699 19.469786033034325 189.25107036530972 30.885557860136032 105.32837669551373 59.050723597407341 102.7817265689373 71.670760542154312 45.817608669400215 14.766719087958338 45.198814034461975 48.208154305815697 12.908456847071646 100.41800862550735 31.314469829201698 13.235872626304625 11.199224174022673 76.395940974354744 39.400423213839531 10.382811546325682 66.201101765036583 11.924266263842581 65.251970201730728 63.40573850274086 65.008484438061714 36.897615283727646 45.777488514780998
leaf_count=73 859 374 98 55 83 885 130 430 312 433 324 208 65 185 218 54 417 134 59 49 325 170 49 311 50 296 265 269 167 208
internal_value=0.00030672 -0.00253402 -0.00494423 -0.00298877 -0.00657367 -0.00874413 0.000565593 0.0138225 -0.0139304 0.00578545 0.021855 -0.00294749 -0.00722719 0.00321519 -0.00374052 -0.00183102 0.000555838 -0.0128056 0.00753127 0.0240586 0.00315556 0.00707976 -0.0238514 -0.00962647 -0.0050349 -0.000268518 0.0111374 0.00916606 -0.0104768 -0.0143464
internal_weight=1688.31 1508.76 1315.6 1081.57 538.05 449.815 543.522 193.162 234.026 243.391 87.8333 260.564 156.495 104.069 300.131 251.922 207.7 44.2229 28.0026 179.555 176.814 84.5992 69.4335 164.592 98.3909 77.1762 140.609 128.414 128.493 91.5951
internal_count=7555 6647 5820 4704 2404 2030 2300 827 1116 1022 397 1145 707 438 1278 1060 872 188 124 908 742 355 361 755 444 346 589 534 583 416
cat_boundaries=0 1 2
cat_threshold=20 28
is_linear=0
shrinkage=0.03


Tree=37
num_leaves=31
num_cat=2
split_feature=18 20 22 20 8 22 22 26 1 15 15 26 5 24 13 1 8 11 11 10 15 9 23 5 22 5 6 13 23 23
split_gain=104.956 57.7796 28.2669 22.8545 19.4637 12.9364 16.36 11.7525 10.9956 8.78112 7.80782 7.74577 10.4056 7.53887 7.4122 6.76942 8.34052 6.2122 12.8702 6.12607 7.80657 6.02503 5.99076 5.80588 5.62306 6.68029 5.61614 7.11347 7.91721 5.48296
threshold=1.0000000180025095e-35 72.750000000000014 1.2500000000000002 48.250000000000007 213.50000000000003 1.2500000000000002 23.500000000000004 0 7.5000000000000009 25.500000000000004 21.500000000000004 1 -2.8065292935569111 1.0000000180025095e-35 96.500000000000014 4.5000000000000009 22.500000000000004 85.500000000000014 54.500000000000007 15.500000000000002 3.5000000000000004 140.50000000000003 -30.499999999999996 -0.61768694324686091 1.0000000180025095e-35 0.50731975205531465 1.5000000000000002 18.500000000000004 -60.499999999999993 -22.499999999999996
decision_type=2 8 10 10 2 10 10 1 2 2 2 1 2 2 2 2 2 2 2 2 2 2 10 2 10 2 8 2 10 10
left_child=1 3 4 -1 7 19 26 17 11 14 -2 29 -13 24 15 -4 -17 18 -3 -5 23 -18 -11 -21 -10 -26 -7 -28 -29 -9
right_child=10 2 9 5 -6 6 -8 8 13 22 -12 12 -14 -15 -16 16 21 -19 -20 20 -22 -23 -24 -25 25 -27 27 28 -30 -31
leaf_value=0.02471962759288809 0.023302826398062387 0.0083422440730123101 0.011135160378840471 0.016787757569700596 -0.019088133414349357 -0.014942456172326037 0.023813976339202216 -0.0040234006367841574 -0.0060202458733537145 -0.022391084681950679 -0.0019635649393467168 -0.0099651786352839243 0.020911964044320098 0.0077090028371741958 0.013278562786663005 -0.019136711757643036 -0.0013919537255612827 0.026406908310982542 -0.019499964680433211 0.0059339890707463408 0.010392617079815081 -0.020226816371927605 -0.0060831527772647618 -0.0074409972562053889 -0.020342844808539096 0.0011661010866134051 -0.011466701465221579 0.019242310919577718 -0.0076212511687330405 0.013490808143005552
leaf_weight=51.855765357613564 170.03187796473503 106.07228545844555 10.993970781564711 50.651228830218315 60.589240342378616 50.921833127737045 16.219174817204475 132.3638292402029 191.97420038282871 112.83738711476326 11.60539537668228 12.586022764444349 36.840241834521294 26.665718495845795 11.334059819579123 83.087786987423897 66.681386932730675 11.956018686294554 16.400652050971985 61.528590455651283 129.50262634456158 18.897856816649437 25.783018857240677 53.818160369992256 59.070334121584892 16.449854955077171 35.787184983491898 20.390723586082458 17.564534425735474 17.309223428368568
leaf_count=247 878 440 46 209 291 219 67 554 859 565 51 51 157 113 54 398 292 52 72 253 531 91 128 224 283 76 149 85 74 72
internal_value=0.000208815 -0.00239404 -0.00646165 0.00608209 -0.00299351 0.00381593 -0.00364728 -0.00141204 -0.00353741 -0.0136726 0.0216866 0.00183087 0.010855 -0.00728462 -0.00941957 -0.0109171 -0.0124116 0.00616136 0.00448609 0.0073744 0.00536673 -0.00573671 -0.0194231 -0.000316793 -0.00880244 -0.0157037 -0.00738114 -0.00202971 0.00693416 -0.00180223
internal_weight=1687.77 1506.13 1017.89 488.24 688.278 436.384 140.883 627.688 493.259 329.615 181.637 199.099 49.4263 294.16 190.995 179.661 168.667 134.429 122.473 295.501 244.849 85.5792 138.62 115.347 267.494 75.5202 124.664 73.7424 37.9553 149.673
internal_count=7581 6652 4594 2058 3020 1811 594 2729 2165 1574 929 834 208 1331 881 827 781 564 512 1217 1008 383 693 477 1218 359 527 308 159 626
cat_boundaries=0 1 2
cat_threshold=16 34
is_linear=0
shrinkage=0.03


Tree=38
num_leaves=31
num_cat=2
split_feature=18 22 1 26 6 26 3 24 6 6 5 14 13 10 15 3 11 12 24 14 22 11 11 11 22 13 15 5 8 24
split_gain=109.357 35.8954 15.697 18.5525 11.1621 11.0432 9.95411 12.4281 8.64605 7.68637 6.99476 6.90001 9.93061 6.84561 6.87767 6.73275 6.68297 6.26071 6.02054 5.95719 5.69073 5.26077 13.0998 10.2317 9.24259 5.17798 7.47798 5.17565 5.07419 5.07221
threshold=1.0000000180025095e-35 1.2500000000000002 14.500000000000002 0 1.5000000000000002 1 110.50000000000001 1.0000000180025095e-35 29.500000000000004 2.5000000000000004 1.185467891508986 2.5000000000000004 24.500000000000004 62.500000000000007 13.500000000000002 186.50000000000003 73.500000000000014 32.500000000000007 1.0000000180025095e-35 13.500000000000002 106.75000000000001 46.500000000000007 98.500000000000014 3.5000000000000004 -3.4999999999999996 94.500000000000014 41.500000000000007 0.30538164955118169 131.50000000000003 1.0000000180025095e-35
decision_type=2 10 2 1 8 1 2 2 8 8 2 2 2 2 2 2 2 2 2 2 10 2 2 2 10 2 2 2 2 2
left_child=1 2 5 6 15 8 7 13 -1 27 -8 12 -6 -4 -15 16 18 -5 -3 21 -18 23 -23 24 -7 -13 -27 -2 -16 -11
right_child=9 4 3 17 11 19 10 -9 -10 29 -12 25 -14 14 28 -17 20 -19 -20 -21 -22 22 -24 -25 -26 26 -28 -29 -30 -31
leaf_value=-0.0076801626525617788 -0.0056420419787030157 -0.016899606121797389 -0.0094020365950630101 -0.015320599925871358 -0.0049399530037905716 0.020144583852909733 -0.0093986904108279562 0.025322422870263497 0.01082488473346623 0.029109529708708306 0.010759464667531143 -0.010313381481364204 0.021443287504870869 0.017943250579299554 -0.0040352538228307575 -0.022989341623297157 0.0094390097121676425 0.0052877062887045027 0.0048354347826217673 -0.0053680125978962318 -0.01353587498775998 -0.01102771695622912 0.014937737817733741 0.026184041885282977 0.004761407563982376 0.01454963520419613 -0.010584146619676629 0.017395093193968387 0.015658488565564749 0.016116036191019756
leaf_weight=117.06428144872189 12.882197320461271 108.11715625226498 34.063172861933708 131.14149084687233 38.039048358798027 39.102558970451355 92.735305190086365 23.40493731200695 27.216013625264168 95.796385139226913 17.690176993608475 166.11617836356163 18.178338155150414 29.156849339604378 49.614033684134483 62.196250200271606 22.133823737502098 14.259201094508169 12.381991118192671 40.45691904425621 15.712951630353926 43.612791731953621 27.763213545084 25.077755987644196 296.26256759464741 19.603671863675117 21.078698605298996 24.116227984428406 14.345817968249319 44.090652823448181
leaf_count=503 59 513 145 620 161 168 417 98 109 505 76 743 76 123 220 321 103 65 55 174 74 185 117 103 1246 88 101 117 62 233
internal_value=-0.000305417 -0.00293023 0.000255552 -0.00431555 -0.00965638 0.00327076 0.000682319 0.00570961 -0.00387247 0.0219408 -0.00610177 -0.0054506 0.00381694 0.00193087 0.00613243 -0.0146249 -0.0112158 -0.0124283 -0.0146448 0.00542381 -0.000202437 0.00657027 -0.000861057 0.00804016 0.0066096 -0.00797619 0.0015856 0.00943658 0.000554987 0.0251576
internal_weight=1683.41 1506.53 1022.97 406.411 483.558 616.556 261.01 150.585 144.28 176.885 110.425 263.016 56.2174 127.18 93.1167 220.542 158.346 145.401 120.499 472.276 37.8468 431.819 71.376 360.443 335.365 206.799 40.6824 36.9984 63.9599 139.887
internal_count=7580 6666 4431 1826 2235 2605 1141 648 612 914 493 1169 237 550 405 1066 745 685 568 1993 177 1819 302 1517 1414 932 189 176 282 738
cat_boundaries=0 1 2
cat_threshold=20 33
is_linear=0
shrinkage=0.03


Tree=39
num_leaves=31
num_cat=2
split_feature=20 26 6 22 4 24 1 26 5 0 6 20 5 24 22 20 13 3 22 23 0 3 3 14 3 14 10 5 20 24
split_gain=71.6845 57.5864 24.0355 22.2128 20.8726 14.4712 13.5574 13.0891 11.4766 10.301 9.81891 9.77694 11.3454 8.74044 8.19607 7.73365 7.34167 9.54317 8.98185 6.84078 5.99425 8.78103 8.84333 5.92722 6.8785 5.87669 5.45952 5.38178 6.54063 5.66661
threshold=69.250000000000014 0 4.5000000000000009 -0.74999999999999989 20.500000000000004 1.5000000000000002 28.500000000000004 1 0.82667857318446769 83.500000000000014 26.500000000000004 41.250000000000007 -0.76725515271366718 1.0000000180025095e-35 110.75000000000001 78.583333333333357 137.50000000000003 139.50000000000003 103.25000000000001 -27.499999999999996 374.50000000000006 90.500000000000014 143.50000000000003 1.0000000180025095e-35 15.500000000000002 4.5000000000000009 80.500000000000014 1.1423468624953721 79.750000000000014 1.0000000180025095e-35
decision_type=10 1 8 10 2 2 2 1 2 2 8 8 2 2 10 10 2 2 10 10 2 2 2 2 2 2 2 2 10 2
left_child=1 4 13 -2 -1 6 7 14 15 -9 23 -6 -13 20 16 -8 17 18 19 -5 25 -22 -23 -4 -25 -3 -16 29 -29 -11
right_child=3 2 10 5 11 -7 8 9 -10 27 -12 12 -14 -15 26 -17 -18 -19 -20 -21 21 22 -24 24 -26 -27 -28 28 -30 -31
leaf_value=0.0267985547619294 0.01067821083100424 -0.0083500216356661265 -0.0015097346412064824 0.005006060603793377 0.03240231455546904 0.017979480723528347 -0.0053466543857817513 0.0011980075608841688 0.013616918204947865 -0.014856290371994372 0.017412305908795177 0.018870566867462388 0.0024716020437901337 0.013599447091129448 -0.025285771917794107 -0.022405764190848543 0.024624052092029339 -0.011279517558247888 0.027426437495498786 -0.0099329700042245991 -0.024681288574658206 0.011278777947235735 -0.018995160817556096 0.012492429354341366 -0.010121380886175159 0.0037314120501268336 -0.0024242438179122618 0.010695941488221467 -0.012394239323737228 0.00051332166916892889
leaf_weight=128.92720907926559 71.109244808554649 106.65394186973572 95.367765441536903 128.45656590163708 16.32506737112999 19.868552878499031 32.5808335095644 67.70523989200592 10.345032423734663 228.6970100402832 62.510385066270828 59.421965584158897 103.15449841320515 18.159745275974274 16.897148013114929 97.578031718730927 11.020990982651709 47.197904497385025 12.372668385505674 34.081755101680756 36.847548887133598 17.100301340222359 15.737034380435942 78.789695248007774 13.494628593325613 53.907040044665337 20.30306188762188 19.433558464050293 23.048694804310799 23.756709054112434
leaf_count=642 292 463 414 536 81 85 151 285 51 1073 293 258 431 79 74 514 50 219 53 143 175 83 77 348 58 233 95 83 105 103
internal_value=0.000717139 0.00714633 0.000645771 -0.0052816 0.0170651 -0.00672375 -0.00738071 -0.005493 -0.015786 -0.00909144 0.00720822 0.0108893 0.00854417 -0.0059396 -0.000303788 -0.0182089 0.00178842 0.000550032 0.00378809 0.001832 -0.00753281 -0.0148249 -0.00336236 0.00373477 0.00911259 -0.00429579 -0.0131985 -0.0117568 -0.00182854 -0.0134136
internal_weight=1670.85 806.397 498.568 864.453 307.829 793.344 773.475 632.971 140.504 362.641 250.162 178.902 162.576 248.406 270.33 130.159 233.13 222.109 174.911 162.538 230.246 69.6849 32.8373 187.652 92.2843 160.561 37.2002 294.936 42.4823 252.454
internal_count=7547 3635 2223 3912 1412 3620 3535 2819 716 1649 1113 770 689 1110 1170 665 1001 951 732 679 1031 335 160 820 406 696 169 1364 188 1176
cat_boundaries=0 1 2
cat_threshold=20 16
is_linear=0
shrinkage=0.03


Tree=40
num_leaves=31
num_cat=1
split_feature=18 20 6 22 20 24 26 8 20 0 22 2 6 9 9 11 3 5 2 2 14 2 8 25 5 5 22 11 9 8
split_gain=96.9756 53.7408 26.6447 19.3361 17.0595 16.598 13.9337 13.882 15.6933 10.5349 12.1055 8.95736 8.63036 8.07641 7.69087 7.31746 6.80016 6.78524 6.77585 6.46312 7.68655 7.15497 10.2644 7.08334 9.63791 6.40198 6.27953 10.8259 9.3036 5.90426
threshold=1.0000000180025095e-35 61.250000000000007 1.5000000000000002 1.2500000000000002 45.250000000000007 1.0000000180025095e-35 0 83.500000000000014 82.166666666666671 45.500000000000007 1.0000000180025095e-35 1.5000000000000002 3.5000000000000004 138.50000000000003 78.500000000000014 100.50000000000001 141.50000000000003 -0.057623795347413236 4.5000000000000009 18.500000000000004 10.500000000000002 202.50000000000003 235.50000000000003 82.500000000000014 1.0695777181847748 0.12075493967453245 0.75000000000000011 47.500000000000007 17.500000000000004 35.500000000000007
decision_type=2 8 8 8 10 2 1 2 8 2 8 2 8 2 2 2 2 2 2 2 2 2 2 2 2 2 10 2 2 2
left_child=1 4 3 19 -1 6 7 26 13 12 29 -5 -8 -9 -7 -10 -17 -13 -14 20 -3 23 -23 24 -21 -19 27 -4 -28 -11
right_child=-2 2 5 11 -6 14 9 8 15 10 -12 17 18 -15 -16 16 -18 25 -20 21 -22 22 -24 -25 -26 -27 28 -29 -30 -31
leaf_value=0.029922592843808583 0.021043929268154397 0.010585829106782471 0.024471145458322043 0.0045777699521427281 0.0075120935611790356 0.016847793539542782 -0.021403810173388181 0.00060915097724892613 -0.017561518626255986 0.0032901562032158511 -0.012841335579826835 -0.022227092191445266 -0.00071975639135353475 0.02385359756534346 -0.0017606635043383549 0.0071089472555241045 -0.020101326074256173 0.0042705843759861381 0.01574302713371328 -0.019703981231278294 -0.014473783049960507 0.016428529735454233 -0.017635016730397031 -0.00076359292807096394 0.0078047639796747408 -0.015142011766506463 -0.019682948377565301 0.0015351828811650634 0.0085557729572226255 -0.012063635440021619
leaf_weight=37.601423785090446 169.91736781597137 44.00298660993576 43.505187556147575 17.056224077939987 152.86111010611057 57.793797865509987 12.557338684797285 41.787268713116646 60.454569444060326 82.0916688144207 238.22113691270351 132.92661179602146 78.930911347270012 18.878953129053116 30.020343273878098 27.480111435055733 10.647888839244841 17.989373102784157 30.427951380610466 71.175838813185692 13.642492502927778 22.694408938288689 11.039830252528189 45.927694037556648 13.066534727811812 88.26336345076561 13.016513675451277 31.965980157256126 40.901925221085548 29.938820123672485
leaf_count=186 898 184 184 76 639 238 53 174 277 340 1085 664 325 81 128 125 54 91 126 321 59 104 54 201 56 436 53 131 169 130
internal_value=-0.000379754 -0.00279189 -0.00493337 -0.0105924 0.0120696 -0.00173857 -0.00316754 0.00204132 -0.00381071 -0.00626016 -0.00902991 -0.0161901 0.00119644 0.0081122 0.0105381 -0.0111557 -0.000809507 -0.017684 0.00396199 -0.00407457 0.0045095 -0.00710265 0.00509416 -0.0102783 -0.0153957 -0.0118461 0.00937436 0.0149037 0.00150436 -0.000883391
internal_weight=1686.79 1516.87 1326.41 477.785 190.463 848.62 760.806 288.638 159.249 472.168 350.252 256.236 121.916 60.6662 87.8141 98.5826 38.128 239.179 109.359 221.55 57.6455 163.904 33.7342 130.17 84.2424 106.253 129.39 75.4712 53.9184 112.03
internal_count=7642 6744 5919 2246 825 3673 3307 1248 711 2059 1555 1267 504 255 366 456 179 1191 451 979 243 736 158 578 377 527 537 315 222 470
cat_boundaries=0 1
cat_threshold=24
is_linear=0
shrinkage=0.03


Tree=41
num_leaves=31
num_cat=2
split_feature=18 20 1 20 26 3 23 22 22 4 22 26 23 11 20 10 13 10 20 5 23 14 15 14 4 0 13 14 11 22
split_gain=89.9998 59.6955 30.3391 15.8373 10.6891 15.6073 10.6418 9.30047 8.73881 8.24277 8.15579 8.85432 7.98028 6.66833 9.99283 6.04519 7.09432 6.21958 6.01241 5.834 7.48 5.7421 5.7069 6.19284 5.60407 5.58487 5.58699 8.42347 6.06738 5.57205
threshold=1.0000000180025095e-35 70.750000000000014 11.500000000000002 47.750000000000007 0 147.50000000000003 -150.49999999999997 -0.74999999999999989 0.75000000000000011 18.500000000000004 -2.4999999999999996 1 -134.49999999999997 56.500000000000007 62.750000000000007 50.500000000000007 87.500000000000014 37.500000000000007 79.166666666666671 -1.4158991581135334 -31.499999999999996 26.500000000000004 52.500000000000007 9.5000000000000018 16.500000000000004 41.500000000000007 24.500000000000004 4.5000000000000009 102.50000000000001 109.75000000000001
decision_type=2 8 2 10 1 2 10 8 10 2 8 1 10 2 10 2 2 2 10 2 10 2 2 2 2 2 2 2 2 10
left_child=1 3 6 -1 5 29 -3 -6 12 -2 -8 25 -5 14 19 17 -17 24 -7 -10 -21 -9 23 -20 -16 -12 28 -28 -27 -4
right_child=9 2 4 8 7 18 10 21 13 -11 11 -13 -14 -15 15 16 -18 -19 22 20 -22 -23 -24 -25 -26 26 27 -29 -30 -31
leaf_value=0.0230937745993181 0.023973086068836962 -0.025586568461950315 0.0017409489868039508 -0.010588249853714328 0.0043690437296936115 -0.001375397185639108 0.021297746294455983 -0.013993021265909383 0.020233149039013604 0.008512039252985661 0.026559103169576395 -0.003365036728337796 0.011747765986222672 0.015219852312225522 0.0055932849546910255 -0.020308875249360685 0.0051917575358654596 0.017345182085597689 -0.026019704139568875 0.008492514147473226 -0.014299876653187063 -0.024584037987824256 -0.028750606274453649 -0.0043339098241620229 -0.01466308724082725 -0.0057235416378221366 0.024184958760766585 -0.002045552920917881 0.016646062233385023 -0.013095909441697574
leaf_weight=45.330512538552284 126.31682352721691 13.559667408466337 152.40422664582729 15.128521606326101 21.375021085143089 23.134741872549057 15.315838769078253 281.05635584890842 20.208622857928276 43.03234951198101 10.505459547042845 266.23501479625702 151.11051559448242 23.747239515185356 21.753670632839203 40.490552768111229 12.400949805974959 12.705650836229323 17.745726138353348 43.836019977927208 17.240797281265259 57.289024382829666 31.2651506960392 33.622552320361137 26.081873297691345 51.900221601128578 24.026195794343948 19.426560834050179 12.752685591578482 25.755448266863823
leaf_count=223 692 59 662 62 88 106 63 1367 83 211 50 1141 623 97 89 175 51 53 87 181 71 292 169 171 108 213 97 79 52 119
internal_value=-0.000538744 -0.0029025 -0.00673371 0.00651146 -0.0108028 -0.00570297 -0.000392425 -0.014248 0.00450272 0.0201174 0.000522942 -0.000356894 0.00966393 0.00054922 -0.00130859 -0.00703611 -0.0143446 -0.00052175 -0.0149731 0.00667246 0.00193195 -0.0158535 -0.018718 -0.0121793 -0.0055254 0.00613528 0.00448763 0.0126758 -0.00112483 -0.000465049
internal_weight=1656.75 1487.4 1057.37 430.035 643.648 283.928 413.722 359.72 384.704 169.349 400.162 384.846 166.239 218.465 194.718 113.433 52.8915 60.5412 105.768 81.2854 61.0768 338.345 82.6334 51.3683 47.8355 118.611 108.106 43.4528 64.6529 178.16
internal_count=7534 6631 4815 1816 3061 1314 1754 1747 1593 903 1695 1632 685 908 811 476 226 250 533 335 252 1659 427 258 197 491 441 176 265 781
cat_boundaries=0 1 2
cat_threshold=16 24
is_linear=0
shrinkage=0.03


Tree=42
num_leaves=31
num_cat=2
split_feature=18 20 20 24 26 10 1 26 21 1 3 9 8 21 3 23 23 20 23 2 0 0 10 4 5 6 2 9 9 2
split_gain=94.7539 48.7642 25.8006 13.6482 12.8631 19.6751 10.7924 11.622 11.8357 9.72623 8.82049 8.81872 8.28901 8.05529 7.90989 7.4512 7.35237 7.6375 7.33116 7.15776 7.22782 6.32111 6.17662 6.53326 6.04789 6.89178 8.38153 8.02413 6.89898 5.75274
threshold=1.0000000180025095e-35 55.250000000000007 79.166666666666671 1.0000000180025095e-35 0 57.500000000000007 30.500000000000004 1 12.500000000000002 12.500000000000002 29.500000000000004 138.50000000000003 167.50000000000003 1.0000000180025095e-35 14.500000000000002 -79.499999999999986 -63.499999999999993 87.833333333333357 -138.49999999999997 19.500000000000004 335.50000000000006 68.500000000000014 91.500000000000014 45.500000000000007 0.03448179895537163 2.5000000000000004 1.0000000180025095e-35 86.500000000000014 55.500000000000007 3.5000000000000004
decision_type=2 8 10 2 1 2 2 1 8 2 2 2 2 10 2 10 10 10 10 2 2 2 2 2 2 8 2 2 2 2
left_child=1 -1 3 4 29 18 7 8 11 -2 15 13 22 -4 -11 -5 -14 -18 -6 20 -7 -9 23 -10 25 26 -20 28 -27 -3
right_child=9 2 6 10 5 19 -8 21 12 14 -12 -13 16 -15 -16 -17 17 -19 24 -21 -22 -23 -24 -25 -26 27 -28 -29 -30 -31
leaf_value=0.01783069446175161 0.024731797151695396 0.01625143099697492 0.012815410472565162 0.0032913728352880951 -0.016284033089843754 -0.016268249046357427 -0.018327355505523821 0.0025241384487714046 0.017623082235998205 0.027158978593654428 0.00072799238151873837 -0.02948592967048784 -0.022586580079996373 -0.01941388533842113 -0.0037235127897667598 0.027730572584545077 0.017206687108235509 -0.013627079874772656 0.011956453306786644 -0.017099781573438159 0.014612757290100009 -0.013786164892876127 0.019157316962265112 -0.0016318866448230451 -0.0075669943179210416 0.0047302753822707185 -0.013350219108849376 0.023805174098105727 -0.013068824061405398 0.0023531116986960205
leaf_weight=105.60800644755363 144.76028126478195 29.161195904016495 13.41920128464699 17.575076043605804 24.478571534156799 11.596903741359712 85.779690995812416 23.851593419909477 19.798742666840553 10.036958634853361 43.177223414182663 19.13286229968071 17.714173436164856 12.556603088974951 22.454642817378044 31.619436919689178 13.446956917643549 13.486863210797308 15.075981572270392 112.95867468416691 13.87869782745838 184.5587705373764 27.302055314183235 66.195614546537399 68.844060599803925 194.71484217047691 44.076276525855064 17.056250587105751 20.813887059688568 246.18248982727528
leaf_count=481 800 120 61 72 107 51 460 100 82 50 180 96 84 56 102 130 61 65 64 550 65 879 121 278 299 817 196 73 89 1037
internal_value=0.000740855 -0.00172461 -0.00322378 -0.000166944 -0.00143379 -0.00415087 -0.00869121 -0.00664276 -0.00114214 0.0214154 0.0106869 -0.014575 0.00268997 -0.00290625 0.00634245 0.019239 -0.00813877 0.00183185 -0.000731582 -0.013886 0.000471726 -0.0113733 0.00699124 0.00295286 0.000366334 0.00225789 -0.00680883 0.00458307 0.00295898 0.00374309
internal_weight=1671.31 1494.06 1388.45 891.21 798.838 523.494 497.243 411.463 203.053 177.252 92.3717 45.1087 157.944 25.9758 32.4916 49.1945 44.648 26.9338 385.06 138.434 25.4756 208.41 113.296 85.9944 360.581 291.737 59.1523 232.585 215.529 275.344
internal_count=7626 6674 6193 3850 3468 2311 2343 1883 904 952 382 213 691 117 152 202 210 126 1645 666 116 979 481 360 1538 1239 260 979 906 1157
cat_boundaries=0 1 2
cat_threshold=20 16
is_linear=0
shrinkage=0.03


Tree=43
num_leaves=31
num_cat=2
split_feature=18 22 3 2 26 26 10 21 23 12 5 14 22 14 21 5 5 13 5 15 2 5 13 10 24 15 24 8 5 3
split_gain=90.0431 32.4837 15.3966 13.9934 11.5291 10.4631 11.4171 7.74735 6.52849 7.64972 6.50958 6.28156 6.07985 7.80616 5.95341 5.80443 5.74731 5.42191 5.86301 5.28846 7.70575 5.25329 5.27431 5.13428 5.05528 4.96624 12.1807 12.0767 5.95921 4.89981
threshold=1.0000000180025095e-35 1.0000000180025095e-35 2.5000000000000004 1.5000000000000002 0 1 310.50000000000006 -1.4999999999999998 -44.499999999999993 26.500000000000004 -0.69314718055994495 1.0000000180025095e-35 -0.74999999999999989 7.5000000000000009 1.0000000180025095e-35 -1.4763988881408472 -1.3862943611198906 37.500000000000007 -0.86473155074808672 1.5000000000000002 32.500000000000007 -1.1852481493051279 99.500000000000014 110.50000000000001 1.0000000180025095e-35 25.500000000000004 1.0000000180025095e-35 21.500000000000004 -1.8033103756345432 102.50000000000001
decision_type=2 8 2 2 1 1 2 10 10 2 2 2 10 2 10 2 2 2 2 2 2 2 2 2 2 2 2 2 2 2
left_child=1 4 24 10 -1 6 7 25 9 17 15 -10 -6 -14 23 -4 -13 18 19 20 -7 -9 -23 29 -3 27 -27 -5 -29 -15
right_child=-2 2 3 5 12 8 -8 21 11 -11 -12 16 13 14 -16 -17 -18 -19 -20 -21 -22 22 -24 -25 -26 26 -28 28 -30 -31
leaf_value=-0.011058491990205142 0.020963710042009316 0.00040436523631168112 0.00020090742347791352 -0.01921422321107941 0.012191621297778161 -0.0070632757873250263 -0.026101829862450524 0.0053736901705675787 -0.0031851195127166692 0.0084099144585326156 -0.0030309812134351466 -0.0074194238913397586 0.0084050665412848478 0.00031682913850977014 -0.017676202553854502 0.022809488827085406 -0.02573175209062251 -0.026502888025743208 -0.013836287214268503 -0.013055360639686682 0.023196692453189043 -0.02527708017728969 -0.006013383041861383 0.0098838447148620126 0.017401234360935644 -0.0085368096905288817 0.016606750340608253 -0.0096495364275639758 0.0076801844602498196 -0.018121277242866444
leaf_weight=30.004193112254143 166.48941159248352 216.59506778419018 18.651886492967606 20.319027945399284 107.47047425806522 15.576983138918878 21.159313634037971 10.70741021633148 19.625385314226151 18.281604588031769 56.346961140632629 20.545316562056541 157.23714859783649 67.307259619235992 16.571166694164276 21.655963078141212 76.289835810661316 18.93157272040844 94.566949188709259 18.38420295715332 13.126664936542509 30.157916069030762 23.052970975637436 38.652357637882233 15.988477036356924 147.30865992605686 18.700227171182632 20.192839086055756 116.0209691375494 15.058419585227965
leaf_count=133 908 921 80 91 456 69 117 48 89 89 245 96 661 286 76 94 369 96 453 88 61 142 121 168 66 709 84 84 510 65
internal_value=0.000125887 -0.00225574 -0.00514593 -0.00712003 0.004641 -0.00859043 -0.00502132 -0.00393233 -0.012879 -0.00962285 0.00355232 -0.0188519 0.00596277 0.00386025 -0.00135675 0.0126058 -0.021962 -0.0117151 -0.00956684 -0.000883043 0.00709018 -0.0133908 -0.0171962 0.00100444 0.00164227 -0.00202235 -0.00562201 0.00180669 0.00505956 -0.00323103
internal_weight=1630.98 1464.49 1032.19 799.603 432.301 702.948 407.619 386.46 295.329 178.868 96.6548 116.461 402.297 294.826 137.589 40.3078 96.8352 160.586 141.655 47.0879 28.7036 63.9183 53.2109 121.018 232.584 322.542 166.009 156.533 136.214 82.3657
internal_count=7475 6567 4722 3735 1845 3316 1906 1789 1410 856 419 554 1712 1256 595 174 465 767 671 218 130 311 263 519 987 1478 793 685 594 351
cat_boundaries=0 1 2
cat_threshold=1 20
is_linear=0
shrinkage=0.03


Tree=44
num_leaves=31
num_cat=3
split_feature=18 22 6 26 3 22 26 0 3 6 4 11 22 5 5 26 11 11 12 24 22 21 3 15 5 22 23 15 9 9
split_gain=73.2244 34.5247 22.6107 16.8267 11.6926 11.5139 10.5332 14.7662 10.3475 8.94431 7.57852 7.33449 7.86143 6.81113 7.02511 6.39871 8.21133 7.97477 7.00252 6.22982 6.18 5.57302 5.29875 5.69539 5.19117 5.10292 4.90425 4.64949 6.41917 4.66664
threshold=1.0000000180025095e-35 1.2500000000000002 1.5000000000000002 0 186.50000000000003 -0.74999999999999989 1 163.50000000000003 32.500000000000007 29.500000000000004 12.500000000000002 98.500000000000014 112.75000000000001 -0.85167097593071761 0.24580397914085819 2 43.500000000000007 91.500000000000014 7.5000000000000009 1.0000000180025095e-35 116.75000000000001 -7.4999999999999991 45.500000000000007 10.500000000000002 -0.11960482720293573 105.75000000000001 -39.499999999999993 35.500000000000007 96.500000000000014 20.500000000000004
decision_type=2 8 8 1 2 10 1 2 2 8 2 2 8 2 2 1 2 2 2 2 10 10 2 2 2 8 10 2 2 2
left_child=1 3 4 -1 19 27 7 26 -7 -8 -2 12 24 -12 -15 16 21 -18 -17 -3 25 22 23 -10 -9 -13 -4 28 29 -5
right_child=10 2 6 5 -6 8 9 11 15 -11 13 20 -14 14 -16 18 17 -19 -20 -21 -22 -23 -24 -25 -26 -27 -28 -29 -30 -31
leaf_value=-0.014438208100712653 0.023361366313645576 -0.011449405112045313 0.024642954302545067 0.01872373536608404 -0.02482838097219511 0.0061068124228179808 -0.0093211628497793016 0.0048982478293394241 0.0071051259478795746 0.0079857799727493899 0.019698557127449653 -0.0032254861978711752 -0.016838238474575579 -0.018058888138691921 0.012700872519229392 0.0060778048782357116 -0.017903878431289849 0.0049120626923738744 -0.018765778003372258 0.0076438498057928295 -0.01114810364688255 -0.0073539190420610998 0.0081260501690664285 -0.019880165732025751 -0.010687831562486261 0.016040140992528117 0.0020126881886063509 -0.0048121508170702364 0.0307320188308138 0.0045446650605283443
leaf_weight=38.35919976234436 115.24219223856926 185.69993036985397 29.137745708227158 37.248003497719765 61.917898252606392 296.62794423103333 206.60218165814877 53.591071501374245 13.41954216361046 30.09259857237339 25.667961657047272 17.118363529443744 38.874365732073784 11.800025314092638 13.000595346093176 13.290302023291586 35.995682045817375 21.41050922870636 37.920695185661316 16.078873977065086 14.127801582217215 34.970051288604736 134.28092981874943 12.960612460970877 28.69687508046627 41.030768558382988 12.335479006171225 12.063888579607008 17.456370949745178 47.962415143847466
leaf_count=173 656 910 126 161 336 1260 921 237 59 121 137 78 177 56 62 59 162 97 174 72 65 162 587 56 131 182 53 51 73 202
internal_value=0.00026483 -0.00184464 -0.0064658 0.00266473 -0.0134841 0.00374954 -0.00252131 0.00201375 0.00212908 -0.00680997 0.0191203 -0.00141081 -0.00590533 0.00917037 -0.00206718 -0.00175633 0.00040679 -0.00945592 -0.0103442 -0.00989775 0.00610141 0.00335497 0.00571698 -0.00639465 -0.000600262 0.0104099 0.0181178 0.0124686 0.014526 0.010888
internal_weight=1654.98 1489.27 735.304 753.966 263.697 715.607 471.607 234.912 600.876 236.695 165.711 193.439 121.162 50.4686 24.8006 304.248 253.037 57.4062 51.211 201.779 72.2769 195.631 160.661 26.3802 82.2879 58.1491 41.4732 114.731 102.667 85.2104
internal_count=7596 6685 3409 3276 1318 3103 2091 1049 2616 1042 911 870 545 255 118 1356 1123 259 233 982 325 864 702 115 368 260 179 487 436 363
cat_boundaries=0 1 2 3
cat_threshold=1 28 20
is_linear=0
shrinkage=0.03


Tree=45
num_leaves=31
num_cat=2
split_feature=18 1 24 26 6 10 26 15 22 23 22 5 6 22 12 24 22 8 5 25 14 8 23 22 5 0 4 14 13 4
split_gain=80.3441 27.846 16.4825 12.6368 11.9357 11.3796 14.16 15.9034 10.6833 11.4412 7.89253 7.32447 7.07435 8.59737 6.7463 6.59689 8.00716 6.96051 6.22449 6.13865 10.7207 5.71239 5.69904 5.60613 5.29341 5.10871 5.09857 7.85388 5.91949 5.0819
threshold=1.0000000180025095e-35 13.500000000000002 1.0000000180025095e-35 0 1.5000000000000002 324.50000000000006 1 12.500000000000002 1.2500000000000002 -21.499999999999996 1.2500000000000002 -0.83645374319138288 1.5000000000000002 -0.74999999999999989 32.500000000000007 1.0000000180025095e-35 1.7500000000000002 24.500000000000004 0.020410997260127409 72.500000000000014 14.500000000000002 11.500000000000002 -86.499999999999986 -2.4999999999999996 -2.02737365379887 39.500000000000007 49.500000000000007 9.5000000000000018 45.500000000000007 45.500000000000007
decision_type=2 2 2 1 8 2 1 2 10 10 10 2 8 10 2 2 10 2 2 2 2 2 10 8 2 2 2 2 2 2
left_child=1 3 5 12 -2 6 7 26 9 -9 11 -4 -1 -14 24 16 17 18 23 -10 -21 25 -17 -5 -8 -20 27 -3 -28 -18
right_child=4 2 10 15 -6 -7 14 8 19 -11 -12 -13 13 -15 -16 22 29 -19 21 20 -22 -23 -24 -25 -26 -27 28 -29 -30 -31
leaf_value=-0.0042414713839580391 -0.0023042925899280876 0.026542582988318211 0.030180266166777811 0.023590218402421266 0.022411916854480452 -0.028324363594394702 -0.0010719125569111686 -0.0039063945902784109 -0.016756874448100329 0.023471110105586713 -0.0051546030744210151 0.0056176693396813877 0.025013491565958907 0.0073234626373954005 0.0024491363497333254 -0.0065312136838918226 -0.013747778122042529 -0.0079070006149483136 0.00068573743099730334 -0.014972643201285461 0.0091341270635566119 0.010644034913156053 0.016790733138075047 0.0030472384537768111 -0.01735073558026401 -0.019841896689670107 -0.011719556652105939 -0.0033020109493077845 0.0086765800332675724 0.0067313839798754443
leaf_weight=36.16753001511097 19.764175683259964 22.06411848962307 14.798520252108572 11.686852633953093 146.49010339379311 23.225145146250725 20.15261946618557 156.29397056996822 102.23668797314167 14.056468114256857 35.429658532142639 37.494567766785622 28.701691120862961 159.0712116509676 20.055250585079193 12.734607726335524 68.31819823384285 81.014233931899071 17.893574967980385 38.799784496426582 27.609610676765442 12.343706771731375 31.001741707324982 219.65888965129852 176.7296701669693 26.70477756857872 18.620294004678726 11.790509238839148 35.928389698266983 12.314186140894888
leaf_count=153 97 95 62 49 829 130 94 700 509 63 162 161 124 669 96 53 305 349 76 184 138 55 130 935 880 115 80 52 154 56
internal_value=-0.00022734 -0.00246324 -0.00648021 0.00176775 0.0194775 -0.00808624 -0.007314 -0.00379825 -0.00683998 -0.00152355 0.00569496 0.0130046 0.00748093 0.0101456 -0.0134021 -0.000965478 -0.0020732 -0.000193164 0.00199441 -0.0121695 -0.00496346 -0.00681247 0.0100059 0.00418207 -0.0156983 -0.0117715 0.00738695 0.0163521 0.00162868 -0.0105761
internal_weight=1639.15 1472.9 755.285 717.611 166.254 667.563 644.337 427.4 338.997 170.35 87.7227 52.2931 223.94 187.773 216.938 493.671 449.934 369.302 288.288 168.646 66.4094 56.9421 43.7363 231.346 196.882 44.5984 88.4033 33.8546 54.5487 80.6324
internal_count=7555 6629 3560 3069 926 3175 3045 1975 1594 763 385 223 946 793 1070 2123 1940 1579 1230 831 322 246 183 984 974 191 381 147 234 361
cat_boundaries=0 1 2
cat_threshold=20 20
is_linear=0
shrinkage=0.03


Tree=46
num_leaves=31
num_cat=1
split_feature=18 22 6 22 26 24 6 13 2 21 10 13 13 11 13 13 25 14 21 3 10 5 12 8 8 3 9 24 12 5
split_gain=61.3926 27.9731 16.218 15.1183 15.3215 12.2771 10.5162 8.85611 7.85339 8.1565 12.8626 7.67094 10.4602 7.68849 7.59158 7.13817 6.73327 6.49965 6.76763 6.06144 5.66924 4.95557 8.70566 6.53625 6.02407 5.90929 5.33529 4.94052 4.90105 5.80047
threshold=1.0000000180025095e-35 1.2500000000000002 1.5000000000000002 -0.74999999999999989 0 1.5000000000000002 1.5000000000000002 83.500000000000014 1.5000000000000002 -2.4999999999999996 144.50000000000003 2.5000000000000004 24.500000000000004 100.50000000000001 49.500000000000007 34.500000000000007 125.00000000000001 7.5000000000000009 1.5000000000000002 5.5000000000000009 21.500000000000004 -1.20955436610353 21.500000000000004 71.500000000000014 115.50000000000001 123.50000000000001 23.500000000000004 1.0000000180025095e-35 11.500000000000002 -2.1999946675240269
decision_type=2 8 8 10 1 2 8 2 2 8 2 2 2 2 2 2 2 2 10 2 2 2 2 2 2 2 2 2 2 2
left_child=1 3 8 7 -5 17 -2 14 -3 10 -10 -4 13 19 15 -1 -11 28 21 20 -13 22 -19 26 -25 -26 -23 -8 -6 -30
right_child=6 2 11 4 5 -7 27 -9 9 16 -12 12 -14 -15 -16 -17 -18 18 -20 -21 -22 23 -24 24 25 -27 -28 -29 29 -31
leaf_value=0.015388734393666099 -0.0026040446670544059 0.0058429588518405092 0.0046625752005506286 -0.016661031688039341 0.0059599180786605605 0.025285324999217481 0.024314087159299436 -0.0073978950864747933 0.025497187382587827 -0.01666536063867264 -0.015356041482760834 -0.01210237669768034 0.0010136250430810077 0.010674492610226204 0.031074863296497581 -0.0059157326355819143 0.0042549138564965403 0.00072077466921336754 -0.018291748159035552 -0.016768411794601024 0.0033449926839714092 0.009850157533793388 0.028575445028763878 0.01960515634215778 0.014714401049068421 -0.0075748051040688148 -0.0095699403687102228 0.012199945567705659 -0.01925240670898341 0.0016934455348901231
leaf_weight=67.614210203289986 20.135847747325897 20.446465268731117 106.05136758089066 32.341996520757675 243.62639175355434 18.44244921207428 97.713278964161873 17.495595470070839 11.229957237839701 198.31651984155178 15.042058393359182 48.239741161465645 163.92753310501575 15.050628811120985 21.130627781152725 17.256339505314827 14.490758299827574 49.40948286652565 20.992310717701912 85.818279251456261 37.176754102110863 13.565938696265219 11.71015691757202 16.146384373307228 14.19410230219364 35.256606683135033 109.91211657226086 48.826090574264526 14.641552820801733 49.16914963722229
leaf_count=289 98 91 447 149 1036 78 559 75 52 1022 81 203 749 67 89 73 67 214 99 397 166 59 50 72 62 164 497 280 61 212
internal_value=0.000413131 -0.00154925 -0.00579159 0.00248629 0.000595903 0.00180537 0.0176112 0.0120386 -0.0117646 -0.0132885 0.00240125 -0.00237582 -0.0045144 -0.00935839 0.0152857 0.0110385 -0.0152276 0.00104581 -0.00233515 -0.0111709 -0.00541814 -0.000928842 0.00643166 -0.00332949 0.00428086 -0.00101217 -0.00737436 0.0203878 0.00402602 -0.00333554
internal_weight=1635.37 1468.7 715.79 752.905 629.409 597.067 166.675 123.497 259.526 239.079 26.272 456.264 350.213 186.285 106.001 84.8705 212.807 578.624 271.187 171.235 85.4165 250.195 61.1196 189.075 65.5971 49.4507 123.478 146.539 307.437 63.8107
internal_count=7558 6621 3342 3279 2753 2604 937 526 1313 1222 133 2029 1582 833 451 362 1089 2526 1217 766 369 1118 264 854 298 226 556 839 1309 273
cat_boundaries=0 1
cat_threshold=1
is_linear=0
shrinkage=0.03


Tree=47
num_leaves=31
num_cat=3
split_feature=18 20 1 26 20 6 24 6 22 23 23 20 4 5 5 6 20 5 26 4 20 26 23 14 10 22 22 25 10 5
split_gain=63.9958 46.0581 18.3444 16.3014 13.4705 13.5146 10.854 9.1051 8.31027 7.61807 7.31535 6.30087 6.41638 7.83078 9.89226 6.2789 10.6943 6.07477 5.97108 6.51925 5.83555 7.77025 7.47669 6.94611 6.21343 6.20758 6.11555 5.76546 5.71457 5.65839
threshold=1.0000000180025095e-35 75.583333333333357 8.5000000000000018 0 45.250000000000007 2.5000000000000004 1.0000000180025095e-35 1.5000000000000002 0.75000000000000011 -73.499999999999986 -61.499999999999993 62.750000000000007 2.5000000000000004 -1.1089104687178393 -1.7902420173804774 5.5000000000000009 66.250000000000014 0.2336148511815053 1 84.500000000000014 95.833333333333357 2 -45.499999999999993 3.5000000000000004 34.500000000000007 3.2500000000000004 112.25000000000001 132.50000000000003 36.500000000000007 0.47670654472847668
decision_type=2 8 2 1 10 10 2 10 10 10 10 10 2 2 2 8 8 2 1 2 10 1 10 2 2 10 10 2 2 2
left_child=1 3 18 6 -5 -6 8 27 9 -1 -8 -10 -13 14 -14 16 -2 -11 19 -3 21 22 26 24 -23 29 -9 -4 -18 -25
right_child=15 2 7 4 5 -7 10 20 11 17 -12 12 13 -15 -16 -17 28 -19 -20 -21 -22 23 -24 25 -26 -27 -28 -29 -30 -31
leaf_value=-0.01030300406763917 0.035449337216979737 0.016054388666403321 -0.013692661062389758 0.030702263326030363 0.0023982906721276127 0.01601254282596222 -0.00069941690633520243 0.011150339848263855 0.0014853757499092425 0.013113828336861576 0.024677817560884753 0.0077911696941103045 -0.014625016499047606 -0.021437391573723565 0.017685679691934665 0.02275934724722891 0.013584766687878416 -0.009608077438770804 -0.0022562951486434584 -0.0018789117940209525 -0.024345672882566415 -0.011851113336620313 -0.0068661438728223256 -0.012883547450338395 0.0080267457152211757 -0.028301698525818497 -0.011305313858552777 0.0027550244267302831 -0.0059087190682200639 0.0037901037821241783
leaf_weight=23.754262536764145 11.448355078697203 41.326984286308289 281.62290751934052 24.471869051456451 165.84535720944405 108.06038792431355 18.007474541664124 63.686247080564499 49.750294849276543 57.432154923677444 22.487568229436874 12.919105261564253 22.979045763611794 53.833669245243073 12.257932320237158 98.32045391201973 27.594709366559982 12.168349772691725 179.47061385214329 31.730598390102386 13.042103350162504 22.480508372187614 56.714225977659225 91.633616358041763 34.625348553061485 18.163106456398964 12.286985546350477 20.250283628702164 24.879715725779533 22.346871986985207
leaf_count=100 60 176 1436 128 697 452 75 278 210 242 95 54 99 258 55 583 156 51 764 129 62 100 247 442 161 92 56 91 121 101
internal_value=0.000170613 -0.00180288 -0.00609823 0.00473817 0.00946585 0.00780805 -0.00052884 -0.00880771 -0.00293861 0.0040772 0.0136481 -0.00725337 -0.0114891 -0.0143411 -0.00320718 0.0179933 0.010425 0.0090615 0.000742632 0.00735253 -0.00537743 -0.00453599 0.00121643 -0.00818792 0.000132266 -0.0123724 0.00741894 -0.0125839 0.00440466 -0.00961
internal_weight=1635.59 1473.35 889.38 583.967 298.378 273.906 285.59 636.852 245.095 93.3548 40.495 151.74 101.99 89.0706 35.237 162.243 63.9228 69.6005 252.528 73.0576 334.979 321.937 132.687 189.249 57.1059 132.144 75.9732 301.873 52.4744 113.98
internal_count=7571 6651 4135 2516 1277 1149 1239 3066 1069 393 170 676 466 412 154 920 337 293 1069 305 1539 1477 581 896 261 635 334 1527 277 543
cat_boundaries=0 1 2 3
cat_threshold=3 24 16
is_linear=0
shrinkage=0.03


Tree=48
num_leaves=31
num_cat=2
split_feature=20 26 20 6 6 24 5 10 9 3 3 6 26 23 14 24 15 15 13 13 13 20 2 10 4 20 3 2 2 12
split_gain=70.2973 39.6449 22.8167 15.6728 14.1239 11.169 9.39542 8.72692 7.36277 6.69076 6.97021 6.75854 6.35409 7.09456 6.94202 6.13689 7.06395 9.53738 5.87302 5.84118 7.56972 5.77959 5.50615 5.21316 5.08465 8.35656 8.17013 6.1388 5.99353 6.75719
threshold=76.166666666666671 0 53.750000000000007 26.500000000000004 1.5000000000000002 1.0000000180025095e-35 2.0387687219528599 54.500000000000007 4.5000000000000009 22.500000000000004 48.500000000000007 1.5000000000000002 1 -45.499999999999993 16.500000000000004 1.0000000180025095e-35 34.500000000000007 9.5000000000000018 6.5000000000000009 34.500000000000007 58.500000000000007 68.250000000000014 35.500000000000007 56.500000000000007 45.500000000000007 62.250000000000007 5.5000000000000009 6.5000000000000009 18.500000000000004 1.0000000180025095e-35
decision_type=10 1 10 8 10 2 2 2 2 2 2 10 1 10 2 2 2 2 2 2 2 8 2 2 2 8 2 2 2 2
left_child=1 2 -1 5 6 7 15 24 -6 -4 11 -11 13 14 -10 16 17 23 21 -12 -21 -7 -20 -2 26 -26 -3 -28 29 -27
right_child=4 3 9 -5 8 18 -8 -9 12 10 19 -13 -14 -15 -16 -17 -18 -19 22 20 -22 -23 -24 -25 25 28 27 -29 -30 -31
leaf_value=0.021679649901032383 -0.0084473005585024002 0.0017321753219366391 0.015079444001371407 0.01392562583620682 0.011997724638999162 -0.015293769402428319 0.012294050161074316 -0.0091708515778071587 0.0090132947052199274 -0.022333086442433276 0.02092943526893358 0.0017206595643575451 -0.0090343290626171829 -0.0079376663276174413 -0.013470295041861521 -0.0011138755468689809 -0.023274325214076578 -0.0037846025481440325 0.029432359353833391 -0.0069732816427385928 0.0089937320871925474 0.013932285942263759 0.003170565910637098 -0.026557965211977275 0.028550125050838527 0.010292813577433214 -0.0009547072724118773 -0.015421770998534142 0.012623284015084273 -0.01157508834850994
leaf_weight=148.07035204768181 23.933908462524414 159.74840804934502 70.79342819750309 65.002254694700241 23.552562609314919 10.852020546793939 11.568853139877318 142.70104612410069 72.016092702746391 13.876864179968832 23.6146250218153 35.413185447454453 156.16907186806202 62.525883570313454 13.955936074256895 27.13913457095623 81.13018362224102 66.555105656385422 18.830884233117107 34.833810195326805 105.62506137788296 11.525968268513678 11.684040501713751 40.01802371442318 11.338037028908728 18.72153927385807 47.851723030209541 58.264438644051552 29.862313941121101 35.057876348495483
leaf_count=804 109 704 295 316 99 46 52 688 310 58 99 148 728 275 67 124 446 327 83 145 445 59 51 208 48 78 210 260 132 152
internal_value=0.000444198 0.00505633 0.0118879 0.000100715 -0.00794954 -0.00153457 -0.0133044 -0.0029186 -0.00383719 0.00714435 0.00445345 -0.00536073 -0.00509657 -0.00029839 0.00525059 -0.0145907 -0.0163056 -0.0118294 0.0114512 0.00741638 0.00501261 -0.000288592 0.0197965 -0.0200145 -0.000427543 0.00549546 -0.00255619 -0.00896785 0.00206991 -0.00391357
internal_weight=1632.23 1053.67 432.227 621.441 578.565 556.438 250.345 503.545 328.22 284.157 213.364 49.29 304.667 148.498 85.972 238.776 211.637 130.507 52.8929 164.073 140.459 22.378 30.5149 63.9519 360.844 94.9798 265.865 106.116 83.6417 53.7794
internal_count=7566 4821 1994 2827 2745 2511 1266 2272 1479 1190 895 206 1380 652 377 1214 1090 644 239 689 590 105 134 317 1584 410 1174 470 362 230
cat_boundaries=0 1 2
cat_threshold=20 16
is_linear=0
shrinkage=0.03


Tree=49
num_leaves=31
num_cat=1
split_feature=18 20 20 22 22 1 22 26 3 5 24 0 24 20 20 4 6 20 14 12 2 11 0 0 4 9 20 20 11 10
split_gain=77.9916 35.5023 22.4687 13.6918 13.8079 14.1062 12.786 14.0582 13.2597 9.08079 7.59164 6.96527 6.59347 6.06842 5.7631 5.52921 12.6856 7.65719 5.62451 11.0509 5.52111 5.30881 5.26329 7.5607 4.9282 9.94176 5.2727 6.65208 4.78176 5.78711
threshold=1.0000000180025095e-35 55.250000000000007 79.750000000000014 1.0000000180025095e-35 23.500000000000004 8.5000000000000018 3.2500000000000004 0 223.50000000000003 2.0387687219528599 1.0000000180025095e-35 383.50000000000006 1.0000000180025095e-35 36.250000000000007 91.833333333333357 41.500000000000007 2.5000000000000004 72.166666666666671 6.5000000000000009 11.500000000000002 131.50000000000003 126.50000000000001 773.50000000000011 450.50000000000006 89.500000000000014 98.500000000000014 83.583333333333357 89.833333333333357 171.50000000000003 207.50000000000003
decision_type=2 8 10 8 10 2 10 1 2 2 2 2 2 10 10 2 10 8 2 2 2 2 2 2 2 2 10 10 2 2
left_child=1 13 3 9 5 -5 7 8 20 22 15 -2 14 -1 -9 -7 18 -18 19 -17 24 -6 23 -3 26 -26 -4 -28 -8 -30
right_child=11 2 6 4 21 10 28 12 -10 -11 -12 -13 -14 -15 -16 16 17 -19 -20 -21 -22 -23 -24 -25 25 -27 27 -29 29 -31
leaf_value=0.034457328491236137 0.021276342461997274 0.0043876424250828827 -0.0050694452326683227 0.0012211318345111751 0.025440570081192198 -0.015048700413075232 -0.020450199208454169 -0.011771042810266722 -0.02220581118901966 0.023076110194203817 0.0066480904555990478 -0.003331342791315747 0.0022668725474622262 0.011645865235066286 -0.029262960999759974 -0.010612138475227115 0.018250138226112936 -0.0029088753910218893 -0.014972609765733294 0.021873923803064497 0.015093509299000083 0.0013014842864041683 0.020200519584785682 -0.0106056889153603 -0.016648640844487406 0.0077137285997482168 0.028611478951081654 0.00060610024734248258 0.00079564186857053985 -0.022992750681152706
leaf_weight=11.406199693679808 146.46821810305119 179.30915582180023 16.901730954647064 240.6278959363699 18.563887253403664 105.99176295101643 96.522824048995972 142.97725093364716 18.371045619249344 21.537292137742043 28.134872391819954 10.864058345556257 25.731360077857971 88.71908350288868 19.035731971263885 37.719998717308044 22.002825453877449 45.871408015489578 111.95713941752911 11.468213826417921 31.590128406882286 14.3106622248888 14.130088686943052 35.399050861597061 29.914827451109886 28.570244014263153 15.390002563595774 14.370326623320578 25.577786266803741 13.321891754865645
leaf_count=61 859 740 69 1016 79 488 495 695 96 89 119 49 112 405 99 175 92 208 545 51 145 63 59 148 127 127 64 61 129 81
internal_value=-0.000436509 -0.002596 -0.00386386 -0.00103473 -0.00337124 -0.00441043 -0.00909774 -0.00598456 0.000979258 0.00489627 -0.00813511 0.0195668 -0.0111725 0.0145596 -0.0139932 -0.00939272 -0.00672106 0.00411564 -0.0112827 -0.0027531 0.00430394 0.0152812 0.00309231 0.00187798 0.000950693 -0.0048179 0.00813029 0.0155479 -0.0168778 -0.0077232
internal_weight=1622.76 1465.42 1365.3 887.024 636.649 603.774 478.275 342.853 155.108 250.376 363.146 157.332 187.744 100.125 162.013 335.011 229.02 67.8742 161.145 49.1882 136.737 32.8745 228.838 214.708 105.147 58.4851 46.6621 29.7603 135.423 38.8997
internal_count=7546 6638 6172 3872 2836 2694 2300 1595 689 1036 1678 908 906 466 794 1559 1071 300 771 226 593 142 947 888 448 254 194 125 705 210
cat_boundaries=0 1
cat_threshold=16
is_linear=0
shrinkage=0.03


Tree=50
num_leaves=31
num_cat=2
split_feature=18 20 20 1 5 26 15 22 26 8 20 24 13 23 4 5 8 5 6 2 20 4 13 14 3 14 20 13 23 4
split_gain=60.7817 38.8282 15.4052 14.734 10.5166 10.2034 10.3086 9.78631 10.5491 11.7392 11.514 9.61563 7.36499 7.02239 6.87583 6.80969 6.54341 8.61245 7.90079 7.66326 6.16892 6.14985 6.10526 6.55376 6.06184 5.93098 5.92459 5.89372 6.39123 5.27202
threshold=1.0000000180025095e-35 69.250000000000014 44.250000000000007 28.500000000000004 0.80750706753076862 0 64.500000000000014 -0.74999999999999989 1 70.500000000000014 82.583333333333357 1.0000000180025095e-35 1.5000000000000002 -99.499999999999986 279.50000000000006 0.78845736036427039 23.500000000000004 1.0000000180025095e-35 2.5000000000000004 10.500000000000002 75.250000000000014 8.5000000000000018 13.500000000000002 10.500000000000002 39.500000000000007 10.500000000000002 74.583333333333357 28.500000000000004 -27.499999999999996 86.500000000000014
decision_type=2 8 10 2 2 1 2 8 1 2 8 2 2 10 2 2 2 2 8 2 8 2 2 2 2 2 8 2 10 2
left_child=1 2 -1 7 26 13 -7 -3 9 12 14 16 -9 -4 29 27 18 -18 19 -10 -19 -2 -13 -24 -20 -21 -5 28 -15 -11
right_child=21 3 5 4 -6 6 -8 8 11 10 -12 22 -14 15 -16 -17 17 20 24 25 -22 -23 23 -25 -26 -27 -28 -29 -30 -31
leaf_value=0.026076790937745134 0.021931097554900893 0.0084242630564622095 -0.013418109708697874 0.00022016047891232324 0.011353251828003678 0.011877176465996852 -0.016011043555348266 0.023391586412561314 -0.0010957486876897893 0.014249289969846675 -0.0085611568126895306 0.02000498576035303 0.0038230175259022655 0.01228227244913665 0.024786119591168533 -0.016025267493237606 -0.023089805286080598 0.010665054879681789 -0.0043240075871722105 -0.024273985250720439 -0.011801532897771101 0.0093847332775295594 -0.016190626120210858 0.013329181179528025 0.014828414763745808 -0.0081056666418230557 -0.018553600363668633 -0.007783730830985539 -0.0052168928434171884 -0.0036884452537638049
leaf_weight=31.411749601364136 101.1591544598341 57.166864201426506 32.183442682027817 17.313500806689262 13.067385196685789 158.84169575572014 12.035289943218229 19.922713130712509 37.56540510058403 19.352663189172745 170.32270149886608 16.573336347937584 103.84019200503826 71.793550565838814 12.272540554404257 15.795971810817717 55.436301410198212 13.569628313183783 204.57716649770737 47.968728855252266 45.308433875441551 57.236172407865524 13.944539502263071 11.403776243329046 15.06041659414768 37.51346218585968 117.61642561852932 27.283718109130859 24.675625875592232 52.598691940307617
leaf_count=167 619 235 136 80 66 666 50 90 172 81 815 69 428 301 54 67 271 59 893 237 216 305 60 50 70 192 654 116 103 226
internal_value=-0.000103903 -0.00202748 0.00629433 -0.00490623 -0.0136715 0.00440998 0.00929067 -0.00350478 -0.00429088 -0.000398678 -0.00409096 -0.00708574 0.0071353 -0.000954668 0.00494333 0.00192681 -0.0084893 -0.0146923 -0.00638337 -0.0124396 -0.00653202 0.0174848 0.00640528 -0.00290832 -0.00294948 -0.0173544 -0.0161608 0.00432832 0.0077986 0.00126543
internal_weight=1614.81 1456.42 374.021 1082.39 147.997 342.609 170.877 934.398 877.231 378.31 254.547 498.921 123.763 171.732 84.2239 139.549 457 114.314 342.685 123.048 58.8781 158.395 41.9217 25.3483 219.638 85.4822 134.93 123.753 96.4692 71.9514
internal_count=7548 6624 1606 5018 800 1439 716 4218 3983 1694 1176 2289 518 723 361 587 2110 546 1564 601 275 924 179 110 963 429 734 520 404 307
cat_boundaries=0 1 2
cat_threshold=3 24
is_linear=0
shrinkage=0.03


Tree=51
num_leaves=31
num_cat=1
split_feature=18 20 1 20 25 13 20 26 4 4 21 25 14 10 10 23 23 15 3 1 8 13 8 13 10 10 20 1 15 9
split_gain=54.6485 35.6103 18.234 13.6602 9.52937 9.03103 8.93686 7.67588 7.62526 7.36256 7.33034 6.9762 6.11145 7.34356 8.90447 6.0679 5.9712 7.3893 6.42903 5.84118 5.50485 8.40295 5.36543 7.71649 5.38149 10.2562 8.25008 7.70454 7.34541 8.77279
threshold=1.0000000180025095e-35 70.250000000000014 8.5000000000000018 45.250000000000007 132.50000000000003 33.500000000000007 78.583333333333357 0 8.5000000000000018 1.5000000000000002 -9.4999999999999982 117.50000000000001 2.5000000000000004 55.500000000000007 36.500000000000007 -24.499999999999996 -51.499999999999993 38.500000000000007 9.5000000000000018 10.500000000000002 163.50000000000003 37.500000000000007 14.500000000000002 12.500000000000002 142.50000000000003 72.500000000000014 82.166666666666671 23.500000000000004 27.500000000000004 167.50000000000003
decision_type=2 8 2 10 2 2 8 1 2 2 10 2 2 2 2 10 10 2 2 2 2 2 2 2 2 2 8 2 2 2
left_child=1 3 5 19 6 -3 10 -5 15 -9 -4 -10 13 14 -8 -2 18 -18 -11 -1 21 -6 23 -14 25 -24 27 -27 29 -28
right_child=8 2 4 7 20 -7 12 9 11 16 -12 -13 22 -15 -16 -17 17 -19 -20 -21 -22 -23 24 -25 -26 26 28 -29 -30 -31
leaf_value=0.0089915314088039287 0.024577863782206298 -0.00059133797761828086 -0.0058109793991945932 -0.0011075565020566326 -0.0066937637779583446 0.019980494042516138 -0.0090483109559281391 0.027554241317991245 -0.0012569976087759467 0.019339512546901541 0.010434745950679778 0.02092137752030104 -0.0012170100074039062 -0.016535972882694927 0.015359994187947451 0.0048414567032608602 0.017233925494128638 -0.0051814396740747122 -0.0016830186262754535 0.034700362437444399 -0.012378994901744295 0.022393848797754651 -0.015086046565483706 -0.024585996189766032 -0.016503608494458297 0.023908762371916956 -0.0069548984497310234 -0.0075792905221077032 -0.016049166576710697 0.017350465599155502
leaf_weight=15.691230550408362 82.162879317998886 276.50632730126381 171.01043075323105 191.80969315767288 14.33705949783325 19.635807976126671 25.856810718774796 14.415028467774389 34.144600987434387 14.232346117496489 28.309253320097923 19.285911902785301 16.226335093379021 23.841728419065475 26.019981041550636 17.541274815797806 58.502093374729156 16.516868367791176 92.376290500164032 17.342392280697823 11.414906129240988 21.211943969130516 107.72162438929081 59.65943406522274 103.16849987208843 16.76514703035355 45.549475491046906 10.899774447083471 41.95070493221283 17.748167112469673
leaf_count=84 510 1173 783 809 63 81 116 63 183 60 122 104 80 115 117 109 246 68 383 93 53 91 496 309 583 74 224 52 216 90
internal_value=-0.000679119 -0.00247259 -0.00545622 0.00488003 -0.00796605 0.000835336 -0.00885028 0.00327181 0.0163102 0.00722978 -0.00346304 0.00698565 -0.0110064 -0.00311221 0.00325318 0.0211881 0.00587055 0.0122955 0.00127715 0.0231115 0.00502595 0.0108005 -0.0124199 -0.0196699 -0.0107672 -0.00824967 -0.00263775 0.0116711 -0.00647333 2.39908e-05
internal_weight=1611.85 1458.72 1037.83 420.886 741.691 296.142 694.727 387.852 153.135 196.043 199.32 53.4305 495.408 75.7185 51.8768 99.7042 181.628 75.019 106.609 33.0336 46.9639 35.549 419.689 75.8858 343.803 240.635 132.913 27.6649 105.248 63.2976
internal_count=7550 6644 4838 1806 3584 1254 3377 1629 906 820 905 287 2472 348 233 619 757 314 443 177 207 154 2124 389 1735 1152 656 126 530 314
cat_boundaries=0 1
cat_threshold=3
is_linear=0
shrinkage=0.03


Tree=52
num_leaves=31
num_cat=3
split_feature=18 24 1 22 21 0 23 26 6 26 5 11 11 4 22 11 11 4 9 22 23 1 22 4 13 2 0 2 26 13
split_gain=53.9032 24.8876 20.2721 13.9089 9.11457 8.74412 8.5817 8.28293 7.26998 8.11581 6.91921 6.4181 8.63618 6.13381 5.02716 5.3674 5.24478 5.2327 5.99355 4.80123 4.81178 5.60994 4.85171 5.15336 4.51166 6.0154 4.69266 6.35382 4.50947 9.48656
threshold=1.0000000180025095e-35 1.0000000180025095e-35 28.500000000000004 -0.74999999999999989 -8.4999999999999982 393.50000000000006 -103.49999999999999 0 2.5000000000000004 1 0.80750706753076862 50.500000000000007 83.500000000000014 144.50000000000003 1.2500000000000002 104.50000000000001 79.500000000000014 43.500000000000007 9.5000000000000018 2.2500000000000004 -93.499999999999986 10.500000000000002 -1.0000000180025095e-35 42.500000000000007 37.500000000000007 6.5000000000000009 369.50000000000006 110.50000000000001 2 2.5000000000000004
decision_type=2 2 2 8 8 2 10 1 8 1 2 2 2 2 10 2 2 2 2 10 10 2 10 2 2 2 2 2 1 2
left_child=1 2 3 -1 -4 -2 -3 -5 9 19 -6 24 -13 -14 15 16 28 18 -16 20 22 -22 -9 -24 25 -11 -26 -28 29 -10
right_child=5 6 4 7 10 -7 -8 8 14 11 -12 12 13 -15 17 -17 -18 -19 -20 -21 21 -23 23 -25 26 -27 27 -29 -30 -31
leaf_value=0.0093416669290627766 0.018663597242067353 -0.002760271940614773 0.010516102577609506 -0.015800859834766593 -0.017822383545596291 -0.0094306912258729104 0.012742452787934743 -0.011145898340804046 0.027647134862278037 0.013037859502098867 0.0060252154118260138 -0.018889126630369308 0.014277086778748237 -0.0062208430227442017 0.0035716346829550659 0.017699923542415848 -0.013219438890691475 0.0015867870257470266 -0.015458901591173208 -0.0158300582778352 0.0011402312056784628 -0.011683046186177866 -0.0031748496944971477 0.018871580822085836 0.021240313205366297 -0.01313936836968739 -0.0038231076893089693 0.021398824304688303 -0.00097017658840923312 0.0033333299816655218
leaf_weight=90.347630232572556 144.03230787813663 42.353016197681427 12.26763431727886 32.346252039074898 126.19574861228466 10.116035774350165 128.25524245202541 17.377204522490501 15.221308514475821 11.600197568535807 11.505126804113386 28.50504307448864 19.588165923953056 35.337937325239182 20.0487399995327 17.034326940774918 21.178447619080544 60.01685693860054 53.483714029192924 59.798880979418755 39.768687859177589 131.2708487957716 19.022159487009048 17.665315970778465 21.516142293810844 20.308758482336998 28.364120975136757 12.006566599011419 224.69061528146267 135.82981035113335
leaf_count=386 873 186 63 152 683 46 553 86 72 50 58 131 90 169 84 73 92 271 245 300 172 639 86 82 90 92 123 54 968 586
internal_value=-3.78582e-05 -0.00183153 -0.00326521 -0.00188663 -0.0135926 0.016771 0.00890029 -0.00286823 -0.00225997 -0.00504885 -0.0158008 0.000208104 -0.00579689 0.00121386 5.77397e-05 0.00169158 0.00096181 -0.00498151 -0.0102919 -0.00803454 -0.00625815 -0.00871219 0.00152269 0.00765975 0.00557629 -0.00351588 0.0102456 0.00401403 0.00179409 0.00558201
internal_weight=1607.05 1452.9 1282.3 1132.33 149.969 154.148 170.608 1041.98 1009.63 462.13 137.701 177.227 83.4311 54.9261 547.504 413.955 396.92 133.549 73.5325 284.903 225.104 171.04 54.0647 36.6875 93.7958 31.909 61.8868 40.3707 375.742 151.051
internal_count=7555 6636 5897 5093 804 919 739 4707 4555 2164 741 799 390 259 2391 1791 1718 600 329 1365 1065 811 254 168 409 142 267 177 1626 658
cat_boundaries=0 1 2 3
cat_threshold=1 14 28
is_linear=0
shrinkage=0.03


Tree=53
num_leaves=31
num_cat=1
split_feature=20 18 20 22 8 26 22 22 5 22 6 13 10 11 5 21 5 25 12 23 8 15 10 12 12 0 23 24 13 23
split_gain=48.3869 25.9637 21.2778 14.8848 14.4074 12.3603 8.98471 8.84406 8.12785 7.52791 9.7403 7.51441 9.42566 7.91675 7.35106 7.13949 11.9071 6.95437 7.86901 6.88542 6.28608 6.12567 5.57326 5.17013 5.08895 6.71991 5.01464 4.96681 5.44501 4.77439
threshold=77.833333333333357 1.0000000180025095e-35 55.250000000000007 39.500000000000007 70.500000000000014 0 1.0000000180025095e-35 1.0000000180025095e-35 -2.2314097649647429 1.2500000000000002 29.500000000000004 13.500000000000002 57.500000000000007 106.50000000000001 1.185467891508986 22.500000000000004 -1.6568253261415782 102.50000000000001 9.5000000000000018 -52.499999999999993 108.50000000000001 12.500000000000002 28.500000000000004 11.500000000000002 23.500000000000004 66.500000000000014 -59.499999999999993 1.0000000180025095e-35 1.0000000180025095e-35 -38.499999999999993
decision_type=10 2 8 10 2 1 10 10 2 8 8 2 2 2 2 8 2 2 2 10 2 2 2 2 2 2 10 2 2 10
left_child=1 2 24 4 5 6 15 17 29 -7 -11 13 26 -6 -10 -4 22 -2 -19 -20 -14 27 -17 -22 25 -1 -13 -3 -29 -9
right_child=7 21 3 -5 11 9 -8 8 14 10 -12 12 20 -15 -16 16 -18 18 19 -21 23 -23 -24 -25 -26 -27 -28 28 -30 -31
leaf_value=0.0036976944003993943 -0.0056077161087068877 0.021408485875784276 0.0019397777974342954 0.022227944858143445 -0.025908108749983776 0.0031449577162824803 -0.00049484403628984801 0.008505470288939037 -0.013062349777300168 -0.0079237447466857149 0.011496094450987912 -0.0060550873793335227 0.0056165150557753105 0.0011187889567375556 0.0028491923432139954 -0.0064215495423831249 0.025377286565113767 0.021155145082374229 0.012184146625079016 -0.018540254192036837 -0.018269971674604948 -0.0010525068722272732 0.018227189907730007 -0.0042801658210813122 -0.0024623215921724022 0.022176527659569067 0.0178170837076864 -0.0054130125462797272 0.015953386122367432 -0.010531980731993431
leaf_weight=25.0970099568367 108.61378827691078 86.717928469181061 41.470863610506058 25.041762068867683 33.076146572828293 156.31636880338192 78.903373286128044 30.677568852901459 302.6101912856102 185.34356234967709 25.66247470676899 11.616302996873854 22.618211463093758 13.553736329078673 28.239283666014671 21.412402093410492 55.939138501882553 21.215220779180527 12.052727639675142 12.254941835999487 50.538491621613503 18.857102960348129 12.100849658250807 45.601240038871765 13.679661050438879 63.152454525232315 21.418580338358879 15.345205768942831 31.804489001631737 17.961469039320946
leaf_count=117 482 536 171 107 161 659 335 133 1559 840 103 50 97 65 135 88 242 89 52 53 249 92 50 203 64 301 91 98 192 79
internal_value=-0.000210725 0.00351163 0.00156866 -8.19381e-05 -0.000829978 0.0015695 0.00716705 -0.00756465 -0.0100209 -0.00178491 -0.00551883 -0.00778217 -0.00448565 -0.0181937 -0.0116997 0.0122967 0.0170237 -0.00149178 0.00823794 -0.00342638 -0.00842045 0.0149089 0.00274878 -0.0117467 0.0144083 0.0170217 0.00949147 0.0171485 0.00903154 0.00140476
internal_weight=1588.89 1055.27 902.543 800.614 775.572 577.149 209.827 533.625 379.489 367.322 211.006 198.423 151.793 46.6299 330.849 130.923 89.4524 154.137 45.5229 24.3077 118.758 152.725 33.5133 96.1397 101.929 88.2495 33.0349 133.868 47.1497 48.639
internal_count=7493 4911 3993 3511 3404 2488 886 2582 1906 1602 943 916 690 226 1694 551 380 676 194 105 549 918 138 452 482 418 141 826 290 212
cat_boundaries=0 1
cat_threshold=28
is_linear=0
shrinkage=0.03


Tree=54
num_leaves=31
num_cat=0
split_feature=20 18 20 22 24 22 8 5 9 15 15 5 4 23 5 2 12 2 23 13 13 4 4 11 22 21 13 23 8 4
split_gain=52.5513 28.5625 23.187 14.0447 12.9905 7.86691 8.29554 8.41254 7.48642 10.2358 10.5905 16.1576 7.35252 7.02434 10.3725 6.9437 7.00862 6.75418 6.71617 6.21938 6.07549 5.55609 6.49904 5.53866 5.17009 6.40034 5.65676 4.80821 6.21566 7.98471
threshold=73.166666666666671 1.0000000180025095e-35 55.250000000000007 -1.2499999999999998 1.5000000000000002 19.333333333333339 93.500000000000014 0.19070448262696396 29.500000000000004 3.5000000000000004 33.500000000000007 1.185467891508986 10.500000000000002 -88.499999999999986 -0.36613388550587506 27.500000000000004 9.5000000000000018 66.500000000000014 -21.499999999999996 78.500000000000014 23.500000000000004 16.500000000000004 1.5000000000000002 110.50000000000001 -1.0000000180025095e-35 1.5000000000000002 26.500000000000004 -128.49999999999997 29.500000000000004 164.50000000000003
decision_type=10 2 8 8 2 10 2 2 2 2 2 2 2 10 2 2 2 2 10 2 2 2 2 2 10 10 2 10 2 2
left_child=1 2 -1 20 8 6 27 19 21 -10 13 18 -3 14 17 -14 -17 -11 -12 23 -4 22 -2 -8 -15 26 -26 -5 -29 -30
right_child=4 12 3 5 -6 -7 7 -9 9 10 11 -13 15 24 -16 16 -18 -19 -20 -21 -22 -23 -24 -25 25 -27 -28 28 29 -31
leaf_value=0.015468712985612714 -0.0048417431878193919 0.021166584752772076 0.0068290105191092928 -0.0080484516914229951 0.017992232639947869 0.019728434354715683 -0.012547572367660638 -0.023391921171046205 -0.01571227506027148 0.0034439736845641301 -0.017234684999359241 0.019194743193612623 0.01670203092229158 0.0086565757903061084 -0.0049055418524982719 -0.02264219588225639 0.010270715154869218 0.031594630605947041 0.0083771202915987279 0.01031377278691584 0.03576482185160907 -0.0060335603867007958 0.015720181237939206 0.0052396773845738882 -0.021871889237719315 -0.024566401253273411 -0.0029480225837823677 -0.00068270998811417163 0.010830415692645886 -0.013126090164939572
leaf_weight=99.290118217468262 24.7124974578619 98.204222351312637 14.120974346995355 54.061583667993546 17.835886716842651 15.164022877812384 60.212561786174774 25.399466052651405 144.03472906351089 14.749540001153948 129.67919823527336 12.404195025563238 26.362190783023834 19.430109024047852 36.793805748224258 10.330580845475199 11.109707131981848 15.626130968332289 9.3342313170433027 20.030892863869667 12.176390707492827 76.963127911090851 29.399138733744621 20.58092674612999 15.19991612434387 16.522967368364334 120.33875162899494 327.88958670198917 92.069331049919128 13.603089913725851
leaf_count=472 104 629 59 235 76 63 291 122 706 64 699 59 152 82 178 53 54 70 49 85 51 332 126 102 73 81 559 1406 392 57
internal_value=-0.00036249 0.00439482 0.00203513 -2.07426e-05 -0.00663252 -0.000933517 -0.00147519 -0.00829733 -0.00731881 -0.00889287 -0.0063411 -0.0125206 0.0164934 -0.00238468 0.00578174 0.00665602 -0.00589003 0.0184709 -0.0154674 -0.00430235 0.0210464 -0.000885927 0.0064122 -0.00800787 -0.00559826 -0.00746437 -0.00521488 0.000304122 0.00136174 0.00765238
internal_weight=1583.63 900.606 754.599 655.309 683.024 629.011 613.847 126.224 665.188 534.114 390.079 151.418 146.007 238.661 67.1695 47.8025 21.4403 30.3757 139.013 100.824 26.2974 131.075 54.1116 80.7935 171.492 152.062 135.539 487.624 433.562 105.672
internal_count=7481 4223 3335 2863 3258 2753 2690 600 3182 2620 1914 807 888 1107 312 259 107 134 748 478 110 562 230 393 795 713 632 2090 1855 449
is_linear=0
shrinkage=0.03


Tree=55
num_leaves=31
num_cat=2
split_feature=18 20 22 24 1 26 26 20 22 6 20 21 20 20 5 13 6 12 9 23 23 13 14 0 6 5 5 23 23 9
split_gain=46.3614 30.7594 17.9278 9.49527 10.0883 8.80767 8.44461 8.33058 10.6197 8.26191 7.48858 8.78013 7.40905 6.86445 6.76496 6.81317 6.48994 6.22304 6.34077 6.19398 5.84095 5.73646 5.38529 5.28274 5.61903 5.25969 4.60356 5.01626 4.48725 4.44586
threshold=1.0000000180025095e-35 61.250000000000007 1.2500000000000002 1.0000000180025095e-35 13.500000000000002 0 1 84.166666666666671 4.7500000000000009 2.5000000000000004 78.166666666666671 12.500000000000002 82.583333333333357 39.750000000000007 -0.094934381214668559 29.500000000000004 3.5000000000000004 11.500000000000002 173.50000000000003 -21.499999999999996 -137.49999999999997 39.500000000000007 19.500000000000004 163.50000000000003 7.5000000000000009 -0.97237349126337758 -0.057623795347413236 -70.499999999999986 -52.499999999999993 32.500000000000007
decision_type=2 8 10 2 2 1 1 10 10 8 10 8 10 10 2 2 10 2 2 10 10 2 2 2 10 2 2 10 10 2
left_child=1 13 3 4 5 14 12 8 19 21 11 -10 29 -1 15 23 -12 -14 -19 -4 -7 -2 -20 24 -3 -13 -27 -28 -11 -6
right_child=9 2 7 -5 6 20 -8 -9 10 28 16 25 17 -15 -16 -17 -18 18 22 -21 -22 -23 -24 -25 -26 26 27 -29 -30 -31
leaf_value=0.027522206488579681 0.013603222267523191 0.021917872005701035 -0.0082907965174439761 0.008570968428437839 -0.01158950437698688 -0.018680344458914266 -0.011451050365867138 -0.014167383232546193 0.023484591932004393 0.025778939510784415 -0.016062785577818341 0.016698505851282828 0.0022673903654303949 0.0081554004786295268 0.019918319387267978 0.014574308508958659 0.010443646949382971 -0.022366936269997015 0.013219795962948963 -0.030024538871296941 -0.00063454920858353671 -0.010431196309210891 -0.016483678743122301 -0.0077509550590676062 -0.004679440212997316 -0.01729259709949979 0.017779268999725522 -0.0083908488992097026 0.013513881771360921 0.0057058598776621736
leaf_weight=17.643627628684044 19.28835441172123 13.474595412611963 139.67272068560123 90.800332546234131 14.456603452563284 16.105548739433289 122.90286256372929 138.2627060264349 20.89700935781002 58.992767944931984 28.036164671182632 13.002701461315153 31.779675826430321 163.55918112397194 31.029688954353333 35.886730954051018 10.850739032030104 32.680909991264343 10.515677765011789 12.144357785582541 288.40350952744484 15.026100009679793 9.5081291943788511 43.359620332717896 13.551994159817694 14.809853985905646 10.857755810022352 13.922613695263864 56.895840361714363 100.61321124434471
leaf_count=99 110 55 658 379 60 71 635 756 89 377 144 56 146 715 140 147 48 160 53 58 1232 71 52 186 55 69 51 64 361 428
internal_value=0.000319836 -0.00134001 -0.00300702 -0.000546826 -0.00163987 0.00130468 -0.00566587 -0.00821968 -0.00506534 0.0161224 0.00191966 0.00752158 -0.00142166 0.0101818 0.0072885 0.00412897 -0.00859021 -0.00818854 -0.014418 -0.0102144 -0.00159481 0.00308133 -0.000997808 -0.0013262 0.00889003 0.000859061 -0.00462635 0.0033207 0.0199245 0.00345186
internal_weight=1588.93 1438.73 1257.53 855.069 764.269 441.812 322.457 402.457 264.194 150.203 112.377 73.4899 199.554 181.203 137.303 106.273 38.8869 84.4844 52.7047 151.817 304.509 34.3145 20.0238 70.3862 27.0266 52.5929 39.5902 24.7804 115.889 115.07
internal_count=7525 6606 5792 3799 3420 1886 1534 1993 1237 919 521 329 899 814 583 443 192 411 265 716 1303 181 105 296 110 240 184 115 738 488
cat_boundaries=0 1 2
cat_threshold=24 20
is_linear=0
shrinkage=0.03


Tree=56
num_leaves=31
num_cat=3
split_feature=20 26 20 8 24 6 22 26 22 14 23 9 9 26 11 11 22 20 11 11 8 3 13 2 23 9 5 8 22 11
split_gain=45.9627 32.0467 19.6517 18.7369 12.711 10.2247 9.90584 9.8198 9.08633 8.83767 8.67806 8.62017 8.15411 8.01478 7.95688 7.35531 6.77887 6.00999 5.82734 5.58695 4.89626 4.82692 4.78335 6.37605 4.97854 5.79856 6.69913 7.79841 4.42013 4.84271
threshold=70.250000000000014 0 57.750000000000007 70.500000000000014 1.5000000000000002 29.500000000000004 1.2500000000000002 1 1.7500000000000002 10.500000000000002 -24.499999999999996 76.500000000000014 53.500000000000007 2 317.50000000000006 108.50000000000001 -2.4999999999999996 66.750000000000014 89.500000000000014 50.500000000000007 197.50000000000003 13.500000000000002 2.5000000000000004 1.0000000180025095e-35 -46.499999999999993 16.500000000000004 -1.2644384183496487 37.500000000000007 116.75000000000001 1.0000000180025095e-35
decision_type=10 1 10 2 2 8 10 1 10 2 10 2 2 1 2 2 10 10 2 2 2 2 2 2 10 2 2 2 10 2
left_child=1 2 -1 5 6 7 13 8 17 -4 -9 -11 -8 16 28 -5 -2 -3 19 22 -15 -19 -18 -24 25 -25 -27 -28 29 -14
right_child=4 3 9 15 -6 -7 12 10 -10 11 -12 -13 14 20 -16 -17 18 21 -20 -21 -22 -23 23 24 -26 26 27 -29 -30 -31
leaf_value=0.019969435214010133 0.01466563269409038 0.010180037214379959 0.010788936266829873 -0.016298972056673532 0.017219132753083316 0.014744421422914523 -0.0012443207520106095 -0.0097643711280557283 -0.0055228811052585999 -0.019183309975895489 0.014175096051149623 0.0043703174605397134 -0.018215445779138636 -0.0074878505458574355 0.011910119979147201 0.0020977196453237459 -0.018033724765369921 -0.016110065332500718 0.015870088290552878 -0.015661032386671592 -0.028569060151560053 0.0083881929886135322 0.010671465063457135 -0.016567357800063732 -0.0075929072082552415 0.014847369306711555 -0.013554329990178833 0.0095768375734862285 -0.026105742195778259 -0.0086516239627832305
leaf_weight=162.5537016838789 24.957358345389366 156.50960783660412 87.822129592299461 72.388817816972733 21.244077876210213 57.072340980172157 76.680718153715134 96.02013848721981 59.095393851399422 20.844791486859322 14.952460110187529 38.099398583173752 76.192145481705666 124.24302467703819 10.773810580372809 26.38060063123703 12.959232747554777 14.709186792373659 15.61992099881172 24.968664214015007 9.9941564947366697 12.558785587549208 40.613946855068207 11.843348026275633 85.162716075778008 35.43051861226558 25.183351382613189 25.316564649343491 22.841049700975418 135.14816930890083
leaf_count=913 104 722 367 355 90 293 352 428 259 87 65 157 421 569 62 134 54 60 73 116 54 53 172 49 381 152 123 111 126 696
internal_value=4.63606e-05 0.0050057 0.0124132 0.00024682 -0.00516625 0.00307644 -0.00581556 0.00115825 0.00445976 0.00480568 -0.00591291 -0.00414016 -0.00980304 -0.00286028 -0.0124663 -0.0114136 3.55406e-06 0.00792364 -0.00136487 -0.00245098 -0.00861965 -0.00492934 -0.000996305 6.72676e-05 -0.0023322 0.00228045 0.00503885 -0.00199745 -0.0136336 -0.0121691
internal_weight=1598.18 819.007 309.32 509.687 779.173 410.918 757.929 353.846 242.873 146.766 110.973 58.9442 321.636 436.293 244.955 98.7694 302.056 183.778 277.098 261.478 134.237 27.268 236.51 223.55 182.936 97.7738 85.9304 50.4999 234.181 211.34
internal_count=7598 3893 1524 2369 3705 1880 3615 1587 1094 611 493 244 1657 1958 1305 489 1335 835 1231 1158 623 113 1042 988 816 435 386 234 1243 1117
cat_boundaries=0 1 2 3
cat_threshold=20 10 18
is_linear=0
shrinkage=0.03


Tree=57
num_leaves=31
num_cat=2
split_feature=18 22 26 1 11 11 13 22 14 5 22 26 4 0 5 0 9 12 15 13 8 5 11 1 12 5 12 11 5 1
split_gain=42.4023 20.6474 14.3724 9.34356 9.16594 10.8721 9.13632 8.50007 8.70823 7.16798 6.92519 10.3293 7.91716 6.62874 6.4539 5.79216 5.76213 5.34853 7.20603 5.29683 5.1348 6.83668 4.69207 4.40985 4.25491 4.09023 6.83457 5.59705 3.93687 3.89421
threshold=1.0000000180025095e-35 1.2500000000000002 0 12.500000000000002 50.500000000000007 90.500000000000014 3.5000000000000004 -0.74999999999999989 7.5000000000000009 -1.8441792425499044 116.75000000000001 1 103.50000000000001 317.50000000000006 -0.34519362536671533 890.50000000000011 10.500000000000002 10.500000000000002 20.500000000000004 55.500000000000007 238.50000000000003 -0.79380831706833266 88.500000000000014 19.500000000000004 9.5000000000000018 -1.1500949411340451 20.500000000000004 2.5000000000000004 2.0387687219528599 21.500000000000004
decision_type=2 10 1 2 2 2 2 10 2 2 10 1 2 2 2 2 2 2 2 2 2 2 2 2 2 2 2 2 2 2
left_child=1 2 6 -2 7 -6 -1 -4 13 -7 11 12 29 -9 17 25 -13 -14 -19 -15 21 -11 -20 -23 -5 26 27 -10 -27 -3
right_child=3 10 4 24 5 9 -8 8 15 20 -12 16 14 19 -16 -17 -18 18 22 -21 -22 23 -24 -25 -26 28 -28 -29 -30 -31
leaf_value=0.00066984091480323381 0.018776751818151364 0.012954425926556825 0.011072139968131065 -0.013940906573537493 -0.012016131344889561 0.017729293749106485 -0.013501385186053216 0.0040662738583950534 -0.0078391520351724416 -0.011570639823148704 -0.020104074275620804 0.0020238084882409314 -0.012267535263082914 0.027826221094958241 -0.013816198477362826 0.01414280569781682 -0.011723553858391666 0.026361195046951943 0.011092962493088606 0.0052874610132642389 -0.014250856759723256 0.0027598625257259121 -0.0089563158891820781 0.026439608905343439 0.0097653858256850808 -0.0071180755539789484 0.022417554429366299 0.015183638391205642 0.0096402077721543453 -0.0057426720862012066
leaf_weight=71.83538830280304 120.3654063642025 45.874371603131294 124.8705630749464 11.61415281891823 76.697277650237083 22.175381988286972 93.937994390726089 256.39019997417927 35.44307442009449 15.710633799433706 32.499260529875755 31.125941783189774 18.900304391980171 19.657235205173492 41.280494913458824 17.760266482830048 214.93799357116222 11.051817089319227 17.891091749072075 18.250737935304642 19.304790988564491 17.776245117187504 22.665941044688225 11.062883019447325 13.830456450581549 147.24341884255409 12.331213653087614 11.86796325445175 12.928147450089453 12.125597104430197
leaf_count=301 785 199 549 60 362 96 436 1104 156 75 177 134 84 86 220 86 1083 48 88 78 102 83 117 55 69 677 53 51 57 58
internal_value=-4.50584e-05 -0.0016165 0.000813303 0.0153111 0.00245056 -0.00387653 -0.00697507 0.00405905 0.00239487 0.00343477 -0.00694587 -0.00587178 0.000104376 0.00583552 -0.00454815 -0.00187389 -0.00959506 0.000995273 0.00599327 0.0173898 -0.00172626 0.00389475 -5.77874e-05 0.0124252 -0.00117331 -0.00322618 0.00343907 -0.00186914 -0.00571402 0.00901449
internal_weight=1579.41 1433.6 985.243 145.81 819.47 162.727 165.773 656.743 531.872 86.0299 448.353 415.854 169.79 294.298 111.79 237.574 246.064 70.5092 51.6088 37.908 63.8546 44.5498 40.557 28.8391 25.4446 219.814 59.6423 47.311 160.172 58
internal_count=7529 6615 4407 914 3670 773 737 2897 2348 411 2208 2031 814 1268 557 1080 1217 337 253 164 315 213 205 138 129 994 260 207 734 257
cat_boundaries=0 1 2
cat_threshold=33 16
is_linear=0
shrinkage=0.03


Tree=58
num_leaves=31
num_cat=1
split_feature=18 20 20 26 15 10 20 23 23 10 14 15 4 8 4 15 0 10 8 19 0 15 0 4 5 8 20 23 23 3
split_gain=46.8784 26.1823 15.0581 10.6762 18.7008 11.8925 7.92908 11.6445 7.30578 6.79897 7.27901 7.07356 6.7342 6.57655 6.51428 6.00525 8.99721 5.92541 7.20774 5.90503 5.78604 7.81674 5.45358 10.5585 8.46657 6.32558 5.45143 5.4456 11.0411 5.45314
threshold=1.0000000180025095e-35 55.250000000000007 86.833333333333357 0 12.500000000000002 56.500000000000007 77.833333333333357 -29.499999999999996 -138.49999999999997 55.500000000000007 9.5000000000000018 1.5000000000000002 117.50000000000001 50.500000000000007 37.500000000000007 7.5000000000000009 332.50000000000006 45.500000000000007 4.5000000000000009 1.0000000180025095e-35 332.50000000000006 21.500000000000004 76.500000000000014 43.500000000000007 -2.7710237757353169 57.500000000000007 66.750000000000014 -73.499999999999986 -37.499999999999993 10.500000000000002
decision_type=2 8 10 1 2 2 10 10 10 2 2 2 2 2 2 2 2 2 2 2 2 2 2 2 2 2 10 10 10 2
left_child=1 -1 3 4 9 8 7 20 -5 10 11 -3 14 -2 -8 16 -11 22 -19 27 -6 -22 -10 -24 -25 -26 -23 29 -29 -13
right_child=13 2 -4 5 6 -7 12 -9 17 15 -12 19 -14 -15 -16 -17 -18 18 -20 -21 21 26 23 24 25 -27 -28 28 -30 -31
leaf_value=0.013532722269401372 0.018771311290589857 -0.0069852636972722853 -0.0095079175745551563 -0.015120527363548504 -0.012997020705467179 -0.010144902149623675 -0.016903790557550348 0.017501359732743482 0.0020316147662072584 0.022828713462772401 -0.013622899402505767 0.010690310373761077 -0.014308939781934741 -0.0022466568644133079 0.0049025610741339036 0.024897873182605137 -0.010533408730284237 0.020096348992092641 -0.0026459812878670405 0.025698478286628672 0.017431399769116979 0.0088853826641720948 -0.012128592035993539 -0.0096051863640031435 0.01780460449154361 -0.0043588130490664709 -0.0081887761913132118 0.026720696922994773 -0.0013820072401507628 -0.01517114748323006
leaf_weight=99.858957663178444 130.11955919861794 22.228318676352501 218.28262338042259 29.616458505392075 31.791717648506165 174.88707032799721 15.599052265286444 33.546776577830315 207.74143922328949 13.532195866107942 14.884848490357397 12.910694107413294 68.236101001501083 14.69970005750656 46.949155196547508 38.224680230021477 13.705656066536902 26.43368972837925 22.723348066210747 19.996983274817467 20.774152934551239 23.476164549589157 90.861082464456558 30.174290284514427 32.765554770827293 17.138237297534943 53.165942952036858 25.546401664614674 23.741422235965732 14.592439994215963
leaf_count=482 836 93 1129 133 134 897 71 141 884 57 63 53 345 76 224 161 59 120 108 85 86 96 406 126 141 79 236 105 98 61
internal_value=0.00042616 -0.00121073 -0.0023158 -0.00091342 0.00237624 -0.00346026 -0.00239122 0.00202682 -0.000963605 0.00949124 0.00554656 0.00803753 -0.00786291 0.0166371 -0.0007162 0.0173551 0.00626289 4.93622e-05 0.00974032 0.0115238 -0.00209444 0.00155951 -0.00123097 -0.00518474 0.00274657 0.010257 -0.00291173 0.00754972 0.0134256 -0.00308196
internal_weight=1588.2 1443.39 1343.53 1125.24 492.903 632.341 293.539 162.755 457.454 199.364 133.901 119.016 130.784 144.819 62.5482 65.4625 27.2379 427.838 49.157 96.7879 129.208 97.4163 378.681 170.939 80.0781 49.9038 76.6421 76.791 49.2878 27.5031
internal_count=7585 6673 6191 5062 2168 2894 1333 693 1997 835 558 495 640 912 295 277 116 1864 228 402 552 418 1636 752 346 220 332 317 203 114
cat_boundaries=0 1
cat_threshold=20
is_linear=0
shrinkage=0.03


Tree=59
num_leaves=31
num_cat=2
split_feature=20 26 20 26 3 6 23 9 13 24 22 11 22 10 14 11 23 10 1 2 6 2 20 15 8 5 2 6 23 3
split_gain=33.4685 24.4799 25.5942 13.1563 10.7215 10.5816 10.4701 10.1866 9.56468 9.33915 8.57367 10.0195 8.1923 8.76767 7.65657 7.10179 7.68433 6.82234 6.78877 6.63937 7.94088 6.59264 5.81522 8.49938 5.72985 10.8536 6.6505 7.4283 6.09819 6.02695
threshold=75.250000000000014 0 55.250000000000007 1 147.50000000000003 2.5000000000000004 -54.499999999999993 4.5000000000000009 159.50000000000003 1.0000000180025095e-35 1.7500000000000002 14.500000000000002 110.75000000000001 44.500000000000007 9.5000000000000018 103.50000000000001 -22.499999999999996 65.500000000000014 12.500000000000002 26.500000000000004 29.500000000000004 130.50000000000003 39.750000000000007 19.500000000000004 44.500000000000007 0.88543485637974861 129.50000000000003 1.5000000000000002 -22.499999999999996 24.500000000000004
decision_type=10 1 10 1 2 8 10 2 2 2 10 2 10 2 2 2 10 2 2 2 8 2 8 2 2 2 2 10 10 2
left_child=1 2 22 4 12 -3 -4 -8 14 24 21 -12 13 18 -6 16 17 19 -2 20 -7 -9 -1 -24 26 -26 27 -5 29 -29
right_child=3 5 6 9 8 15 7 10 -10 -11 11 -13 -14 -15 -16 -17 -18 -19 -20 -21 -22 -23 23 -25 25 -27 -28 28 -30 -31
leaf_value=0.02977646035020055 0.0016377628899682678 -0.011937198079049752 -0.0020217997704826554 -0.020224142987970244 -0.018086109847494269 -0.0091114488645812168 0.02355277438800445 0.006352086691686837 -0.029309318087265519 0.0031146799199595868 -0.011483647895800487 0.015874396063211053 -0.012379334575123541 0.009448621863509617 0.0023725307101547743 0.019461050460124266 0.01756469513392717 -0.024231215285908339 -0.021982120896098661 0.010570834210100017 0.0090929533357494222 0.026913546243874476 0.01533201002910853 -0.0042715589771230031 -0.026319566340467542 0.0065671891439618105 0.004395578907686019 -0.010212671184211168 -0.022759981330562742 0.0048275162126781646
leaf_weight=21.118294030427933 39.090499520301819 95.104426205158234 222.76718229055405 59.642937391996384 23.772372096776962 91.096048817038536 28.531487569212914 126.50482842326164 16.519851088523865 41.876414149999619 46.623185306787491 15.178636759519575 26.268196016550064 129.39626340568066 48.514038264751434 14.902175307273863 16.285383179783821 12.11200477182865 14.148732975125311 30.714254155755043 27.280658632516861 14.995296850800512 186.08714306354523 21.846715405583382 47.90738046169281 10.648175865411757 26.095577657222748 57.464534893631935 17.896327421069145 39.861257836222649
leaf_count=126 159 485 957 310 124 396 122 530 104 183 214 65 128 576 266 64 71 60 61 139 117 63 1107 101 269 52 146 271 84 192
internal_value=0.000186485 0.00362532 0.00665501 -0.00538462 -0.000702591 -0.0036804 0.00261959 0.007069 -0.00939864 -0.00964949 0.00465169 -0.00461868 0.00298785 0.00525346 -0.00451055 0.000251502 -0.00146136 -0.00347988 -0.00492895 -0.00164385 -0.0048751 0.00870464 0.0149072 0.0132618 -0.0120836 -0.0203293 -0.00959222 -0.0116928 -0.00714064 -0.00406628
internal_weight=1570.25 971.148 683.653 599.103 297.71 287.495 454.601 231.833 88.8063 301.393 203.302 61.8018 208.904 182.635 72.2864 192.391 177.488 161.203 53.2392 149.091 118.377 141.5 229.052 207.934 259.516 58.5556 200.961 174.865 115.222 97.3258
internal_count=7542 4617 3285 2925 1418 1332 1951 994 494 1507 872 279 924 796 390 847 783 712 220 652 513 593 1334 1208 1324 321 1003 857 547 463
cat_boundaries=0 1 2
cat_threshold=22 16
is_linear=0
shrinkage=0.03


Tree=60
num_leaves=31
num_cat=2
split_feature=18 22 6 2 26 21 26 0 10 4 3 0 2 13 15 15 23 15 3 15 14 25 5 13 3 5 14 11 13 15
split_gain=47.2439 13.0388 10.4345 9.23398 9.88896 12.3341 8.9182 10.9332 6.95172 11.0918 8.1436 6.80806 6.555 9.2316 9.08547 7.6168 6.91677 7.6032 6.66933 6.12402 7.55298 6.58153 9.29474 5.9048 5.81049 6.72477 5.47188 8.39546 5.04483 5.04034
threshold=1.0000000180025095e-35 -0.74999999999999989 1.5000000000000002 1.5000000000000002 0 -1.4999999999999998 1 41.500000000000007 55.500000000000007 30.500000000000004 6.5000000000000009 383.50000000000006 410.50000000000006 94.500000000000014 12.500000000000002 46.500000000000007 -32.499999999999993 5.5000000000000009 13.500000000000002 30.500000000000004 13.500000000000002 117.50000000000001 0.17693070815907788 7.5000000000000009 63.500000000000007 -0.51082562376599105 17.500000000000004 88.500000000000014 17.500000000000004 39.500000000000007
decision_type=2 8 8 2 1 10 1 2 2 2 2 2 2 2 2 2 10 2 2 2 2 2 2 2 2 2 2 2 2 2
left_child=1 23 3 -3 5 19 7 -4 9 10 -8 -2 13 14 16 -15 17 24 -19 20 -5 26 -23 -1 25 -9 -21 -28 -27 -25
right_child=11 2 6 4 -6 -7 8 12 -10 -11 -12 -13 -14 15 -16 -17 -18 18 -20 21 -22 22 -24 29 -26 28 27 -29 -30 -31
leaf_value=-0.0092613662325281114 0.01763921774550823 0.0063602283912398147 0.026743788562279203 -0.00065815644555267529 -0.014511426599876955 -0.017810835149243118 -0.0025152984425104111 -0.0013313777442108114 -0.012748157900688848 0.0066991278552682243 -0.015055151089156452 -0.0072678950960466055 -0.019416074468329599 0.021027560914508733 -0.0066416395358602021 -0.00087828445503605572 -0.004423597721375393 0.026396139620608768 0.0065822481914605954 -0.018322454434987905 0.01765792529569013 -0.0095488565764253654 0.023753708903360257 0.01240024371241435 -0.0182107838314307 0.001739996394748509 0.0044618731679679016 -0.02332355113984004 0.026362166808069663 -0.0081412084623689457
leaf_weight=15.729871571063994 134.49682308733463 43.88820768892765 14.445120275020598 88.214552789926529 132.28684258460999 49.280336767435074 185.72538377344608 66.06715501844883 70.642461508512497 87.356560245156288 61.477801665663719 10.123330295085905 12.642361298203467 36.077697813510895 124.27362829446793 23.113091871142387 72.559922486543655 25.216618567705154 38.94355645775795 39.969451501965523 25.279159113764763 15.289398789405825 13.161458924412726 91.095808863639832 10.857241600751875 13.479446455836298 34.623608157038689 12.519964471459387 16.286859646439552 11.476133853197096
leaf_count=69 885 194 72 401 698 273 795 283 349 385 282 47 67 165 561 114 316 105 176 208 118 77 64 396 51 60 179 72 71 50
internal_value=-0.000423 -0.00207717 -0.00293763 -0.00660841 -0.00800661 -0.00420415 -0.000990297 0.00189233 -0.00416067 -0.00243882 -0.00568197 0.0158578 0.00105966 0.00171003 -7.26746e-05 0.0126012 0.00329457 0.00657912 0.0146552 -0.00139481 0.00354009 -0.0062301 0.00614047 0.00742234 0.00163145 0.00404428 -0.0102941 -0.00324832 0.0156312 0.0100456
internal_weight=1576.6 1431.98 1313.68 454.513 410.625 278.338 859.165 453.963 405.202 334.56 247.203 144.62 439.518 426.875 367.684 59.1908 243.411 170.851 64.1602 229.058 113.494 115.564 28.4509 118.302 106.691 95.8335 87.113 47.1436 29.7663 102.572
internal_count=7583 6651 6136 2284 2090 1392 3852 2041 1811 1462 1077 932 1969 1902 1623 279 1062 746 281 1119 519 600 141 515 465 414 459 251 131 446
cat_boundaries=0 1 2
cat_threshold=52 28
is_linear=0
shrinkage=0.03


Tree=61
num_leaves=31
num_cat=0
split_feature=20 20 10 22 22 10 21 13 15 0 10 25 10 14 18 1 1 3 10 13 22 18 4 11 8 20 5 10 15 12
split_gain=34.8085 19.305 13.6848 8.77054 8.74675 8.86635 8.41917 7.81765 9.70661 7.0961 7.95658 7.04421 7.00064 6.97925 6.93542 6.78127 6.29294 6.2921 5.99471 5.48505 5.34482 5.14351 6.51919 6.26881 6.25123 5.05509 8.34818 5.94349 4.79213 7.74382
threshold=75.583333333333357 45.250000000000007 15.500000000000002 3.2500000000000004 1.0000000180025095e-35 21.500000000000004 -6.4999999999999991 53.500000000000007 16.500000000000004 263.50000000000006 129.50000000000003 147.50000000000003 78.500000000000014 13.500000000000002 1.0000000180025095e-35 21.500000000000004 14.500000000000002 24.500000000000004 221.50000000000003 17.500000000000004 -1.0000000180025095e-35 1.0000000180025095e-35 5.5000000000000009 99.500000000000014 22.500000000000004 80.250000000000014 -0.41675299569156271 70.500000000000014 2.5000000000000004 11.500000000000002
decision_type=10 8 2 10 8 2 8 2 2 2 2 2 2 2 2 2 2 2 2 2 10 2 2 2 2 10 2 2 2 2
left_child=1 -1 14 11 5 -4 -5 8 12 13 17 18 21 19 -3 -13 -9 -11 28 -7 -19 23 -23 -6 -24 26 -8 -27 -2 -30
right_child=3 2 4 6 7 9 25 16 -10 10 -12 15 -14 -15 -16 -17 -18 20 -20 -21 -22 22 24 -25 -26 27 -28 -29 29 -31
leaf_value=0.023938977745482114 -0.0086084686703603013 0.0051444787602689989 -0.013330512329524296 0.0056597783995004335 -0.0041657979736668136 0.0067866567010069932 0.012336147894759422 0.020535464362388525 -0.022744230657296024 0.014288861143094751 0.016440474665896276 -0.0020444993612139728 -0.01224495047735244 -0.0033105016427111499 0.016209283438368898 0.026099263014940432 0.0016981365365455693 0.0012943596499731653 -0.020735874574340063 0.02406219122663987 -0.018483403498851435 0.022682686040399067 -0.015533501272360405 0.010335625542597884 0.01616449212999975 -0.028605285688038076 -0.017967924261946593 -0.01284529851912523 0.0038506021347824359 -0.006553116130978592
leaf_weight=37.883175745606422 132.55972461402416 180.35850082337856 19.136313557624817 20.392518728971481 225.97551468014717 27.652335897088051 14.354990735650064 18.174734592437744 22.545988827943802 12.058152824640272 21.818206936120987 17.839277446269993 58.148175105452538 17.492807865142822 71.015374273061752 12.388800978660582 96.598486617207527 23.041781455278397 19.356461808085442 44.403585240244865 25.075678572058678 16.709606826305389 12.02283024787903 29.462365388870239 8.8345720022916776 32.081850290298462 16.588795870542526 72.513537764549255 122.28956867754459 133.88590878248215
leaf_count=220 631 768 83 106 1019 117 67 85 102 52 92 76 309 76 497 54 427 97 116 192 106 114 74 131 53 159 86 426 549 642
internal_value=-0.000281103 0.00322539 0.00235732 -0.0059912 0.000140537 0.00557284 -0.0120827 -0.00198706 -0.0040889 0.00774663 0.001336 -0.0038016 -0.00282994 0.0135368 0.00832223 0.00995645 0.0048327 -0.00431974 -0.00484253 0.0176161 -0.00917899 -0.00092619 0.00929245 -0.00245941 -0.0019819 -0.014774 -0.00396361 -0.0179044 -0.00399997 -0.00159107
internal_weight=1562.66 968.408 930.525 594.251 679.151 190.679 155.932 488.472 373.699 171.543 81.9938 438.32 351.153 89.5487 251.374 30.2281 114.773 60.1756 408.092 72.0559 48.1175 293.005 37.567 255.438 20.8574 135.539 30.9438 104.595 388.735 256.175
internal_count=7526 4614 4394 2912 3129 815 844 2314 1802 732 347 2068 1700 385 1265 130 512 255 1938 309 203 1391 241 1150 127 738 153 585 1822 1191
is_linear=0
shrinkage=0.03


Tree=62
num_leaves=31
num_cat=1
split_feature=6 20 18 1 20 13 12 24 20 25 24 11 3 15 15 21 5 15 9 14 11 14 9 1 20 26 3 9 11 15
split_gain=37.5741 23.1471 20.3593 11.8702 9.09072 7.97215 7.52341 7.47065 6.34357 6.387 5.87929 7.28426 6.38073 5.55661 5.50748 5.82443 5.67632 5.46261 5.42327 5.18572 4.77732 4.61578 7.04574 7.60036 6.58389 6.1241 5.04704 6.25951 11.0786 4.77835
threshold=2.5000000000000004 48.750000000000007 1.0000000180025095e-35 12.500000000000002 70.750000000000014 3.5000000000000004 19.500000000000004 1.0000000180025095e-35 77.833333333333357 142.50000000000003 1.0000000180025095e-35 104.50000000000001 31.500000000000004 2.5000000000000004 7.5000000000000009 -26.499999999999996 0.74796571677248902 1.5000000000000002 26.500000000000004 12.500000000000002 88.500000000000014 16.500000000000004 6.5000000000000009 7.5000000000000009 94.166666666666671 0 8.5000000000000018 19.500000000000004 1.5000000000000002 2.5000000000000004
decision_type=8 8 2 2 8 2 2 2 8 2 2 2 2 2 2 10 2 2 2 2 2 2 2 2 8 1 2 2 2 2
left_child=1 -1 4 6 13 -6 -3 -4 18 14 11 21 -12 17 20 16 -16 -2 -5 -15 -10 22 23 24 -7 26 27 -24 -29 -27
right_child=2 3 7 8 5 10 -8 -9 9 -11 12 -13 -14 19 15 -17 -18 -19 -20 -21 -22 -23 25 -25 -26 29 -28 28 -30 -31
leaf_value=0.024427526281893871 0.0061808889157647096 -0.00069076479036654886 0.021919937688616768 -0.020674148720901165 0.0073440628179034153 0.0079412428043305894 0.020726418875719795 0.0052104987856798294 -0.021320235179976235 0.0040933257823907842 0.016502830259193996 0.011832942153713596 -0.0083908200640647572 0.019471975488909637 -0.0078894186057136047 -0.015728438052938179 0.0078843904735037568 -0.01442825593489766 -0.0025734251153890801 0.0022392461558809547 -0.0053711809861288701 -0.016060873543948192 0.028136990923723956 -0.028754969739717341 -0.016404958553257104 -0.0032044806155259605 -0.001011476619686838 -0.0092002324263775054 0.023885186794619484 -0.019711977086692461
leaf_weight=22.961798399686813 119.50970187783241 158.42605020105839 74.842706233263016 15.04395718872547 115.84219944477081 18.178112268447876 15.272279262542723 36.411061197519302 71.701544880867004 25.054845362901688 28.794891506433487 26.392303258180618 12.712637037038801 53.173538103699684 116.06302732229233 70.548640958964825 24.055005788803101 11.856056645512579 216.56805400550365 22.538761153817177 23.097296133637428 26.524323314428329 13.177907094359396 16.956997066736221 20.056357249617577 74.728153139352798 76.466439783573151 21.364258483052254 14.417235299944876 19.201543882489204
leaf_count=128 512 718 515 66 497 76 69 248 396 115 120 118 55 241 612 409 121 54 963 99 129 130 56 75 87 349 343 93 59 93
internal_value=0.000173104 -0.00461084 0.00469297 -0.00554891 0.00276585 0.000513558 0.00130019 0.0165464 -0.00766383 -0.0103287 -0.001645 -0.00299955 0.00886054 0.00801114 -0.0115211 -0.0087466 -0.00514474 0.00422592 -0.00383295 0.014438 -0.017531 -0.00433465 -0.00314759 -0.0126262 -0.00492247 -0.000716235 0.00354079 0.0112373 0.00441763 -0.00610773
internal_weight=1561.94 758.792 803.145 735.831 691.891 484.813 173.698 111.254 562.132 330.52 368.971 327.464 41.5075 207.078 305.466 210.667 140.118 131.366 231.612 75.7123 94.7988 301.071 274.547 55.1915 38.2345 219.356 125.426 48.9594 35.7815 93.9297
internal_count=7546 3726 3820 3598 3057 2151 787 763 2811 1782 1654 1479 175 906 1667 1142 733 566 1029 340 525 1361 1231 238 163 993 551 208 152 442
cat_boundaries=0 1
cat_threshold=52
is_linear=0
shrinkage=0.03


Tree=63
num_leaves=31
num_cat=0
split_feature=20 20 4 8 11 13 5 21 25 13 23 8 11 8 11 25 11 13 4 4 4 4 16 8 24 23 11 2 8 5
split_gain=34.8005 15.804 17.5759 9.519 10.7557 7.01111 7.31287 6.8549 6.34865 6.29222 6.2117 6.09942 7.77074 5.79555 5.57484 7.1645 7.12468 6.00814 11.4574 5.93235 8.54777 7.43271 8.26908 5.43347 5.35135 6.21527 7.75722 6.95645 5.59137 6.94622
threshold=70.250000000000014 53.750000000000007 1.0000000180025095e-35 167.50000000000003 81.500000000000014 42.500000000000007 -0.88355306658203625 1.5000000000000002 35.000000000000007 78.500000000000014 -22.499999999999996 103.50000000000001 83.500000000000014 84.500000000000014 103.50000000000001 82.500000000000014 67.500000000000014 28.500000000000004 44.500000000000007 19.500000000000004 30.500000000000004 8.5000000000000018 1.0000000180025095e-35 4.5000000000000009 1.5000000000000002 -92.499999999999986 1.5000000000000002 5.5000000000000009 2.5000000000000004 -0.67333678397263486
decision_type=10 8 2 2 2 2 2 10 2 2 10 2 2 2 2 2 2 2 2 2 2 2 2 2 2 10 2 2 2 2
left_child=1 23 8 4 24 11 9 -6 -3 13 -10 14 -13 -7 15 16 17 18 19 21 -21 22 -4 -1 25 26 28 -27 -2 -30
right_child=3 2 5 -5 7 6 -8 -9 10 -11 -12 12 -14 -15 -16 -17 -18 -19 -20 20 -22 -23 -24 -25 -26 27 -28 -29 29 -31
leaf_value=0.0057968714226322819 0.0081109682120132712 0.0043618706190529065 -0.019358173382080311 -0.011133697111195403 0.017395827562406031 0.018556507069012153 0.0018213620499535716 -0.0055215732705122126 0.0185363463180068 0.030896211872724337 -0.0043735209985434368 -0.022264341187840708 -0.0013643644442155006 -0.0086631336012725092 0.018444785017983335 0.0062916472781397378 -0.018949079604089661 -0.013910851351053277 0.01552740061003167 -0.022736932465010472 0.0016574536326739711 0.010717123500805784 0.0053829670824042117 0.022469522644003755 0.011433332811263798 0.0010149904016555737 0.013975420463063694 -0.0082933575780976682 -0.019689675509388504 -0.00060685492221805744
leaf_weight=26.903872638940811 29.707059949636459 69.893625840544701 22.606311649084091 143.70347702503204 36.281345129013062 15.675192803144457 101.57791082561016 16.571525543928146 95.643887311220169 15.932561889290808 11.587967693805693 25.622402176260948 40.522891536355019 11.387703940272329 13.481345698237417 94.899792939424515 23.002318799495697 29.575877726078033 35.250679135322571 26.892495840787888 23.858030885457993 40.023100033402443 24.374763295054436 55.105293139815331 19.120548248291016 93.179993405938148 31.610598012804985 317.7235359698534 24.919689178466797 51.038745135068893
leaf_count=132 141 297 102 769 166 71 434 80 583 69 72 131 213 53 58 443 100 136 154 121 108 186 122 300 80 402 141 1528 116 259
internal_value=0.000379852 0.00473424 0.00330349 -0.00420254 -0.00258109 0.000627083 0.00626557 0.0102412 0.011484 0.0164851 0.0160431 -0.00142084 -0.0096713 0.00720229 0.000237251 -0.000583652 -0.003491 -0.00165133 0.000512376 -0.0034141 -0.0114586 0.00135523 -0.00667729 0.0171356 -0.00379161 -0.00434251 0.00117794 -0.00618518 -0.00274565 -0.00704186
internal_weight=1567.67 803.818 721.809 763.857 620.153 544.683 144.573 52.8529 177.125 42.9955 107.232 400.11 66.1453 27.0629 333.965 320.483 225.584 202.581 173.005 137.755 50.7505 87.0042 46.9811 82.0092 567.3 548.18 137.276 410.904 105.665 75.9584
internal_count=7567 3885 3453 3682 2913 2501 627 246 952 193 655 1874 344 124 1530 1472 1029 929 793 639 229 410 224 432 2667 2587 657 1930 516 375
is_linear=0
shrinkage=0.03


Tree=64
num_leaves=31
num_cat=1
split_feature=18 22 22 26 4 5 5 24 2 4 5 11 3 11 10 2 2 4 9 23 15 5 3 25 23 11 4 3 23 23
split_gain=26.785 16.9979 9.04545 7.84217 6.98355 7.72982 9.61482 5.74792 5.52165 9.26359 5.40395 6.68833 5.66364 7.42172 8.81673 9.44468 5.40661 5.04514 6.38099 6.76041 5.3944 10.9731 4.84787 6.14101 6.2568 4.76204 4.75683 4.67229 4.33473 4.32039
threshold=1.0000000180025095e-35 1.2500000000000002 -0.74999999999999989 0 10.500000000000002 -0.76725515271366718 0.17693070815907788 1.5000000000000002 1.0000000180025095e-35 38.500000000000007 -0.98651522763725363 276.00000000000006 147.50000000000003 2.5000000000000004 113.50000000000001 170.50000000000003 1.0000000180025095e-35 165.50000000000003 93.500000000000014 -31.499999999999996 42.500000000000007 0.74796571677248902 4.5000000000000009 82.500000000000014 -36.499999999999993 41.500000000000007 98.500000000000014 63.500000000000007 -53.499999999999993 -50.499999999999993
decision_type=2 10 8 1 2 2 2 2 2 2 2 2 2 2 2 2 2 2 2 10 2 2 2 2 10 2 2 2 10 10
left_child=1 2 -1 28 -2 -6 -7 8 9 -5 -3 12 13 16 -15 -16 -12 20 19 -19 22 -22 -10 24 26 -20 29 -26 -4 -24
right_child=4 10 3 7 5 6 -8 -9 17 -11 11 -13 -14 14 15 -17 -18 18 25 -21 21 -23 23 -25 27 -27 -28 -29 -30 -31
leaf_value=0.0087117751494646956 0.017273488159165403 -0.0010702591193262902 -0.027297184905885181 -0.00043312382606245601 0.014817345060995094 -0.029366991585452466 0.0085653730070196707 0.016754359711858503 0.0037878367268652626 0.013889095414030215 0.0059489206900325319 0.011989049425120711 -0.016071088347150903 -0.0065498066497432254 0.035830112779589994 -0.0018546645042404688 -0.012297048965299951 -0.027465507989973346 0.0061217767330206318 0.0010237384679442293 -0.00089329389463703359 0.03307124528739485 -0.0077435050010699891 0.0025126989359706988 -0.0074240232034828461 -0.0089612577490038436 0.0083428171831819928 -0.023226630164459076 -0.0026604183795265342 0.0057924572554879771
leaf_weight=115.2168437987566 91.236910253763199 127.63250485062599 16.772429421544079 112.4358885884285 22.720835655927658 10.372008979320528 12.038111075758932 17.919111788272858 142.03403399884701 62.60381805896759 15.796433642506598 12.993382647633551 81.343031466007233 40.023905828595161 10.57637342810631 12.200258553028105 133.80002151429653 21.52871461212635 33.177343100309372 11.130039915442465 24.597212493419647 12.089895829558371 93.017072126269341 128.27422423660755 57.049826800823212 41.085031673312187 30.779387146234512 23.928464278578758 10.437174513936041 26.609550595283508
leaf_count=507 649 595 87 486 142 52 64 77 609 269 70 76 462 184 50 64 688 100 156 51 119 55 432 577 263 212 150 117 48 122
internal_value=-0.000109067 -0.00133594 0.000853226 -0.000201802 0.0125389 0.0028006 -0.00949527 0.000401184 2.88943e-05 0.00473909 -0.00626913 -0.00842188 -0.00936236 -0.0067298 0.00190597 0.0164153 -0.0103437 -0.00125412 -0.00717425 -0.0180145 -6.72667e-05 0.0108799 -0.00088785 -0.00273973 -0.00564983 -0.00223098 -0.00200101 -0.0123199 -0.0134931 -0.00470953
internal_weight=1551.42 1415.05 980.686 865.469 136.368 45.131 22.4101 838.26 820.341 175.04 434.366 306.733 293.74 212.397 62.8005 22.7766 149.596 645.301 106.921 32.6588 538.38 36.6871 501.693 359.659 231.384 74.2624 150.406 80.9783 27.2096 119.627
internal_count=7533 6626 4437 3930 907 258 116 3795 3718 755 2189 1594 1518 1056 298 114 758 2963 519 151 2444 174 2270 1661 1084 368 704 380 135 554
cat_boundaries=0 1
cat_threshold=1
is_linear=0
shrinkage=0.03


Tree=65
num_leaves=31
num_cat=1
split_feature=20 18 4 20 22 23 24 26 20 3 3 23 5 14 12 12 1 25 5 5 23 1 12 14 10 1 25 23 10 1
split_gain=24.461 19.0345 11.0712 10.8105 9.79397 7.74542 6.41352 7.5766 8.08696 7.41255 8.52727 7.35212 6.23324 5.86443 6.63137 5.47019 7.26888 6.05192 5.46169 7.77289 5.12463 7.88422 5.63158 7.96168 9.42372 4.91315 4.8448 4.58657 4.57413 6.91201
threshold=55.250000000000007 1.0000000180025095e-35 5.5000000000000009 94.166666666666671 1.0000000180025095e-35 -38.499999999999993 1.0000000180025095e-35 0 65.250000000000014 142.50000000000003 116.50000000000001 -29.499999999999996 -0.85167097593071761 16.500000000000004 8.5000000000000018 10.500000000000002 20.500000000000004 117.50000000000001 0.33705737419530829 -1.2444469598142729 -66.499999999999986 6.5000000000000009 31.500000000000004 16.500000000000004 95.500000000000014 2.5000000000000004 65.000000000000014 -24.499999999999996 105.50000000000001 16.500000000000004
decision_type=8 2 2 10 8 10 2 1 10 2 2 10 2 2 2 2 2 2 2 2 10 2 2 2 2 2 2 10 2 2
left_child=-1 3 27 4 25 -5 7 9 18 10 28 13 -4 14 -8 -11 -17 -18 19 -9 21 -10 23 24 -23 -2 -14 -3 29 -6
right_child=1 2 12 5 6 -7 11 8 20 15 -12 -13 26 -15 -16 16 17 -19 -20 -21 -22 22 -24 -25 -26 -27 -28 -29 -30 -31
leaf_value=0.014206870016906103 -0.015335209216427472 0.020488999938754821 0.0086082915533656334 -0.027443410540206024 -0.00033595767262568162 -0.00080469801946772806 0.0068128258141533261 0.012335778469304063 0.014481093426031615 -0.021962951638371322 0.016049685534750825 0.022613937216508121 -0.024364286717553158 0.017735604365123038 -0.013829924980997757 0.015469274544592229 -0.014138153846787696 0.011375197743366462 0.017651829037503206 -0.011963949474119245 -0.013331661969190885 -0.011508678385057513 0.010567335301629812 -0.028384209525094441 0.014055687017774736 0.0033129926763665403 0.0020960204850994776 0.0018986382687684463 0.0076604776404367528 -0.012140953986988598
leaf_weight=101.72213694453239 12.21574944257736 63.338671296834946 28.142343789339066 24.343684442341328 279.92883616685867 16.142127111554146 25.830503657460213 18.13247391581535 15.265648350119589 22.021546453237534 27.474041596055031 15.608539476990698 12.122299462556841 12.897096887230871 28.469057023525238 11.946942076086996 44.65437863022089 9.4526863247156125 14.478762000799177 30.202970698475841 156.42073355615139 60.106487035751343 12.172903418540953 17.179408177733421 15.568675771355627 349.37817223370075 11.574904114007948 14.933797374367712 47.296539783477783 52.121940910816193
leaf_count=518 51 462 180 138 1220 85 110 75 66 118 133 67 62 60 127 56 254 52 61 130 800 301 70 97 86 1495 63 106 233 256
internal_value=5.98051e-05 -0.000942163 0.00996091 -0.00202417 -0.00153397 -0.0170977 -0.0031815 -0.0039724 -0.00734429 -0.00147118 0.000214905 0.00474069 -0.000804178 0.000318346 -0.00406447 -0.00933936 -0.00486604 -0.00955535 0.00213012 -0.00278292 -0.00975937 -0.00504259 -0.00799016 -0.0105097 -0.00613459 0.00264244 -0.0118782 0.0170108 -0.000971104 -0.00221988
internal_weight=1551.14 1449.42 130.112 1319.31 1278.82 40.4858 917.23 834.425 339.528 494.897 406.821 82.8052 51.8395 67.1967 54.2996 88.0756 66.054 54.1071 62.8142 48.3354 276.714 120.293 105.027 92.8546 75.6752 361.594 23.6972 78.2725 379.347 332.051
internal_count=7532 7014 873 6141 5918 223 4372 4008 1686 2322 1842 364 305 297 237 480 362 306 266 205 1420 620 554 484 387 1546 125 568 1709 1476
cat_boundaries=0 1
cat_threshold=56
is_linear=0
shrinkage=0.03


Tree=66
num_leaves=31
num_cat=2
split_feature=20 26 15 26 3 8 23 9 20 14 6 20 23 14 20 22 8 4 22 23 4 22 24 5 25 23 10 11 8 23
split_gain=26.8952 23.1003 10.4607 9.26444 12.3785 9.53598 8.82907 7.20846 6.83965 6.62316 6.35857 5.91582 8.03808 5.79741 8.57155 5.78058 7.4564 5.50341 5.45139 5.12647 4.90446 4.86666 6.67393 6.34239 5.81998 4.8117 4.35214 8.78539 6.10462 4.32683
threshold=70.250000000000014 0 16.500000000000004 1 144.50000000000003 167.50000000000003 -138.49999999999997 2.5000000000000004 79.750000000000014 9.5000000000000018 1.5000000000000002 72.750000000000014 -33.499999999999993 18.500000000000004 63.750000000000007 1.7500000000000002 60.500000000000007 110.50000000000001 110.75000000000001 -108.49999999999999 1.0000000180025095e-35 1.0000000180025095e-35 1.0000000180025095e-35 -0.32253049694615393 82.500000000000014 -17.499999999999996 43.500000000000007 11.500000000000002 48.500000000000007 -23.499999999999996
decision_type=10 1 2 1 2 2 10 2 10 2 8 10 8 2 10 10 2 2 10 10 2 10 2 2 2 10 2 2 2 10
left_child=1 2 10 4 18 9 -3 20 11 -6 -1 12 -9 19 17 16 -8 -15 25 -4 -5 23 -23 -13 -25 26 27 -2 -28 -7
right_child=3 6 13 7 5 29 15 8 -10 -11 -12 21 -14 14 -16 -17 -18 -19 -20 -21 -22 22 -24 24 -26 -27 28 -29 -30 -31
leaf_value=0.003980487129945252 0.0077552764020560093 -0.014313602660825934 -0.016054843217251636 -0.0073902477114433677 -0.010402802232217874 -0.017584619377030722 0.0046897817911159085 -0.024028142556109796 -0.011661495329890843 0.017249332706401693 0.017818689183284858 -0.0054284894086241344 0.0063473887533298801 0.0059697765721554996 -0.0041643063190540232 -0.0076929107733995621 -0.0049534885775816915 0.034565673138822688 -0.0083057394429338974 0.0027468455526294682 0.01628590019450402 -0.0085391014251548682 0.016096608998382504 0.0035307634094500825 0.028449264452770667 -0.012210086788161075 0.02654660510832996 -0.016380984202970125 0.0071359405923810543 0.003986419509247701
leaf_weight=37.918438896536827 40.556336298584938 34.708730131387711 16.609073922038078 12.32638554275036 12.897100687026979 60.86666115373373 308.41936109960079 24.017822444438934 204.44574999064207 16.944855883717537 153.06256677210331 27.019983574748039 10.90455813705921 10.91064512729645 17.374050691723824 56.918474525213242 93.223231911659241 14.163998052477835 28.502056479454041 49.620731562376022 18.755168125033379 78.819123327732086 10.362552285194395 21.208922445774078 13.383396223187445 12.094782307744024 15.874047383666037 19.155629828572273 120.95824244618416 9.2967801690101606
leaf_count=183 166 168 71 52 63 353 1442 113 1076 84 878 118 49 51 72 252 471 64 137 216 81 405 45 90 55 53 66 81 535 53
internal_value=0.000299621 0.00416017 0.0105427 -0.00373691 6.76038e-05 -0.00873108 5.49177e-05 -0.00661966 -0.00788561 0.00534882 0.0151062 -0.00368874 -0.0146307 0.0034198 0.0119392 0.00117245 0.00244479 0.022829 0.00380204 -0.0021369 0.00695868 -0.00107501 -0.00552978 0.00535846 0.0136999 0.00548781 0.00663318 -0.000129928 0.00956405 -0.0147106
internal_weight=1551.32 792.929 299.66 758.39 337.146 100.005 493.27 421.244 390.162 29.842 190.981 185.716 34.9224 108.678 42.4487 458.561 401.643 25.0746 237.141 66.2298 31.0816 150.794 89.1817 61.6123 34.5923 208.639 196.544 59.712 136.832 70.1634
internal_count=7543 3868 1535 3675 1591 553 2333 2084 1951 147 1061 875 162 474 187 2165 1913 115 1038 287 133 713 450 263 145 901 848 247 601 406
cat_boundaries=0 1 2
cat_threshold=20 16
is_linear=0
shrinkage=0.03


Tree=67
num_leaves=31
num_cat=1
split_feature=18 6 2 24 13 1 2 4 4 26 4 3 4 8 22 14 10 4 21 5 11 13 2 4 2 13 14 12 11 9
split_gain=31.7003 15.6959 9.89238 8.72065 11.3139 8.83602 8.18716 6.91269 5.87307 5.67726 11.424 7.51155 8.25639 7.10791 6.73992 5.22964 5.12522 6.51135 6.98128 6.88999 6.49911 5.61909 5.57733 5.51708 5.53513 6.19111 5.10156 4.896 5.10974 4.79867
threshold=1.0000000180025095e-35 2.5000000000000004 1.0000000180025095e-35 1.0000000180025095e-35 10.500000000000002 12.500000000000002 145.50000000000003 50.500000000000007 57.500000000000007 0 20.500000000000004 5.5000000000000009 37.500000000000007 1.0000000180025095e-35 2.7500000000000004 2.5000000000000004 62.500000000000007 74.500000000000014 -8.4999999999999982 -1.1304333197133765 91.500000000000014 27.500000000000004 101.50000000000001 399.50000000000006 481.50000000000006 157.50000000000003 10.500000000000002 17.500000000000004 3.5000000000000004 55.500000000000007
decision_type=2 8 2 2 2 2 2 2 2 1 2 2 2 2 10 2 2 2 8 2 2 2 2 2 2 2 2 2 2 2
left_child=1 2 26 4 -4 27 -5 9 -9 10 15 -11 13 -13 -15 -3 -7 21 -19 20 22 -18 -20 24 25 -21 29 28 -6 -1
right_child=-2 7 3 6 5 16 -8 8 -10 11 -12 12 -14 14 -16 -17 17 18 19 23 -22 -23 -24 -25 -26 -27 -28 -29 -30 -31
leaf_value=0.0033160464116650033 0.014235657830270088 0.022677601409547582 -0.018204845770330498 -0.0021511533451613447 -0.0039235774393181549 -0.013423453517935502 0.018762892946450872 0.019442287193473757 0.0045479386095006883 0.0010409895563000811 -0.0070694542811841109 -0.027139882440605733 0.0091586804082873282 -0.0023871154656791493 -0.025647156933005753 0.005115451602978007 -0.012612499171530962 0.008721846075284246 0.0061476272031187719 -0.0086846990009902935 0.021629264981000748 0.0051974156840234546 -0.018135590592580967 -0.027289618740610359 0.0090565561206713066 -0.025660165094434209 -0.011280271508057304 0.021559954772381044 0.017001008279008748 0.021241651193919374
leaf_weight=34.363697931170464 133.21832774579525 31.200086534023285 64.875483065843582 55.915325701236725 42.424309909343719 78.578931674361229 23.005455181002617 25.768886670470238 230.52801562845707 230.68906086683273 34.765803635120392 21.258251428604126 18.725714653730392 53.114029034972191 13.299015715718268 30.433190733194351 18.95117025077343 21.527333542704582 18.582948341965675 156.23891047388315 10.396083697676657 78.581372663378716 14.166652306914328 16.553221367299557 12.744668729603289 21.579587295651436 10.828490391373633 12.133915320038794 12.859668955206869 21.568128898739815
leaf_count=151 907 148 327 247 195 375 107 117 1024 990 158 95 85 241 64 139 101 110 88 823 54 386 70 104 75 122 51 54 57 95
internal_value=0.000301348 -0.00101904 -0.00409573 -0.00521168 -0.00648369 -0.00497567 0.00410379 0.00221988 0.00611521 -9.20019e-05 0.00594205 -0.00194821 -0.00856011 -0.0124053 -0.00735623 0.0142259 -0.00649909 -0.00499356 -0.00737275 -0.0087864 0.00207996 0.00164396 -0.0045828 -0.0110492 -0.00950334 -0.0108768 0.0068362 0.00509247 0.00115929 0.0104801
internal_weight=1548.88 1415.66 725.875 659.115 580.194 515.319 78.9208 689.782 256.297 433.485 96.3991 337.086 106.397 87.6713 66.413 61.6333 447.901 369.322 271.789 250.262 43.1457 97.5325 32.7496 207.116 190.563 177.818 66.7603 67.4179 55.284 55.9318
internal_count=7560 6653 3592 3295 2941 2614 354 3061 1141 1920 445 1475 485 400 305 287 2308 1933 1446 1336 212 487 158 1124 1020 945 297 306 252 246
cat_boundaries=0 1
cat_threshold=12
is_linear=0
shrinkage=0.03


Tree=68
num_leaves=31
num_cat=2
split_feature=20 26 6 20 10 1 4 1 4 9 9 3 10 10 5 5 20 10 26 15 13 15 3 8 5 5 8 4 0 14
split_gain=25.7903 18.9622 14.2344 10.9516 10.8949 8.03364 7.84332 7.22735 6.83135 6.63324 6.48097 6.38819 7.43082 5.95127 6.31116 5.59729 5.33249 5.54097 5.28847 9.71361 8.0949 7.49041 6.56215 8.36538 6.86683 5.42322 5.30421 5.12754 5.08308 4.80744
threshold=70.750000000000014 0 26.500000000000004 45.250000000000007 12.500000000000002 11.500000000000002 32.500000000000007 14.500000000000002 24.500000000000004 29.500000000000004 103.50000000000001 9.5000000000000018 30.500000000000004 230.50000000000003 2.827296115232715 -1.7535818871727415 94.166666666666671 324.50000000000006 1 12.500000000000002 44.500000000000007 18.500000000000004 142.50000000000003 171.50000000000003 -0.85167097593071761 0.50731975205531465 102.50000000000001 1.0000000180025095e-35 642.50000000000011 4.5000000000000009
decision_type=10 1 8 8 2 2 2 2 2 2 2 2 2 2 2 2 10 2 1 2 2 2 2 2 2 2 2 2 2 2
left_child=1 3 7 -1 -5 6 8 10 9 27 -3 12 -6 14 -13 -8 17 18 19 20 -7 26 24 -24 28 -20 -21 -2 -23 -22
right_child=5 2 -4 4 11 16 15 -9 -10 -11 -12 13 -14 -15 -16 -17 -18 -19 25 21 29 22 23 -25 -26 -27 -28 -29 -30 -31
leaf_value=0.027796839042191508 -0.0077278228743043438 -0.0015666421990290507 0.013129431199195778 0.022785669234130609 0.0028893254613179143 -0.0051998973714254253 0.00026251397304656636 -0.0094475394790964444 -0.022611502369118935 -0.012386364238059685 0.014163181099550367 -0.00063529259495163784 0.026695543554895337 0.022220882083672261 0.018114550574199754 0.014492612351187421 -0.018452743239715352 -0.022631078344524703 -0.011363750403875045 -0.0043611004581708803 0.002161606551922028 -0.019789115620614958 0.0076261428272965106 -0.015974238542083893 0.011955700642742774 -0.0012363195692111223 -0.030397357185809659 0.0090081759662013882 0.0033396396822392279 0.024149558802020809
leaf_weight=24.899769239127636 24.435258284211159 311.39960287511349 58.397638469934464 34.774559207260609 23.889430955052376 24.801276847720146 60.08937181532383 102.54443670809269 16.186519548296928 36.634757861495018 24.498888626694679 166.17622025310993 22.857700958848 11.971392288804052 16.890253037214279 41.498884424567223 32.126070395112038 16.399913795292377 177.1205560863018 12.765820831060411 14.022146716713904 13.598358377814291 18.032100155949593 47.595885209739208 39.015060260891914 65.298906549811363 15.842380598187445 46.062240704894066 20.073469579219818 24.815260395407677
leaf_count=160 103 1419 313 246 142 105 251 525 71 170 111 736 120 50 88 182 189 104 959 55 60 60 89 269 184 321 74 197 96 106
internal_value=-0.000714705 0.00303182 -0.000643225 0.00880112 0.00731396 -0.00472036 2.02366e-05 -0.00251799 -0.00504658 -0.00220815 -0.000380747 0.00500406 0.014845 0.00258166 0.00118364 0.00616013 -0.00676093 -0.00595734 -0.00533268 -0.00174492 0.00807156 -0.0056171 -0.00266478 -0.00947261 0.00352705 -0.00831066 -0.0193189 0.00318033 -0.00630226 0.0164644
internal_weight=1544.71 798.3 496.841 301.459 276.56 746.414 224.907 438.443 123.319 107.132 335.898 241.785 46.7471 195.038 183.066 101.588 521.507 489.381 472.981 230.562 63.6387 166.923 138.315 65.628 72.6869 242.419 28.6082 70.4975 33.6718 38.8374
internal_count=7555 3910 2368 1542 1382 3645 974 2055 541 470 1530 1136 262 874 824 433 2671 2482 2378 1098 271 827 698 358 340 1280 129 300 156 166
cat_boundaries=0 1 2
cat_threshold=20 16
is_linear=0
shrinkage=0.03


Tree=69
num_leaves=31
num_cat=1
split_feature=22 26 1 1 23 11 22 9 13 3 25 15 5 22 3 5 2 12 1 3 21 0 3 11 6 1 14 13 13 1
split_gain=18.8756 16.0244 14.8791 14.2451 7.21976 7.52048 6.93888 6.75236 7.90495 6.84309 6.78627 6.78078 8.07532 9.78206 7.82227 6.57955 7.97864 6.36318 6.0826 5.97227 5.67605 5.95707 9.59751 8.5539 7.70978 6.09841 6.33642 5.71088 5.44089 5.42159
threshold=1.2500000000000002 0 14.500000000000002 8.5000000000000018 -154.49999999999997 119.50000000000001 -0.74999999999999989 129.50000000000003 19.500000000000004 5.5000000000000009 132.50000000000003 23.500000000000004 0.32084487047911342 103.25000000000001 54.500000000000007 -0.19482220789666324 51.500000000000007 32.500000000000007 17.500000000000004 109.50000000000001 -14.499999999999998 635.50000000000011 118.50000000000001 6.5000000000000009 2.5000000000000004 10.500000000000002 6.5000000000000009 45.500000000000007 95.500000000000014 16.500000000000004
decision_type=10 1 2 2 10 2 8 2 2 2 2 2 2 10 2 2 2 2 2 2 10 2 2 2 10 2 2 2 2 2
left_child=1 3 4 -1 -3 -6 -5 8 9 -2 -9 12 13 15 -13 16 -10 18 -4 -16 21 24 -23 -24 27 -26 -27 -8 -29 -14
right_child=7 2 17 6 5 -7 20 10 11 -11 -12 14 29 -15 19 -17 -18 -19 -20 -21 -22 22 23 -25 25 26 -28 28 -30 -31
leaf_value=0.014929338140124069 -0.0014979441291541943 -0.018696093835053201 -0.022164327971869256 0.012351789697245055 0.0012480600373361149 0.024538924296341854 0.0040092909931722575 -0.011625372674188506 -0.0089163903349439473 -0.018621995955833252 0.0098611379196121458 -0.022117663783770634 0.0078775801986116761 0.017933372336308619 0.013390330605832135 -0.021621205288355937 0.014300390398050367 0.0088098172327396012 -0.0075419346732994164 -0.0094786435614703079 -0.0086501665728020635 0.028381345879201218 0.025080885561805877 -0.0041658697823297331 -0.0070845788337917347 0.019991451706654544 0.0029805228799328954 -0.011784206145795903 0.008634782620874094 0.034813858367947481
leaf_weight=121.22455610334873 43.819297105073929 14.822033345699309 38.42757773399353 62.434874966740608 425.79877571761608 11.860240459442137 51.430172741413116 158.13279024511576 32.146693855524063 39.677497908473015 13.678810313344 19.110198020935059 17.12779471278191 22.150002479553223 17.706821233034134 14.773600578308104 21.274988383054733 13.40602460503578 78.247218817472458 21.815120086073875 42.07173179090023 18.923129618167877 11.080234140157698 34.495560318231583 20.920037731528282 35.896679550409317 43.199016779661179 72.211232930421829 13.235957473516462 10.994602307677267
leaf_count=699 192 70 192 287 1976 51 234 899 148 196 65 94 80 98 88 71 102 65 425 111 203 84 51 167 104 170 196 325 61 52
internal_value=4.24862e-05 0.00211445 -0.00133467 0.0058364 0.00121821 0.00193373 0.00323415 -0.00526739 -0.00220837 -0.00975934 -0.00986756 0.00138647 0.00550347 0.00106306 -0.00688482 -0.00459644 0.000422482 -0.0102582 -0.0125053 0.000844829 0.0015457 0.00299285 0.0110011 0.00333034 0.000775374 0.0070688 0.0108539 -0.00384112 -0.00855796 0.0192423
internal_weight=1542.09 1109.69 582.562 527.123 452.481 437.659 405.899 432.408 260.597 83.4968 171.812 177.1 118.468 90.3453 58.6321 68.1953 53.4217 130.081 116.675 39.5219 343.464 301.392 64.4989 45.5758 236.893 100.016 79.0957 136.877 85.4472 28.1224
internal_count=7556 5360 2779 2581 2097 2027 1882 2196 1232 388 964 844 551 419 293 321 250 682 617 199 1595 1392 302 218 1090 470 366 620 386 132
cat_boundaries=0 1
cat_threshold=20
is_linear=0
shrinkage=0.03


Tree=70
num_leaves=31
num_cat=1
split_feature=18 22 24 9 9 5 10 4 5 5 11 9 9 1 3 4 26 15 3 3 8 11 4 11 10 11 11 12 1 22
split_gain=17.8539 12.7007 9.12462 9.23788 8.61477 8.54146 7.50174 6.33623 6.23096 5.3534 5.06081 5.05283 4.897 7.55047 4.7107 11.7476 7.89567 10.2585 7.23284 7.26826 6.05855 9.56329 6.92322 5.00256 6.30302 6.28716 5.45599 4.48233 4.31022 8.98059
threshold=1.0000000180025095e-35 -0.74999999999999989 1.0000000180025095e-35 262.50000000000006 5.5000000000000009 -4.8039874504845779 15.500000000000002 12.500000000000002 -0.51082562376599105 -0.18767011907904593 217.50000000000003 63.500000000000007 223.50000000000003 20.500000000000004 141.50000000000003 63.500000000000007 0 2.5000000000000004 116.50000000000001 102.50000000000001 58.500000000000007 3.5000000000000004 212.50000000000003 48.500000000000007 111.50000000000001 78.500000000000014 2.5000000000000004 5.5000000000000009 5.5000000000000009 0.75000000000000011
decision_type=2 8 2 2 2 2 2 2 2 2 2 2 2 2 2 2 1 2 2 2 2 2 2 2 2 2 2 2 2 10
left_child=1 27 3 5 -4 -3 28 -2 -9 -6 12 -11 14 -14 16 -16 17 -8 19 23 21 -18 -22 26 25 -25 -19 -1 -7 -30
right_child=7 2 4 -5 9 6 10 8 -10 11 -12 -13 13 -15 15 -17 20 18 -20 -21 22 -23 -24 24 -26 -27 -28 -29 29 -31
leaf_value=0.00017988030881879637 0.015702085039847321 0.019946283675594274 0.0272333140722405 -0.01065661801266168 0.0080111750634992429 0.0016484278259452844 -0.020000049277982219 0.012325965060083714 -0.0097972853158230441 -0.01568648326470953 0.013222335316821349 0.0033119746396085069 0.028973406748183054 -0.0015256835563407989 0.014333648750941081 -0.015954879237958637 -0.0041398101170285993 0.0012989143305636359 0.022796305823604316 -0.019668641445552495 -0.013593553001030026 0.01811343389216051 0.008551254328560293 -0.022634338169957562 0.014778802011673977 0.0009859991564904573 0.015095394599333694 0.01279093198934369 0.025968121645820987 -0.0062276988415204916
leaf_weight=36.674404978752136 87.192878171801567 15.668879851698874 14.068273082375525 104.9960643351078 80.630025327205658 153.63802340626717 16.091073796153069 22.812400087714195 21.105548903346062 20.016074478626251 16.220146864652634 30.77858130633831 9.5900792777538282 23.256977558135986 13.178902715444563 64.245512820780277 391.61638288199902 53.85261695086956 16.26528736948967 11.491594582796095 102.40058811753988 17.207629442214966 13.799825266003607 16.640268534421921 12.173688739538191 23.673429250717163 48.887319654226303 81.470024108886719 19.252916470170025 12.149940758943556
leaf_count=164 652 67 62 611 351 660 66 145 110 86 85 142 46 126 61 333 1868 226 73 53 518 75 73 74 56 104 210 358 83 53
internal_value=0.000515753 -0.000465382 -0.00132249 -0.00221448 0.00573333 -0.00136202 -0.00170334 0.0110646 0.00171282 0.00324361 -0.00289421 -0.00433285 -0.00322297 0.00797181 -0.0036911 -0.0106822 -0.00292987 0.00214271 0.00430446 0.00237521 -0.0048031 -0.00316125 -0.0109131 0.00412259 -0.00337007 -0.00907563 0.007946 0.00891057 0.00375695 0.0137036
internal_weight=1551.05 1419.93 1301.79 1156.3 145.493 1051.3 1035.63 131.111 43.9179 131.425 850.591 50.7947 834.371 32.8471 801.524 77.4244 724.1 199.075 182.984 166.719 525.024 408.824 116.2 155.227 52.4874 40.3137 102.74 118.144 185.041 31.4029
internal_count=7591 6684 6162 5521 641 4910 4843 907 255 579 4047 228 3962 172 3790 394 3396 862 796 723 2534 1943 591 670 234 178 436 522 796 136
cat_boundaries=0 1
cat_threshold=16
is_linear=0
shrinkage=0.03


Tree=71
num_leaves=31
num_cat=2
split_feature=20 20 26 4 23 23 26 21 20 22 2 20 3 14 13 3 13 10 13 20 8 11 3 4 4 1 3 13 25 10
split_gain=24.8299 15.6031 11.0526 20.1848 16.5918 14.4912 9.47757 9.65179 8.21991 7.65379 8.23935 6.99801 6.78333 6.5425 10.4135 5.67203 5.87544 5.45675 7.95544 5.39341 4.8752 4.84953 4.73505 4.66295 6.18562 8.60906 6.17794 4.7111 4.5795 6.62945
threshold=53.250000000000007 79.166666666666671 0 2.5000000000000004 -22.499999999999996 -22.499999999999996 1 -11.499999999999998 39.750000000000007 21.500000000000004 1.5000000000000002 59.250000000000007 1.5000000000000002 1.0000000180025095e-35 12.500000000000002 235.50000000000003 116.50000000000001 90.500000000000014 6.5000000000000009 76.583333333333357 171.50000000000003 107.50000000000001 116.50000000000001 16.500000000000004 109.50000000000001 10.500000000000002 10.500000000000002 5.5000000000000009 77.500000000000014 97.500000000000014
decision_type=8 10 1 2 10 10 1 10 10 10 2 8 2 2 2 2 2 2 2 8 2 2 2 2 2 2 2 2 2 2
left_child=8 2 4 5 -2 19 7 15 -1 10 11 -5 -12 -14 -15 16 20 18 -10 -4 22 -11 -3 27 25 26 -25 -13 29 -16
right_child=1 6 3 9 -6 -7 -8 -9 17 21 12 23 13 14 28 -17 -18 -19 -20 -21 -22 -23 -24 24 -26 -27 -28 -29 -30 -31
leaf_value=0.032614110001184728 -0.0088375250163655258 0.0020399046986515641 0.0077240789057149368 0.025418568629970755 0.024944822634795361 -0.01309495070189968 -0.01001570262405777 -0.011470839515142824 -0.0085692586104478552 0.025517779056603841 0.0067550731069822541 0.00092698219163212859 0.013746526774052739 -0.013920717665638906 -0.0084022668008089385 -0.013823871465639619 0.02027977285394501 -0.0071806204621358873 0.020718197555109365 0.020882602944048295 -0.0082639714276033505 0.0023394970487454554 0.018113172249966721 -0.0066957440532087794 0.012125411493259942 -0.024957504907409628 0.015507909699215573 0.028785293475797787 0.0023006156578245984 0.0021990569993076323
leaf_weight=19.298042513430119 156.77099105715752 95.604540437459946 45.500546619296074 14.5930008739233 13.305851846933363 16.501122489571571 216.20768979936838 61.51112150400877 9.9564940482377988 16.148130297660828 68.952126272022724 10.086583837866785 18.550811752676964 77.561802767217159 144.08788484334946 16.959009878337383 16.689697079360485 12.274814397096632 38.855080381035805 79.990667372941971 31.831600405275822 15.860343188047407 19.022697106003761 29.446638718247414 28.100842088460922 13.403972089290617 16.926122054457664 11.09894075989723 143.3303070962429 83.176228016614914
leaf_count=125 706 404 195 63 58 100 1140 349 48 70 329 53 84 379 660 101 87 59 203 555 160 71 88 133 122 59 74 55 643 402
internal_value=-0.000172606 -0.00107014 0.00102452 0.0024475 -0.00572933 0.012737 -0.00565312 -0.00125943 0.0159554 0.000354132 -0.000351124 0.0065974 -0.00196449 -0.00326442 -0.0039976 0.00220255 0.00394254 0.0102521 0.0146921 0.0162104 0.00195593 0.0144517 0.00484089 0.00387101 0.000759542 -0.00469511 0.0015649 0.0161614 -0.00188891 -0.00452966
internal_weight=1541.6 1461.22 1003.39 833.316 170.077 141.992 457.826 241.619 80.3844 691.324 659.315 123.656 535.659 466.707 448.156 180.108 163.149 61.0864 48.8116 125.491 146.459 32.0085 114.627 109.063 87.8776 59.7767 46.3728 21.1855 370.594 227.264
internal_count=7575 7140 4811 4047 764 850 2329 1189 435 3197 3056 559 2497 2168 2084 840 739 310 251 750 652 141 492 496 388 266 207 108 1705 1062
cat_boundaries=0 1 2
cat_threshold=33 16
is_linear=0
shrinkage=0.03


Tree=72
num_leaves=31
num_cat=3
split_feature=20 26 8 22 22 4 20 26 20 4 3 13 3 6 4 13 8 13 22 26 13 4 22 13 9 8 4 4 20 15
split_gain=22.5678 21.3732 14.9365 9.44151 8.2227 7.19381 8.24415 6.17895 8.15068 7.60562 6.33126 7.06373 6.39992 6.45569 6.23518 7.17406 6.17521 13.0353 5.95809 8.73088 6.79687 5.75799 5.67326 5.81993 5.70631 6.84022 6.11449 7.90378 6.1046 5.65027
threshold=63.750000000000007 0 60.500000000000007 145.16666666666671 -2.4999999999999996 12.500000000000002 45.250000000000007 1 86.416666666666671 12.500000000000002 82.500000000000014 94.500000000000014 98.500000000000014 1.5000000000000002 159.50000000000003 34.500000000000007 160.50000000000003 69.500000000000014 1.7500000000000002 2 28.500000000000004 276.50000000000006 1.0000000180025095e-35 32.500000000000007 153.50000000000003 1.5000000000000002 16.500000000000004 40.500000000000007 79.750000000000014 12.500000000000002
decision_type=10 1 2 10 10 2 8 1 10 2 2 2 2 10 2 2 2 2 10 1 2 2 10 2 2 2 2 2 10 2
left_child=1 5 18 4 -2 -1 -7 10 22 -10 11 14 -12 16 15 -6 17 -14 19 -3 -21 -4 -9 24 26 -26 28 -28 -24 -16
right_child=3 2 21 -5 7 6 -8 8 9 -11 12 -13 13 -15 29 -17 -18 -19 -20 20 -22 -23 23 -25 25 -27 27 -29 -30 -31
leaf_value=0.020336650229367152 0.010852261159221475 -0.0010171610586827869 -0.012311154916333016 -0.025684223491606255 -0.0041900710146798078 0.026841253634478125 0.0046671124200706841 0.00074403787725458139 0.0061377042234124803 -0.016990054124460762 -0.02016175835918153 0.019477411406187882 -0.015079635853263447 0.005967423546088064 0.0040925421359954053 0.010330894224452453 -0.011809440416246557 0.024954154981782078 -0.0085328351090756781 0.01221293046148619 -0.0095265940062369148 0.010990613348696268 0.0074576319628173625 -0.011839194370085749 0.021587564723435204 -0.0068820246791276114 -0.018027210832881741 0.00050039096573417717 -0.014862604156137705 -0.019205987285403289
leaf_weight=73.403303541243076 37.538672894239426 129.30414341390133 87.723561525344849 15.42312106490135 49.647188484668732 17.043018400669098 96.513523921370506 164.77504327893257 14.684892848134039 79.499925211071968 19.293377459049225 21.397165641188622 13.784305557608606 54.494731768965721 15.946863383054732 77.095986068248749 66.43020348995924 13.556554883718489 32.037621647119522 135.3429553732276 13.567624807357786 9.9174642115831357 44.865171521902084 104.30603183805943 16.072377860546116 13.003426507115362 49.554241523146629 35.027457654476166 13.534664630889891 20.729626923799515
leaf_count=513 159 569 446 89 204 111 455 712 68 455 88 95 66 258 66 327 383 65 139 722 63 55 199 541 88 75 239 170 64 93
internal_value=-0.000236066 0.00433323 0.00030903 -0.00312712 -0.00272378 0.012389 0.00820035 -0.00330945 -0.00528981 -0.0133575 -0.000140781 0.00367481 -0.00435454 -0.0021763 0.00149984 0.00465454 -0.00692203 0.00495061 0.00353973 0.00495552 0.00954513 -0.00985695 -0.00366066 -0.00628007 -0.00286103 0.00904977 -0.00532917 -0.0104383 0.0021216 -0.00923608
internal_weight=1535.51 594.853 407.893 940.661 925.238 186.96 113.557 887.699 535.323 94.1848 352.376 184.817 167.559 148.266 163.42 126.743 93.7711 27.3409 310.252 278.215 148.911 97.641 441.138 276.363 172.057 29.0758 142.982 84.5817 58.3998 36.6765
internal_count=7577 3073 1994 4504 4415 1079 566 4256 2611 523 1645 785 860 772 690 531 514 131 1493 1354 785 501 2088 1376 835 163 672 409 263 159
cat_boundaries=0 1 2 3
cat_threshold=20 16 32
is_linear=0
shrinkage=0.03


Tree=73
num_leaves=31
num_cat=2
split_feature=20 26 8 20 8 23 22 1 26 21 13 10 22 1 10 10 8 8 1 13 23 13 22 14 10 13 10 11 12 9
split_gain=24.6571 13.7237 11.5822 11.3424 10.0259 8.44226 7.35318 7.28371 9.41709 7.68059 6.81605 6.17432 6.19399 8.88767 6.02769 5.82446 5.67317 5.93974 7.68343 6.70252 6.16781 5.23974 5.38197 5.45838 6.13844 5.17945 6.26438 6.11529 9.66037 5.16584
threshold=77.833333333333357 0 70.500000000000014 50.750000000000007 298.50000000000006 -137.49999999999997 1.7500000000000002 8.5000000000000018 1 1.5000000000000002 13.500000000000002 232.50000000000003 8.2500000000000018 16.500000000000004 54.500000000000007 49.500000000000007 248.50000000000003 167.50000000000003 17.500000000000004 81.500000000000014 -30.499999999999996 44.500000000000007 0.75000000000000011 10.500000000000002 23.500000000000004 41.500000000000007 96.500000000000014 9.5000000000000018 25.500000000000004 59.500000000000007
decision_type=10 1 2 10 2 10 10 2 1 10 2 2 10 2 2 2 2 2 2 2 8 2 10 2 2 2 2 2 2 2
left_child=1 3 5 -1 7 -3 -7 -2 9 16 14 12 13 21 -10 -12 17 19 -19 20 -9 22 23 24 -5 -15 -27 28 -28 -17
right_child=4 2 -4 11 -6 6 -8 8 10 -11 15 -13 -14 25 -16 29 -18 18 -20 -21 -22 -23 -24 -25 -26 26 27 -29 -30 -31
leaf_value=0.01520031793218843 0.0039935903049968585 -0.01246224542744012 -0.0091948678436733038 -0.00071968622160834635 -0.019538392169343465 0.0046000296607643073 -0.0050302617565531694 0.0043312096858037974 0.012220752157677353 -0.015462542640500586 -0.02537500064561668 0.020133746226381567 0.015202076580613115 0.0084216597003654841 -0.016679318496863573 0.00045101255147193576 0.018405652096096542 0.012563482440394081 -0.016505955920723153 0.017074380658866257 -0.012398633353405526 0.014685337464355502 -0.0067050191084224442 -0.0089062544926825395 0.023531503135545556 -0.017022390021477613 0.018921149269076894 -0.013132458508722066 -0.01305194786701268 -0.013549094198448762
leaf_weight=110.38492812216282 81.944363087415695 34.259310320019722 105.85936670005322 15.571220949292181 40.311908930540085 373.73324580490589 87.267412438988686 67.839782044291496 18.888212308287624 27.492581985890865 28.465153947472572 18.820814877748489 30.976990669965744 20.765089854598045 8.6662353575229627 30.443140953779221 14.918648287653921 9.9190844893455488 33.477378889918327 23.609209790825844 26.8612120449543 44.927457734942436 35.621878251433372 11.78456489741802 22.45798148214817 38.362877637147903 20.859581619501114 22.755511879920959 13.032601237297056 105.41545651108027
leaf_count=750 353 166 548 71 248 1746 414 296 95 149 141 85 135 90 51 154 82 44 182 109 117 192 149 52 99 163 89 98 57 614
internal_value=-3.47569e-05 0.00270014 -0.000232295 0.00686552 -0.00534615 0.0016934 0.00277007 -0.00411081 -0.0057937 -0.000960262 -0.010319 0.00394711 0.00277933 0.00116072 0.0028655 -0.013158 0.00131737 -0.000362584 -0.00972826 0.00312551 -0.000494054 0.00650961 0.00209014 0.00838774 0.0138377 -0.00486629 -0.00782792 -0.00141398 0.00660479 -0.0104316
internal_weight=1525.69 1007.44 601.119 406.321 518.252 495.26 461.001 477.94 395.996 204.118 191.878 295.937 277.116 246.139 27.5544 164.324 176.625 161.707 43.3965 118.31 94.701 130.363 85.4356 49.8138 38.0292 115.776 95.0106 56.6477 33.8922 135.859
internal_count=7539 4904 2874 2030 2635 2326 2160 2387 2034 979 1055 1280 1195 1060 146 909 830 748 226 522 413 563 371 222 170 497 407 244 146 768
cat_boundaries=0 1 2
cat_threshold=20 16
is_linear=0
shrinkage=0.03


Tree=74
num_leaves=31
num_cat=1
split_feature=20 18 6 22 22 20 26 0 20 12 5 21 23 23 13 4 1 13 2 4 10 0 5 0 6 20 1 16 23 4
split_gain=20.1642 16.0756 8.50207 6.95904 6.22168 6.09724 5.05141 7.45485 7.19359 5.51314 5.06605 4.92727 4.64504 6.39478 4.48058 6.51301 5.81494 9.10321 4.53525 4.18681 5.18828 6.16592 8.62294 4.67385 4.43297 4.20369 5.59024 4.12619 5.1443 4.76838
threshold=61.250000000000007 1.0000000180025095e-35 1.5000000000000002 -0.74999999999999989 140.16666666666671 39.750000000000007 0 41.500000000000007 86.416666666666671 2.5000000000000004 0.37504055115614859 3.5000000000000004 -154.49999999999997 -46.499999999999993 94.500000000000014 392.50000000000006 12.500000000000002 44.500000000000007 136.50000000000003 49.500000000000007 72.500000000000014 487.50000000000006 -0.91629073187415477 411.50000000000006 2.5000000000000004 67.750000000000014 22.500000000000004 1.5000000000000002 -25.499999999999996 23.500000000000004
decision_type=8 2 8 8 10 10 1 2 10 2 2 8 8 10 2 2 2 2 2 2 2 2 2 2 10 10 2 2 10 2
left_child=5 3 -3 11 6 -1 7 -5 -8 -10 14 -2 -4 -14 16 18 17 -9 -16 -18 24 23 -23 -22 -21 -24 -27 28 -7 -29
right_child=1 2 12 4 -6 27 8 10 9 -11 -12 -13 13 -15 15 -17 19 -19 -20 20 21 22 25 -25 -26 26 -28 29 -30 -31
leaf_value=0.02537250747854829 -0.010723101919369656 -0.010766012066108555 -0.0107333901932477 0.023480783863851211 -0.020122369905954989 0.007379655617695588 -0.003411991520001407 -9.2971080746580173e-05 0.0079906950928531097 -0.015574535709678218 -0.0086683563962690231 0.0088683144250745957 0.02066281675547749 0.0050585917966951468 0.00047062158018296748 -0.010837209265848543 0.0097934537416803861 0.020766972262279415 0.017391309753622495 -0.01854856440067738 -0.0029737114783246737 -0.018920516730592137 0.014280584977579249 0.020548208824913677 -0.0024400329339896321 0.012195103347814153 -0.012044929214562532 0.032630301830259362 -0.0085568419918312984 0.0076007270290006576
leaf_weight=17.732759214937687 12.899434283375738 16.264135405421257 6.776158832013607 10.434716165065764 18.206431575119495 113.11345990002155 575.7141986489296 103.67745949327946 9.5279027521610242 73.689802192151546 65.958429835736752 70.557302802801132 53.171729899942875 43.422529369592667 22.710028946399689 14.304798945784567 15.788504943251608 22.00394095480442 37.557658404111862 40.567924067378044 13.769757941365244 29.137991204857826 14.70922891795635 15.384532555937765 24.940787881612778 11.803158164024351 25.118301205337048 10.387986294925215 20.826496690511703 19.360921517014503
leaf_count=119 54 89 50 57 111 507 2681 435 47 429 326 297 397 319 107 84 69 91 200 199 60 146 86 70 110 55 131 58 93 92
internal_value=-0.000278108 -0.00154374 0.00890894 -0.0025681 -0.0031788 0.00908336 -0.00288743 -0.000437631 -0.00454804 -0.0128136 -0.00104282 0.00574907 0.0120781 0.0137719 0.000260798 0.0068261 -0.00130074 0.00369423 0.011127 -0.00458588 -0.00592817 -0.00190758 -0.00616797 0.00970846 -0.0125445 0.00125174 -0.00417856 0.00717537 0.00485662 0.0171177
internal_weight=1529.52 1348.1 119.635 1228.46 1145.01 181.422 1126.8 467.867 658.932 83.2177 457.433 83.4567 103.37 96.5943 391.474 74.5725 316.902 125.681 60.2677 191.22 175.432 109.923 80.7687 29.1543 65.5087 51.6307 36.9215 163.689 133.94 29.7489
internal_count=7569 6700 855 5845 5494 869 5383 2226 3157 476 2169 351 766 716 1843 391 1452 526 307 926 857 548 418 130 309 272 186 750 600 150
cat_boundaries=0 1
cat_threshold=24
is_linear=0
shrinkage=0.03


Tree=75
num_leaves=31
num_cat=3
split_feature=20 20 1 26 26 4 13 22 26 1 15 11 4 21 13 13 24 12 3 13 8 20 3 8 13 13 22 20 3 13
split_gain=18.8062 14.6058 9.8796 9.16518 8.64372 7.77098 8.31034 7.275 7.17637 6.34474 8.70954 5.31298 5.967 4.98664 4.8593 5.11638 4.81716 4.68599 4.6069 7.35854 4.80714 5.48959 4.53511 4.64736 6.49864 5.64257 5.41934 4.52605 5.21565 5.15827
threshold=79.750000000000014 39.750000000000007 14.500000000000002 0 1 20.500000000000004 58.500000000000007 3.2500000000000004 2 6.5000000000000009 2.5000000000000004 113.50000000000001 167.50000000000003 -10.499999999999998 16.500000000000004 90.500000000000014 1.0000000180025095e-35 32.500000000000007 235.50000000000003 116.50000000000001 92.500000000000014 83.583333333333357 59.500000000000007 30.500000000000004 14.500000000000002 14.500000000000002 0.75000000000000011 63.750000000000007 146.50000000000003 36.500000000000007
decision_type=10 8 2 1 1 2 2 10 1 2 2 2 2 8 2 2 2 2 2 2 2 10 2 2 2 2 8 10 2 2
left_child=1 -1 4 27 5 9 11 8 18 -3 -11 12 22 -9 16 -16 -10 -5 19 20 21 -2 23 24 -7 -25 -26 28 -4 -29
right_child=7 2 3 17 -6 6 -8 13 14 10 -12 -13 -14 -15 15 -17 -18 -19 -20 -21 -22 -23 -24 25 26 -27 -28 29 -30 -31
leaf_value=0.028485817131747755 -0.0060268194921718034 0.02047228438640095 0.012780429590670552 -0.010067391071989033 0.00094778043726223256 0.012236292806339834 0.020655403179244993 0.0092182621375291127 -0.0039507451313212216 -0.010434042046818222 0.014350457199329791 0.016684456095038498 -0.018493734545186578 -0.012997939887079542 -0.013423858157384973 0.0015549853992539379 0.0176714721618241 0.0064151510374105417 -0.013951431945451719 0.026944668242451713 -0.0041492909659924127 0.012725148820785967 -0.010927107608795861 -0.0045644180547111191 0.0018953054712250511 0.01596838148633736 -0.026202705493255669 0.013683129489649518 -0.0063157875100751867 -0.0029017363337978663
leaf_weight=17.813493832945824 19.039341002702713 62.335645779967308 52.174760147929192 129.89385931193829 394.4322926029563 13.425079613924025 21.885804891586304 9.1880214735865575 44.82505102455616 17.899793215095997 38.933698184788227 16.495256915688515 14.35152694582939 112.33608832210302 95.870889887213707 25.794383659958839 10.626536145806311 16.92473691701889 13.34804531931877 10.464256659150122 61.890147402882576 47.762395679950714 20.725887015461922 16.815968453884125 11.345265462994577 38.382250756025314 12.24061496555805 18.136623695492744 16.302144736051559 142.24284580349922
leaf_count=122 78 430 244 690 1845 60 99 50 216 92 200 72 64 662 510 151 45 82 79 52 286 200 97 74 52 173 57 77 69 630
internal_value=0.000120814 0.00228193 0.0018129 -0.00208735 0.00396987 0.00782971 0.00386293 -0.00501169 -0.0026822 0.0139178 0.0064991 0.00118184 -0.000941558 -0.0112567 -0.00656135 -0.0102614 0.000432493 -0.00762122 0.00212539 0.00390769 0.00184118 0.00737054 0.00143167 0.00429699 -0.00386816 0.00974321 -0.0131597 0.00173652 0.00820877 -0.000953058
internal_weight=1523.9 1072.76 1054.94 375.675 679.269 284.837 165.668 451.145 329.621 119.169 56.8335 143.782 127.287 121.524 177.117 121.665 55.4516 146.819 152.504 139.156 128.692 66.8017 112.935 92.2092 37.011 55.1982 23.5859 228.856 68.4769 160.379
internal_count=7558 5229 5107 1792 3315 1470 748 2329 1617 722 292 649 577 712 922 661 261 772 695 616 564 278 513 416 169 247 109 1020 313 707
cat_boundaries=0 1 2 3
cat_threshold=20 28 16
is_linear=0
shrinkage=0.03


Tree=76
num_leaves=31
num_cat=1
split_feature=20 18 6 3 20 26 22 19 24 5 20 20 5 9 6 5 5 4 8 6 11 8 6 4 5 4 11 1 0 9
split_gain=18.2364 13.2688 10.5501 8.98159 8.3678 10.7695 10.6041 8.1249 6.93677 6.8037 6.56705 5.62761 5.51552 5.28152 9.56331 4.89663 4.8081 4.96659 5.10499 5.21937 4.88019 7.74967 5.9667 5.34946 4.61991 4.54943 11.6621 5.6862 5.10778 6.85208
threshold=48.250000000000007 1.0000000180025095e-35 1.5000000000000002 227.00000000000003 94.166666666666671 0 1.0000000180025095e-35 1.0000000180025095e-35 1.0000000180025095e-35 0.74796571677248902 62.750000000000007 74.166666666666671 -1.3586334281035672 10.500000000000002 4.5000000000000009 0.5399976512303214 -0.27464088569642991 110.50000000000001 146.50000000000003 3.5000000000000004 103.50000000000001 23.500000000000004 2.5000000000000004 190.50000000000003 0.14482459703202347 83.500000000000014 2.5000000000000004 8.5000000000000018 651.50000000000011 129.50000000000003
decision_type=8 2 8 2 10 1 10 2 2 2 10 8 2 2 10 2 2 2 2 10 2 2 10 2 2 2 2 2 2 2
left_child=-1 3 -3 4 5 7 16 15 10 11 12 -5 -8 14 -12 25 20 18 19 -18 21 -7 -22 -23 -14 26 27 -2 -27 -30
right_child=1 2 -4 9 -6 6 8 -9 -10 -11 13 -13 24 -15 -16 -17 17 -19 -20 -21 22 23 -24 -25 -26 28 -28 -29 29 -31
leaf_value=0.01849115031824234 0.0096494959952287806 -0.012960821489836342 0.012156433785996991 -0.0011916525700719422 -0.016207897750924544 0.00031583400578061077 0.018986202766773201 0.02028561276618502 0.0045848238976164734 0.0036376826774045024 -0.013202975547796538 -0.022193028115292602 -0.010010230476957746 -0.011019982761896249 0.015058965933021994 -0.0092538278790748659 0.0062135620924001385 0.020527880710982768 -0.017381324727478678 -0.0028619445102715706 -0.0040266129901547531 -0.014770847898054943 0.022150966632402076 0.004984621694684512 0.010095050637769934 -0.0024590168024478227 0.02058329242996431 -0.012118975936773765 0.024118076501976747 0.0026393960833875326
leaf_weight=44.534224107861519 19.816688165068626 16.688541114330292 105.45338831841946 15.808597370982168 30.889918178319931 134.18776550889015 12.032950669527052 24.461300909519196 47.599408358335495 19.654303729534149 21.130830079317093 42.148795440793037 29.111759901046753 247.54159151017666 20.003186047077179 27.401005893945694 165.4557012617588 13.096939906477926 10.450647816061972 86.028283193707466 15.821883589029314 68.464627802371979 14.041503474116324 14.480979740619658 14.680146068334578 122.84726846218109 42.101914197206497 21.468369945883751 16.100833103060722 62.68317286670208
leaf_count=277 82 91 790 71 165 582 50 106 209 103 95 282 123 1316 85 124 733 65 57 374 85 331 60 79 62 529 181 89 75 311
internal_value=-0.000209539 -0.000783721 0.00864722 -0.00163675 -0.00103229 -0.000644927 -0.00232711 0.00386747 -0.00607402 -0.0114805 -0.00755576 -0.016582 0.00183568 -0.00937197 0.000571829 0.00264476 0.000448975 0.00317198 0.0022294 0.00310995 -0.00258366 -0.00415428 0.00860076 -0.0113036 -0.00319553 0.00381702 0.00966685 -0.00168909 0.00136199 0.0072762
internal_weight=1526.19 1481.65 122.142 1359.51 1281.9 1251.01 914.128 336.881 392.1 77.6117 344.5 57.9574 55.8249 288.676 41.134 312.419 522.028 275.032 261.935 251.484 246.997 217.133 29.8634 82.9456 43.7919 285.018 83.387 41.2851 201.631 78.784
internal_count=7582 7305 881 6424 5968 5803 4306 1497 1940 456 1731 353 235 1496 180 1391 2366 1229 1164 1107 1137 992 145 410 185 1267 352 171 915 386
cat_boundaries=0 1
cat_threshold=16
is_linear=0
shrinkage=0.03


Tree=77
num_leaves=31
num_cat=1
split_feature=18 1 26 6 21 24 4 24 4 16 0 22 23 22 14 2 14 13 12 2 13 3 3 14 23 23 22 15 5 12
split_gain=17.08 8.74862 9.67345 9.57206 8.18627 9.29655 6.68546 6.72187 6.64653 6.66472 6.47119 5.75847 5.52101 5.50078 5.46562 6.59064 5.01694 5.20578 4.70951 9.96652 4.33827 6.12781 4.34472 4.57918 7.66843 6.02442 4.68163 5.55581 5.83649 5.13724
threshold=1.0000000180025095e-35 28.500000000000004 0 1.5000000000000002 -10.499999999999998 1.0000000180025095e-35 175.50000000000003 1.0000000180025095e-35 8.5000000000000018 1.5000000000000002 30.500000000000004 -0.74999999999999989 -53.499999999999993 130.66666666666671 33.500000000000007 231.50000000000003 18.500000000000004 112.50000000000001 14.500000000000002 29.500000000000004 37.500000000000007 86.500000000000014 69.500000000000014 2.5000000000000004 -137.49999999999997 -20.499999999999996 2.7500000000000004 1.0000000180025095e-35 -0.79380831706833266 11.500000000000002
decision_type=2 2 1 8 8 2 2 2 2 2 2 8 10 8 2 2 2 2 2 2 2 2 2 2 10 10 10 2 2 2
left_child=1 2 3 -1 -3 13 7 20 -2 18 -5 -12 -9 14 15 -6 17 -17 19 -10 22 -22 23 24 -4 26 27 -25 -29 -28
right_child=8 4 6 10 5 -7 -8 12 9 -11 11 -13 -14 -15 -16 16 -18 -19 -20 -21 21 -23 -24 25 -26 -27 29 28 -30 -31
leaf_value=-0.0031297123839058739 0.015276397023855217 0.016327361988562526 -0.028280132600834881 0.027036372395017792 -0.013447238934840006 0.0092111261855620918 0.0162347100897118 -0.0034105941557736699 0.0025571317008346709 0.019837843422196542 0.014293309870275299 0.0026408118972283227 0.015299578932894417 -0.03009031814620379 -0.022478697385883619 0.0058520758623888287 0.014501415015101446 -0.023643468903147006 0.012029125079584327 -0.033893008242466598 -0.019529778399550897 0.0067968367580460787 -0.018096582773650203 0.0083692191910183147 -0.005161022262664329 -0.014631389101947801 -0.013318937775964131 0.0057794308715351499 -0.017638035512966499 0.010378218361598321
leaf_weight=233.49161434918642 78.9757996276021 10.668305970728396 12.868084028363226 10.059826776385306 53.957486428320408 19.279947683215141 13.892788097262381 28.780886709690094 17.325315490365032 11.860700383782385 41.326399274170399 398.67721851170063 26.450040727853775 13.899808116257189 25.496333092451096 11.712117776274683 16.871909216046333 8.5111557766795141 9.6485878080129606 9.9304568618535978 36.293295219540596 9.5678036808967573 18.838692784309387 92.015342220664024 205.33373320102692 22.205094173550606 30.030069038271904 19.582573667168617 17.093663826584816 10.371539756655691
leaf_count=1139 635 56 60 55 303 92 70 125 116 74 194 1800 115 100 156 64 101 53 53 55 183 50 98 425 902 105 156 92 82 56
internal_value=-0.000500625 -0.00146967 -0.000605387 0.00176456 -0.00803591 -0.00986862 -0.00355194 -0.00416775 0.009953 0.00119795 0.00434412 0.00376518 0.00566243 -0.0127372 -0.0104292 -0.00684763 0.00285295 -0.00709054 -0.00515805 -0.0114527 -0.0053222 -0.0140095 -0.0043616 -0.00368719 -0.00664723 -0.000293863 0.00166387 0.00445892 -0.00531319 -0.00713188
internal_weight=1515.02 1387.28 1226.88 683.555 160.397 149.729 543.324 529.431 127.741 48.7651 450.063 440.004 55.2309 130.449 116.549 91.0527 37.0952 20.2233 36.9044 27.2558 474.2 45.8611 428.339 409.5 218.202 191.298 169.093 128.692 36.6762 40.4016
internal_count=7565 6632 5707 3188 925 869 2519 2449 933 298 2049 1994 240 777 677 521 218 117 224 171 2209 233 1976 1878 962 916 811 599 174 212
cat_boundaries=0 1
cat_threshold=28
is_linear=0
shrinkage=0.03


Tree=78
num_leaves=31
num_cat=1
split_feature=20 20 25 26 3 2 1 1 10 23 14 3 9 25 4 24 25 20 20 10 15 10 4 23 4 1 4 20 11 4
split_gain=13.9597 10.3632 10.9972 9.42782 9.08194 7.37051 6.85591 6.46352 6.2696 9.38012 7.49848 6.55159 6.12831 6.34638 7.64635 5.76381 5.74386 6.41592 6.81057 5.69845 5.28223 11.9401 5.14194 5.12621 6.71598 7.48961 5.8514 5.59959 5.12798 6.7599
threshold=47.750000000000007 77.833333333333357 132.50000000000003 0 4.5000000000000009 42.500000000000007 5.5000000000000009 28.500000000000004 126.50000000000001 -114.49999999999999 6.5000000000000009 145.50000000000003 70.500000000000014 65.000000000000014 61.500000000000007 1.0000000180025095e-35 82.500000000000014 62.750000000000007 67.750000000000014 96.500000000000014 12.500000000000002 32.500000000000007 147.50000000000003 -30.499999999999996 18.500000000000004 8.5000000000000018 132.50000000000003 94.166666666666671 1.5000000000000002 16.500000000000004
decision_type=8 10 2 1 2 2 2 2 2 10 2 2 2 2 2 2 2 10 10 2 2 2 2 10 2 2 2 10 2 2
left_child=-1 3 7 4 -2 16 -6 23 9 -7 -11 -10 13 20 -15 -9 -5 -18 -19 -4 21 -8 -14 27 -25 -26 -27 28 29 -3
right_child=1 2 19 5 6 8 12 15 11 10 -12 -13 22 14 -16 -17 17 18 -20 -21 -22 -23 -24 24 25 26 -28 -29 -30 -31
leaf_value=0.017110822760581002 0.01471870683512614 0.0075413896198165088 0.00035412393732786466 -0.0012037861605482003 0.023259399622941331 -0.031176485638099445 -0.019641464594834294 -0.015400539199421484 0.015438990381502206 0.0023222730925396922 -0.014751022866795071 -0.014285680297907704 0.010321608880152575 0.010702552473796754 -0.010234532357861526 0.0097527674238923404 0.013981727520745699 -0.018438451946796379 0.006431493587387681 0.022343885454285953 -0.017584484096852083 0.011658460294571928 -0.001144133684149874 -0.025549682005847372 0.011898683564198946 -0.016659519400407555 0.00065149944372965365 -0.017835710384240259 0.0048735842602249738 -0.0071561773528547789
leaf_weight=39.805719785392284 68.5021001547575 35.675062924623489 23.157554775476456 346.57816549390554 12.928248234093187 15.965112052857874 18.040950201451778 77.592868141829967 18.223936930298809 43.216453619301319 48.282831102609634 9.2930057942867261 91.715688563883305 46.725149065256119 22.468237742781639 8.4762845635414106 52.753531731665134 13.482102543115614 30.423623666167259 18.619843050837517 32.470076248049736 24.889241062104702 56.451665982604027 17.951563283801079 16.637052714824677 44.059603735804558 28.689581513404846 16.800214529037476 99.343728542327881 121.59880122542381
leaf_count=256 450 163 101 1618 84 82 89 521 98 214 249 54 403 223 97 44 281 56 135 87 142 113 251 81 71 221 141 88 471 618
internal_value=-0.000196314 -0.000679233 -0.00413243 0.00116723 0.00479778 -0.00124778 0.00269029 -0.00545682 -0.0073793 -0.0106321 -0.00674913 0.00525146 0.00170588 -0.00267953 0.00385499 -0.0128398 0.0006038 0.00703098 -0.00144584 0.010448 -0.0086481 -0.00164268 0.00597478 -0.00375864 -0.00928279 -0.00576936 -0.00991643 -0.00156405 -0.000433682 -0.00379569
internal_weight=1500.82 1461.01 508.602 952.41 374.191 578.219 305.689 466.825 134.981 107.464 91.4993 27.5169 292.761 144.594 69.1934 86.0692 443.237 96.6593 43.9057 41.7774 75.4003 42.9302 148.167 380.756 107.338 89.3862 72.7492 273.418 256.618 157.274
internal_count=7502 7246 2607 4639 1852 2787 1402 2419 697 545 463 152 1318 664 320 565 2090 472 191 188 344 202 654 1854 514 433 362 1340 1252 781
cat_boundaries=0 1
cat_threshold=20
is_linear=0
shrinkage=0.03


Tree=79
num_leaves=31
num_cat=0
split_feature=20 20 18 1 22 11 13 13 12 1 22 3 6 5 20 25 13 20 3 11 4 10 9 9 10 10 1 6 12 2
split_gain=22.8097 12.9977 8.99016 7.41976 6.60718 9.68417 7.17564 7.00319 8.80754 8.50424 8.59099 6.89106 6.57702 6.48077 6.38985 5.27135 5.18303 9.83703 9.12276 7.20367 8.76913 6.31293 6.14737 5.88117 5.31295 5.03457 4.94769 5.28127 4.77292 4.74392
threshold=86.833333333333357 39.750000000000007 1.0000000180025095e-35 7.5000000000000009 1.2500000000000002 113.50000000000001 1.0000000180025095e-35 97.500000000000014 37.500000000000007 21.500000000000004 5.2500000000000009 147.50000000000003 5.5000000000000009 1.9503546227639366 84.416666666666671 65.000000000000014 13.500000000000002 60.250000000000007 54.500000000000007 73.500000000000014 16.500000000000004 40.500000000000007 47.500000000000007 31.500000000000004 61.500000000000007 77.500000000000014 3.5000000000000004 11.500000000000002 16.500000000000004 58.500000000000007
decision_type=10 8 2 2 8 2 2 2 2 2 10 2 8 2 10 2 2 8 2 2 2 2 2 2 2 2 2 10 2 2
left_child=1 -1 4 -2 -3 6 26 9 -9 14 -11 -7 13 15 16 -4 18 -18 21 20 -19 -8 -23 -22 -21 29 27 -6 -13 -25
right_child=3 2 12 -5 5 11 7 8 -10 10 -12 28 -14 -15 -16 -17 17 19 -20 24 23 22 -24 25 -26 -27 -28 -29 -30 -31
leaf_value=0.025203269724795075 0.0096941885175521932 0.0017913953341240304 -0.017506140549067434 -0.01167217585531178 0.0068887246430816632 0.014442214220832516 -0.0075882360380824798 0.013634099304666919 -0.016617611810347772 -0.022309577923595343 0.0036467020985200826 -0.018285908683169535 0.013819036746656556 0.017616137349288317 -0.024803880747397453 0.0048486606358072561 0.023421029520469133 0.010028953256518472 -0.028723996973280548 0.024413862106327001 -0.024306149470150973 -0.0062793488792593855 0.02155446751063133 -0.018926149158480638 -0.0023483027307982518 0.0084553275377845204 0.019814140815432976 -0.014021398776952545 0.0070032030739155295 0.0034176585483676352
leaf_weight=18.266025818884373 15.114202588796614 593.53781650215387 18.676940783858299 187.85119454562664 34.358523026108742 45.654592007398605 143.57213127613068 32.288071110844612 10.775130726397036 50.823097407817841 14.412576913833616 11.571234419941904 72.165677651762962 12.262292690575121 12.82149815559387 17.682508781552315 14.054849117994307 22.407590448856354 15.188641160726545 12.877562761306764 20.581313908100128 13.320018842816355 13.56983660161495 24.406030729413033 12.557058721780775 15.478246018290518 14.730151996016501 14.69801154732704 13.589314416050909 12.484159648418425
leaf_count=130 65 2640 107 1057 150 216 639 162 59 285 76 68 582 92 67 108 62 107 81 58 95 66 70 121 62 80 64 64 74 63
internal_value=-0.00070968 0.000744003 0.000378567 -0.0100414 -0.00042869 -0.00271464 -0.00417262 -0.00553114 0.00585927 -0.00677344 -0.0166066 0.00760412 0.00813571 -0.000408123 -0.00480503 -0.00679566 -0.00393032 0.000547225 -0.00716807 -0.00228473 -0.00607354 -0.00509106 0.00803606 -0.0110884 0.0116124 -0.00553558 0.00517308 0.000468811 -0.00488157 -0.0114741
internal_weight=1511.78 1308.81 1290.54 202.965 1169.76 576.22 505.405 441.618 43.0632 398.555 65.2357 70.8151 120.787 48.6217 333.319 36.3594 320.497 134.847 185.651 120.792 95.3573 170.462 26.8899 72.9498 25.4346 52.3684 63.7867 49.0565 25.1605 36.8902
internal_count=7570 6448 6318 1122 5429 2789 2431 2153 221 1932 361 358 889 307 1571 215 1504 648 856 586 466 775 136 359 120 264 278 214 142 184
is_linear=0
shrinkage=0.03


Tree=80
num_leaves=31
num_cat=1
split_feature=20 26 20 2 2 16 25 24 22 6 4 3 4 5 2 6 20 0 5 20 0 0 9 10 4 5 10 20 14 5
split_gain=17.4515 15.7076 15.2266 12.9324 7.57635 7.16223 5.99857 5.9248 5.9743 5.92045 5.47216 6.59913 12.177 7.20242 6.94524 9.56549 6.98727 6.85365 6.72648 4.41409 4.39373 7.92585 7.62553 6.95385 6.28894 9.2645 7.10132 5.79625 8.18273 4.51181
threshold=84.416666666666671 0 59.250000000000007 42.500000000000007 48.500000000000007 1.5000000000000002 82.500000000000014 1.0000000180025095e-35 1.2500000000000002 2.5000000000000004 141.50000000000003 5.5000000000000009 30.500000000000004 -0.36613388550587506 4.5000000000000009 5.5000000000000009 65.250000000000014 266.50000000000006 -1.6050710724497228 70.750000000000014 313.50000000000006 379.50000000000006 69.500000000000014 67.500000000000014 120.50000000000001 -0.54322968065834887 145.50000000000003 69.250000000000014 9.5000000000000018 0.37504055115614859
decision_type=10 1 10 2 2 2 2 2 10 10 2 2 2 2 2 10 8 2 2 10 2 2 2 2 2 2 2 10 2 2
left_child=1 2 5 6 -5 -1 10 -2 -9 -6 11 14 13 -13 15 -3 -16 18 -14 -11 27 22 -22 -23 25 -25 -27 28 29 -4
right_child=7 3 20 4 9 -7 -8 8 -10 19 -12 12 17 -15 16 -17 -18 -19 -20 -21 21 23 -24 24 -26 26 -28 -29 -30 -31
leaf_value=0.0090950467210807427 -0.0086370185055057412 0.0070944064904487278 0.0042491474269048058 -0.026938160503466955 -0.011355442779097299 0.02374284050857977 0.0066313576351907811 0.014090992272900685 -0.0084646992460405916 0.0065170438477678058 0.010279558843899486 -0.033746888926154836 -0.012968679537038638 -0.010492805698907476 -0.0085375889380423942 -0.0096185746219923721 0.013341251679353471 -0.012214678696682796 0.012177745633473602 -0.011153385886813512 0.030927229173597449 -0.012870845632952609 0.0045066451922729078 0.034541950733195631 4.2958233136548943e-05 -0.0007195759900207329 0.021728606325537542 -0.0047499513672720232 -0.012833591954078504 0.024359383660228613
leaf_weight=105.4878550991416 236.02060706168413 50.75900511443615 22.420624613761902 17.771637871861458 89.50808122754097 42.489132426679134 117.65285941213369 21.791726380586624 18.797817751765251 39.430905252695084 33.838312178850174 14.526116937398909 11.210935249924658 61.013992995023727 16.092526644468307 75.369360119104385 58.720998324453831 22.518108248710632 45.021126300096512 17.571490436792374 17.964714452624321 22.556522116065025 21.255175396800041 11.857042238116263 112.67907847464085 40.838557541370392 17.35644719004631 127.04000005125999 13.299991637468336 17.984754167497158
leaf_count=672 1315 254 97 86 509 272 571 94 95 189 162 67 50 286 69 343 275 116 206 92 77 98 93 51 534 183 78 547 57 79
internal_value=-1.93062e-05 0.00149706 0.00508826 -0.00162538 -0.00893671 0.0134321 0.000725907 -0.00682099 0.00369265 -0.00658532 -0.00107229 -0.00217946 -0.00682497 -0.015347 0.00140367 -0.00288972 0.00858454 0.00143959 0.00702533 0.000971598 0.0022795 0.00489343 0.0170767 0.00249434 0.00445077 0.0114404 0.00622948 -0.00126402 0.00691805 0.0135725
internal_weight=1520.85 1244.24 573.23 671.005 164.282 147.977 506.723 276.61 40.5895 146.51 389.07 355.232 154.29 75.5401 200.942 126.128 74.8135 78.7502 56.2321 57.0024 425.253 244.508 39.2199 205.288 182.731 70.052 58.195 180.745 53.7054 40.4054
internal_count=7617 6113 2838 3275 876 944 2399 1504 189 790 1828 1666 725 353 941 597 344 372 256 281 1894 1114 170 944 846 312 261 780 233 176
cat_boundaries=0 1
cat_threshold=20
is_linear=0
shrinkage=0.03


Tree=81
num_leaves=31
num_cat=1
split_feature=20 6 20 26 15 10 11 9 22 20 23 14 15 23 10 15 1 10 23 23 20 8 21 3 11 23 21 0 4 4
split_gain=15.8656 14.7259 9.18796 8.29904 11.7355 8.10705 10.6913 8.92697 7.90335 6.8157 6.33249 5.74468 8.37782 5.69776 5.48674 8.45271 5.42999 6.5116 6.23468 6.41862 5.54893 5.65298 5.31596 4.90936 7.20484 6.1814 4.83698 4.48678 5.89668 6.00561
threshold=44.250000000000007 26.500000000000004 94.166666666666671 0 12.500000000000002 55.500000000000007 102.50000000000001 109.50000000000001 1.2500000000000002 77.250000000000014 -48.499999999999993 19.500000000000004 59.500000000000007 -48.499999999999993 8.5000000000000018 1.0000000180025095e-35 11.500000000000002 66.500000000000014 -90.499999999999986 -32.499999999999993 83.416666666666671 93.500000000000014 -7.4999999999999991 142.50000000000003 1.5000000000000002 -72.499999999999986 -20.499999999999996 170.50000000000003 32.500000000000007 19.500000000000004
decision_type=8 8 10 1 2 2 2 2 8 8 10 2 2 10 2 2 2 2 10 10 10 2 10 2 2 10 10 2 2 2
left_child=-1 2 3 4 14 6 7 27 16 -7 -4 23 -13 -9 -2 -16 -6 -18 -19 22 21 -21 -20 24 25 -10 -26 28 29 -5
right_child=1 -3 10 5 8 9 -8 13 11 -11 -12 12 -14 -15 15 -17 17 18 19 20 -22 -23 -24 -25 26 -27 -28 -29 -30 -31
leaf_value=0.021597046859887004 0.023335350767632528 0.01316460020279425 -0.026807364787295864 -0.001913027951071834 0.016731168412381071 -0.0018594822822114202 0.021201298029723863 0.023306220498554246 -0.0039760158248000714 -0.013270246945573088 -0.002733633313411457 0.011431528363433696 -0.01049707744934089 -0.00035700775059195199 -0.014603805367814087 0.0064684996300275214 -0.0092839071835587993 0.012873604736930383 -0.0021706059034277388 0.028477950352443288 -0.0053819463502806321 0.0019068848942463078 -0.024262536539511874 -0.018006180683808971 0.0099500666397707056 -0.027488687118049148 -0.0081974929676283913 -0.011099605256612738 0.0049681244016223621 -0.013223255396883704
leaf_weight=28.970754407346249 14.839963942766188 67.204481981694698 19.717436507344246 222.43562725931406 19.919887095689774 83.692890152335167 17.743422299623489 18.593760475516319 22.207852229475975 107.89312215894461 19.200540959835052 33.568460680544376 27.712737172842026 17.138688296079636 17.379843421280384 264.81821834295988 44.872561648488045 44.870627030730247 56.978226147592068 14.811312273144724 16.043136864900589 13.522532463073729 10.903883740305899 41.572095222771168 28.588879644870758 18.030251175165176 22.925890609622002 54.755356535315514 84.088305920362473 51.303289636969566
leaf_count=201 109 408 122 1037 87 408 76 90 117 645 108 180 168 83 90 1254 197 206 264 64 83 59 53 236 131 98 114 260 373 237
internal_value=-1.23365e-05 -0.000450423 -0.00110816 -0.000694615 0.0015416 -0.00309604 -0.00100121 -0.00192518 -0.00168532 -0.00832108 -0.0152964 -0.00608316 0.0015056 0.0122557 0.00610882 0.00512373 0.00218118 0.000671021 0.00355465 -0.000250973 0.00851183 0.016294 -0.00601994 -0.00955648 -0.00557516 -0.0149229 0.00187145 -0.00318 -0.00194057 -0.00407317
internal_weight=1506.3 1477.33 1410.13 1371.21 713.566 657.644 466.058 448.315 416.528 191.586 38.918 194.606 61.2812 35.7324 297.038 282.198 221.922 202.002 157.13 112.259 44.377 28.3338 67.8821 133.325 91.7529 40.2381 51.5148 412.583 357.827 273.739
internal_count=7558 7357 6949 6719 3510 3209 2156 2080 2057 1053 230 1044 348 173 1453 1344 1013 926 729 523 206 123 317 696 460 215 245 1907 1647 1274
cat_boundaries=0 1
cat_threshold=20
is_linear=0
shrinkage=0.03


Tree=82
num_leaves=31
num_cat=2
split_feature=20 20 26 6 4 22 8 2 13 22 13 13 26 8 12 2 22 12 8 13 0 20 9 9 0 22 4 12 4 4
split_gain=18.0512 12.3039 9.33923 9.39536 7.29659 6.167 7.43483 5.57767 6.80747 7.50676 7.45386 6.38959 4.84365 6.94413 5.68924 5.23802 9.99483 9.87541 4.43185 4.39954 4.39856 4.25097 5.05493 5.54214 6.07266 5.07275 5.03486 4.36018 4.23177 4.15026
threshold=50.750000000000007 86.833333333333357 0 7.5000000000000009 399.50000000000006 -1.0000000180025095e-35 29.500000000000004 1.5000000000000002 94.500000000000014 1.0000000180025095e-35 105.50000000000001 117.50000000000001 1 295.50000000000006 2.5000000000000004 136.50000000000003 2.2500000000000004 13.500000000000002 4.5000000000000009 14.500000000000002 358.50000000000006 60.750000000000007 20.500000000000004 34.500000000000007 246.50000000000003 -3.4999999999999996 46.500000000000007 1.5000000000000002 167.50000000000003 12.500000000000002
decision_type=8 10 1 8 2 10 2 2 2 8 2 2 1 2 2 2 8 2 2 2 2 8 2 2 2 10 2 2 2 2
left_child=-1 2 -2 4 7 -5 18 20 9 28 -10 -12 13 15 -14 17 -17 -3 19 -7 21 -4 25 -24 26 27 -25 -23 -9 -27
right_child=1 12 3 5 -6 6 -8 8 10 -11 11 -13 14 -15 -16 16 -18 -19 -20 -21 -22 22 23 24 -26 29 -28 -29 -30 -31
leaf_value=0.015990229785533161 -0.005884295702697509 0.0040894862051371406 0.017288632532017168 0.012762875916631299 -0.018842820882370093 -0.0026180393813168903 0.01720748775349875 0.0041344123959895073 0.021537583095785826 -0.0042071270401561334 -0.01343890744870781 0.0063074040033622531 0.0063196578012771005 -0.01915035654999241 -0.017108091906836643 0.026699428752870125 -0.0063840417762415494 -0.020368945005191701 -0.016845225187700319 0.016662447244076201 0.019532866956973795 0.0062325556369097019 -0.019109370192030975 -0.002709024302572817 -0.013863150324541407 -0.01194130305094597 0.021540628980048878 0.033679948568387151 -0.013837222288079373 0.010982250353152517
leaf_weight=58.847670413553715 177.27478614449501 41.977711498737335 16.961874179542065 94.462277792394161 17.055524200201035 53.446288958191872 21.862161874771118 179.97486840188503 21.675904884934425 408.56462173908949 17.670273780822754 69.487906485795975 10.134854570031164 18.563124984502792 73.932714819908142 15.503486089408396 15.751981452107431 21.783422186970711 14.082737967371939 12.247826784849165 17.453857347369194 11.69534954428673 15.514012046158312 15.588476307690145 14.844260975718496 12.786509335041048 13.867177203297613 9.2954031080007535 11.645190536975859 13.673720583319662
leaf_count=357 816 192 77 672 92 225 93 774 100 2058 84 343 54 128 434 76 98 110 61 54 78 65 73 72 67 54 60 53 50 58
internal_value=-0.000153711 -0.000824664 0.000284611 0.00135961 2.93392e-05 0.00728509 0.00211934 0.000429383 -0.000658811 -0.00191262 0.00621002 0.00219705 -0.00775675 -0.00264305 -0.0127445 0.000472531 0.0103452 -0.00445201 -0.00217728 0.0011725 0.00584153 0.00377728 0.00150077 -0.00427392 0.00122866 0.00871798 0.00903969 0.019366 0.00297607 -0.000126671
internal_weight=1497.63 1438.78 1241.13 1063.86 867.755 196.101 101.639 850.699 709.019 600.185 108.834 87.1582 197.647 113.58 84.0676 95.0166 31.2555 63.7611 79.7769 65.6941 141.681 124.227 107.265 59.8139 44.2999 47.451 29.4557 20.9908 191.62 26.4602
internal_count=7528 7171 6079 5263 4158 1105 433 4066 3409 2882 527 427 1092 604 488 476 174 302 340 279 657 579 502 272 199 230 132 118 824 112
cat_boundaries=0 1 2
cat_threshold=33 16
is_linear=0
shrinkage=0.03


Tree=83
num_leaves=31
num_cat=3
split_feature=22 20 26 3 6 10 15 20 13 2 21 26 13 3 8 9 22 26 23 8 4 14 9 12 2 0 3 3 23 9
split_gain=13.3192 12.7628 10.5369 10.0615 8.58733 8.19755 7.65972 7.30408 7.08151 6.8245 6.37656 7.90728 6.90743 9.39028 6.76801 7.26754 6.02805 5.56172 7.71798 5.52125 8.53818 7.92431 8.76419 7.06228 5.49271 7.45881 5.45999 9.13769 5.13872 6.06594
threshold=-0.74999999999999989 78.583333333333357 0 11.500000000000002 2.5000000000000004 97.500000000000014 12.500000000000002 53.750000000000007 94.500000000000014 18.500000000000004 1.5000000000000002 1 12.500000000000002 170.50000000000003 87.500000000000014 68.500000000000014 1.2500000000000002 2 -23.499999999999996 103.50000000000001 157.50000000000003 9.5000000000000018 228.50000000000003 14.500000000000002 6.5000000000000009 66.500000000000014 15.500000000000002 26.500000000000004 -22.499999999999996 32.500000000000007
decision_type=8 10 1 2 8 2 2 10 2 2 10 1 2 2 2 2 8 1 10 2 2 2 2 2 2 2 2 2 10 2
left_child=7 2 3 -2 9 6 -5 -1 16 -4 11 14 -13 -14 15 -3 -8 28 24 -16 23 -22 -23 -21 -19 -26 -11 -28 -6 -30
right_child=1 10 4 5 17 -7 8 -9 -10 26 -12 12 13 -15 19 -17 -18 18 -20 20 21 22 -24 -25 25 -27 27 -29 29 -31
leaf_value=0.026213469615803071 0.013121758601759766 0.00020605914617596928 -0.00015109184900826718 0.0038624603918750978 0.0055528605989159348 0.0086390506211742914 -0.0047999748300468674 0.0061507045676389028 0.012704754235680885 -0.024471020476795776 -0.015691552536308731 0.001580956340697504 -0.013949578754196163 0.012190799938338871 -0.021747010139094775 0.020724392161700408 -0.022620546668497239 -0.013143777369277571 0.016910365022138763 0.017765765408785526 -0.023506803070237427 0.010960297371080365 -0.014063532067146294 -0.0056904937278012529 0.012920005933082585 -0.0090434315374517456 0.013985417380561627 -0.012131971200426805 -0.019031036186973337 0.0066693279869479297
leaf_weight=18.433683633804321 99.440897069871426 37.959006562829018 82.380607157945633 97.480625472962856 209.87906618416309 106.44556452333927 43.491149395704269 110.10596292465925 11.37950326502323 22.506219863891602 45.181786336004734 47.466261304914951 132.15353871136904 12.87087596207857 12.136572778224943 25.324806831777096 27.926779940724373 57.12772062420845 13.031744286417959 28.244400307536125 19.628893353044987 24.822325199842453 23.602987311780453 18.455608949065208 22.764873906970024 32.578184515237808 13.500112548470495 73.923323050141335 16.913014821708206 14.6168817281723
leaf_count=125 618 156 386 489 1048 480 187 477 52 111 270 231 754 86 54 110 130 244 57 135 103 128 156 95 99 156 68 420 91 65
internal_value=1.20442e-05 -0.000854807 0.00109134 0.00482407 -0.00154873 0.00207834 -0.00182173 0.00920802 -0.00848018 -0.00669389 -0.0051476 -0.00386501 -0.00792034 -0.011562 0.000640466 0.00861171 -0.0119845 0.00111678 -0.00383404 -0.00332118 -0.0012014 -0.0079344 -0.00127434 0.00857101 -0.00670338 5.9995e-05 -0.0115515 -0.00798632 0.00370127 -0.00727789
internal_weight=1501.77 1373.23 945.386 386.165 559.222 286.724 180.278 128.54 82.7974 192.31 427.847 382.665 192.491 145.024 190.175 63.2838 71.4179 366.911 125.503 126.891 114.754 68.0542 48.4253 46.7 112.471 55.3431 109.93 87.4234 241.409 31.5299
internal_count=7581 6979 4701 1956 2745 1338 858 602 369 985 2278 2008 1071 840 937 266 317 1760 556 671 617 387 284 230 499 255 599 488 1204 156
cat_boundaries=0 1 2 3
cat_threshold=20 16 10
is_linear=0
shrinkage=0.03


Tree=84
num_leaves=31
num_cat=2
split_feature=18 22 22 24 26 2 22 5 13 1 23 14 3 23 14 14 2 2 8 8 14 1 0 23 26 2 3 10 5 8
split_gain=10.3499 8.97159 5.99976 5.06544 5.01577 4.75379 4.61706 5.79856 6.09499 8.62705 8.14423 6.93073 6.88451 4.86098 7.02895 4.83214 4.53949 5.62568 5.37502 5.06752 4.56214 4.30093 4.22097 8.38424 4.071 6.05558 5.977 4.75841 7.95114 6.00034
threshold=1.0000000180025095e-35 -3.4999999999999996 140.83333333333334 1.5000000000000002 0 82.500000000000014 1.0000000180025095e-35 3.7784752860064503 96.500000000000014 28.500000000000004 -39.499999999999993 11.500000000000002 145.50000000000003 -19.499999999999996 1.5000000000000002 18.500000000000004 39.500000000000007 146.50000000000003 191.50000000000003 29.500000000000004 16.500000000000004 3.5000000000000004 87.500000000000014 -31.499999999999996 1 154.50000000000003 141.50000000000003 59.500000000000007 -0.28692849280649474 19.500000000000004
decision_type=2 8 10 2 1 2 8 2 2 2 10 2 2 10 2 2 2 2 2 2 2 2 2 10 1 2 2 2 2 2
left_child=1 -1 4 -2 5 -3 21 8 11 10 -10 13 -11 24 -15 -14 19 -18 -19 20 -13 -6 23 -23 26 27 -8 -26 -29 -30
right_child=3 2 -4 -5 6 -7 7 -9 9 12 -12 16 15 14 -16 -17 17 18 -20 -21 -22 22 -24 -25 25 -27 -28 28 29 -31
leaf_value=0.013445762038795094 0.010002598816432106 -0.0023501785494517455 -0.018346514501816742 -0.013293783831599577 -0.010316543558377496 -0.023599232099838056 0.0044247877161453265 -0.022327461014392567 0.018645902617485933 0.0090687843968924632 -0.0050914467044065378 0.017680480328563217 -0.026383180052133075 0.0054688932374937728 -0.019781227564960962 -0.0036018618599819 -0.016344056188535076 0.0059384697612595112 -0.016665863549286359 -0.013068029676204131 -0.0064633572779223261 0.019615957534541428 0.0018142930655025004 -0.0072078876985964312 -0.0015369367962537145 0.019341339468373984 -0.010173446698636473 -0.023330893985003622 -0.012044303509214191 0.014312258367973882
leaf_weight=37.905241571366787 113.50740054249763 19.025903522968292 17.055868700146675 8.2131209895014745 21.551602765917778 18.376003563404083 215.77566549181938 11.072149038314818 47.188327446579933 23.772612176835537 17.31808565557003 16.110675513744358 11.714099764823912 14.919187918305395 26.636819586157799 25.734520696103573 70.177824132144451 25.65772956609726 13.703144237399099 15.436416059732435 11.271094396710394 32.921491131186485 279.87782334536314 14.555130675435064 296.81085561215878 10.230616234242914 27.61345923691988 24.715982042253017 16.732366360723976 12.843685835599898
leaf_count=172 856 90 112 62 94 107 984 51 231 128 87 80 79 65 130 168 381 143 85 79 58 145 1260 66 1354 55 144 136 96 64
internal_value=-1.32253e-05 -0.000756857 -0.00116871 0.00833515 -0.000933343 -0.0104195 -0.000563751 -0.0016664 -0.00139505 0.00472016 0.0122927 -0.00236246 -0.00332804 -0.00100028 -0.0108006 -0.0112288 -0.00809646 -0.0113089 -0.00214897 0.000192179 0.00786464 0.0023727 0.00323698 0.0114134 -0.000310091 -0.00229879 0.00262625 -0.00304778 -0.0111303 -0.000504957
internal_weight=1498.42 1376.7 1338.8 121.721 1321.74 37.4019 1284.34 935.435 924.363 125.728 64.5064 798.636 61.2212 646.279 41.556 37.4486 152.357 109.539 39.3609 42.8182 27.3818 348.906 327.354 47.4766 604.723 361.334 243.389 351.103 54.292 29.5761
internal_count=7562 6644 6472 918 6360 197 6163 4598 4547 693 318 3854 375 3028 195 247 826 609 228 217 138 1565 1471 211 2833 1705 1128 1650 296 160
cat_boundaries=0 1 2
cat_threshold=1 24
is_linear=0
shrinkage=0.03


Tree=85
num_leaves=31
num_cat=0
split_feature=6 18 24 25 2 13 14 23 3 2 15 15 22 9 11 9 2 25 23 10 5 23 8 8 2 3 2 3 2 13
split_gain=12.93 12.2617 10.0844 10.0616 6.86801 8.30018 7.92899 6.31179 5.92513 5.5311 6.99943 5.9228 5.49129 5.31601 4.80638 5.72623 5.54005 5.77558 4.70445 4.66729 4.58422 4.52331 4.43032 4.57378 4.33579 4.29984 4.12989 4.50112 4.05404 3.86593
threshold=2.5000000000000004 1.0000000180025095e-35 1.0000000180025095e-35 125.00000000000001 1.0000000180025095e-35 10.500000000000002 8.5000000000000018 -151.49999999999997 26.500000000000004 84.500000000000014 46.500000000000007 33.500000000000007 -0.74999999999999989 202.50000000000003 106.50000000000001 9.5000000000000018 43.500000000000007 77.500000000000014 -103.49999999999999 22.500000000000004 -3.0889720570252992 -52.499999999999993 1.5000000000000002 16.500000000000004 276.50000000000006 123.50000000000001 7.5000000000000009 1.5000000000000002 96.500000000000014 62.500000000000007
decision_type=8 2 2 2 2 2 2 10 2 2 2 2 8 2 2 2 2 2 10 2 2 10 2 2 2 2 2 2 2 2
left_child=2 9 3 4 6 -6 8 28 -1 11 24 14 -9 18 15 16 17 20 -4 -14 -2 -3 -20 -24 -11 -25 -22 -28 -7 -21
right_child=1 21 13 -5 5 7 -8 12 -10 10 -12 -13 19 -15 -16 -17 -18 -19 22 29 26 -23 23 25 -26 -27 27 -29 -30 -31
leaf_value=6.1806881837330396e-05 -0.014480697994569722 0.019377828517742442 -0.009686710252366601 0.012317094033366333 -0.017223992979913488 0.018971862849788551 -0.014425987254059558 0.0044261088228898576 0.022010047753780307 0.013162136869905057 -0.014001780767389954 0.019450783883026349 0.012054968817955401 0.018046260121782509 0.013583139089071784 -0.0035897860059683623 -0.016892682673881068 0.01346961584886484 0.022512128166820949 -0.010633112284677473 -0.0006135228116232465 0.0058703535363105307 -0.014049833995837974 0.013980404008059943 -0.0054453659540448255 -0.0083052898538477984 0.019777435444874421 0.00059427196727037887 -0.0024461382214562666 -0.0046311210087505456
leaf_weight=22.964991942048073 14.195950090885161 45.035875104367733 22.13479720801115 29.08822251111269 57.654934495687485 14.167541019618513 14.310848660767077 39.622383199632168 20.381765328347683 74.507104568183422 11.115716069936751 12.586128979921339 10.181769825518129 22.536217778921127 19.724931165575981 330.57782381027937 11.207862198352812 43.458441935479641 11.057869017124174 200.16085144132376 96.17376085370779 45.723689042031765 11.014992006123064 24.698904782533646 12.678544923663138 10.400455385446547 21.698661208152771 21.498568132519722 16.30182096362114 190.99325902014971
leaf_count=107 61 376 103 139 306 72 69 178 95 351 56 59 48 108 85 1500 50 198 52 1060 423 364 54 115 63 50 92 96 96 1052
internal_value=-0.000298792 0.0024262 -0.00318456 -0.004631 -0.00549075 -0.00656191 0.00428283 -0.00522425 0.0106455 0.00101492 0.00754983 -0.000121098 -0.00613975 0.00552178 -0.000596108 -0.00113939 0.00274928 0.00394628 0.00178237 -0.00719129 0.00118153 0.012711 0.00631292 0.0020331 0.0104252 0.00732969 0.00286864 0.0104597 0.00779914 -0.00772173
internal_weight=1477.85 760.183 717.672 615.828 586.74 529.083 57.6576 471.428 43.3468 669.423 98.3014 571.122 440.958 101.843 558.536 538.811 208.233 197.025 79.307 401.336 153.567 90.7596 57.1722 46.1144 87.1856 35.0994 139.371 43.1972 30.4694 391.154
internal_count=7478 3774 3704 3222 3083 2812 271 2506 202 3034 470 2564 2338 482 2505 2420 920 870 374 2160 672 740 271 219 414 165 611 188 168 2112
is_linear=0
shrinkage=0.03


Tree=86
num_leaves=31
num_cat=2
split_feature=20 26 23 20 25 16 8 4 23 10 9 25 9 15 23 13 23 13 10 10 24 9 8 2 26 8 4 2 6 2
split_gain=13.8012 13.5076 9.38082 8.03302 7.59654 6.14425 5.16674 6.03259 5.07264 5.2825 5.08921 4.72389 8.13794 4.60373 10.8751 7.40674 8.92789 6.52734 4.9445 5.62318 4.51532 4.6646 6.34007 6.46666 6.26996 7.72807 4.48599 4.13374 7.93355 8.16376
threshold=77.833333333333357 0 -138.49999999999997 45.250000000000007 72.500000000000014 1.5000000000000002 60.500000000000007 131.50000000000003 -50.499999999999993 11.500000000000002 34.500000000000007 132.50000000000003 185.50000000000003 13.500000000000002 -29.499999999999996 62.500000000000007 -61.499999999999993 70.500000000000014 19.500000000000004 13.500000000000002 1.5000000000000002 245.50000000000003 215.50000000000003 309.50000000000006 1 31.500000000000004 194.50000000000003 29.500000000000004 2.5000000000000004 47.500000000000007
decision_type=10 1 10 10 2 2 2 2 10 2 2 2 2 2 10 2 10 2 2 2 2 2 2 2 1 2 2 2 10 2
left_child=1 3 4 5 -3 8 7 -4 -1 -10 -11 20 -13 18 15 16 -15 -16 19 -5 21 24 23 -23 -2 -26 -8 -20 -29 -30
right_child=11 2 6 13 -6 -7 26 -9 9 10 -12 12 -14 14 17 -17 -18 -19 27 -21 -22 22 -24 -25 25 -27 -28 28 29 -31
leaf_value=0.015303724456357337 -0.00029187752167119963 -0.024963990947242908 0.00022226402957873018 0.0091657710034452108 0.0022658557960551183 0.027299308052655964 -0.010082292412651428 0.015477083556017564 0.017542168005917062 -0.022397070764416792 0.0085029986470835425 -0.002784477619364852 0.026872069709001401 -0.00019135189431071284 0.028638990400546252 0.0013270429405772995 -0.026773988745537308 0.0025417654874453862 0.015224063015673854 -0.020269609413404503 0.012486103901019657 -0.012163349182079623 -0.023964433916515721 0.014064047593943413 -0.0046432546251487742 -0.017827291405947604 0.0045810055158927287 -0.0062103344054695768 -0.0033293390653784884 0.027092836869247516
leaf_weight=43.083048403263092 184.56218019127846 24.994119770824909 425.49903885275126 10.876179650425913 14.048745833337305 21.7748858705163 74.795309245586395 23.686465859413147 8.1376478075981158 10.891937531530859 7.3338650763034812 30.599340245127678 10.362419806420801 22.605544194579124 15.658249720931051 87.687067598104477 21.909324660897255 18.334451109170914 61.324527628719807 10.630770713090895 11.521644696593283 31.439788110554218 27.295847281813622 10.522440381348131 140.34200989454985 55.615908391773701 24.303899712860584 31.907543510198593 13.111579641699793 18.379915088415146
leaf_count=320 875 129 2045 51 70 177 390 110 73 82 48 137 50 97 68 386 97 80 272 49 50 189 198 69 732 324 137 138 58 82
internal_value=-0.000443689 0.00160955 -0.00131403 0.0057467 -0.015354 0.0136756 -0.000312048 0.00105927 0.00907706 -0.00128593 -0.0101677 -0.00448992 0.00517957 0.00357873 0.000155625 -0.0037552 -0.0135756 0.015038 0.00744169 -0.00563812 -0.00535788 -0.00584166 -0.012961 -0.0054123 -0.00451529 -0.00804799 -0.00647631 0.00972403 0.00425018 0.0147138
internal_weight=1493.24 990.974 587.328 403.647 39.0429 91.2214 548.285 449.186 69.4465 26.3635 18.2258 502.262 40.9618 312.425 166.195 132.202 44.5149 33.9927 146.231 21.507 461.3 449.778 69.2581 41.9622 380.52 195.958 99.0992 124.724 63.399 31.4915
internal_count=7583 4959 2881 2078 199 700 2682 2155 523 203 130 2624 187 1378 728 580 194 148 650 100 2437 2387 456 258 1931 1056 527 550 278 140
cat_boundaries=0 1 2
cat_threshold=20 16
is_linear=0
shrinkage=0.03


Tree=87
num_leaves=31
num_cat=0
split_feature=6 24 18 24 3 2 10 13 0 10 21 13 2 2 1 8 2 3 3 2 0 0 5 10 0 8 15 13 13 12
split_gain=8.5765 8.35962 8.27147 7.61074 6.21404 6.68383 7.72061 5.92196 6.34615 5.34319 6.25768 8.66425 5.1719 5.28415 5.93383 8.41242 5.31194 4.67468 4.64428 4.6723 4.60654 5.21485 4.47234 9.82926 5.82614 5.22157 4.61287 7.67145 7.72122 5.61724
threshold=2.5000000000000004 1.0000000180025095e-35 1.0000000180025095e-35 1.0000000180025095e-35 16.500000000000004 24.500000000000004 60.500000000000007 97.500000000000014 102.50000000000001 345.50000000000006 -10.499999999999998 87.500000000000014 276.50000000000006 88.500000000000014 19.500000000000004 100.50000000000001 164.50000000000003 24.500000000000004 20.500000000000004 20.500000000000004 10.500000000000002 76.500000000000014 1.185467891508986 99.500000000000014 358.50000000000006 27.500000000000004 33.500000000000007 94.500000000000014 80.500000000000014 6.5000000000000009
decision_type=8 2 2 2 2 2 2 2 2 2 8 2 2 2 2 2 2 2 2 2 2 2 2 2 2 2 2 2 2 2
left_child=1 4 12 17 5 -1 -7 8 -3 10 11 -6 13 -2 16 -16 -15 -4 19 -12 -5 -22 26 24 25 -24 27 28 29 -20
right_child=2 7 3 20 9 6 -8 -9 -10 -11 18 -13 -14 14 15 -17 -18 -19 22 -21 21 -23 23 -25 -26 -27 -28 -29 -30 -31
leaf_value=-0.0044109393878713262 -0.00016595634383604076 0.018215672832535945 0.019671213134313959 -0.017840313577537341 -0.0039300430846676056 -0.031255620382371396 -0.0033288107503104854 0.019213715025427621 -0.0027401062020140561 -0.020069785442748039 -0.0037692458717471155 0.030376496679224586 -0.015831926034146817 0.0084910112445857854 0.011683005541917542 -0.017377578175435983 0.031389778221373427 -0.0049069007646663151 -0.009269639853552664 0.024068408086642509 0.01933591910779954 -0.010375138878503007 -0.0069626833879586044 0.024340790118496859 -0.022009184029206284 0.013756505831361376 -0.010155728735041005 0.010246030340607837 -0.022597830760643166 0.00024314851135651301
leaf_weight=51.935644462704659 574.91141451895237 15.100244067609308 50.430625602602959 9.9445084258914012 14.147277772426607 23.438657745718956 14.432673886418341 19.883270397782326 66.778122380375862 15.114204801619051 10.238293975591661 11.139425307512282 16.144083693623543 36.839978069067001 18.576029002666473 15.550642684102057 11.706570550799368 7.6474865600466719 87.731523983180523 10.010687746107577 10.902327351272108 8.747842960059641 23.933571979403496 14.412922024726866 10.294755458831785 18.550061240792274 114.04309223592281 33.588952593505383 19.267150059342384 150.69772808998823
leaf_count=240 2584 79 429 86 67 117 75 95 309 109 50 54 83 172 90 75 56 54 484 52 92 64 124 72 50 89 649 171 98 776
internal_value=-0.00065214 -0.00298606 0.0015704 0.0101838 -0.00428847 -0.0115488 -0.0209722 0.00495129 0.00129778 -0.0030462 -0.00251183 0.0117635 0.000436105 0.000858928 0.0079028 -0.00167688 0.0145349 0.0164066 -0.00326672 0.0104781 -0.00216529 0.00624727 -0.00387662 0.00325423 -0.0028497 0.00219246 -0.0050638 -0.0030423 -0.00480725 -0.00328124
internal_weight=1486.14 724.738 761.402 87.6728 622.977 89.807 37.8713 101.762 81.8784 533.17 518.055 25.2867 673.729 657.585 82.6732 34.1267 48.5465 58.0781 492.769 20.249 29.5947 19.6502 472.52 67.1913 52.7784 42.4836 405.328 291.285 257.696 238.429
internal_count=7545 3760 3785 725 3277 432 192 483 388 2845 2736 121 3060 2977 393 165 228 483 2615 102 242 156 2513 335 263 213 2178 1529 1358 1260
is_linear=0
shrinkage=0.03


Tree=88
num_leaves=31
num_cat=0
split_feature=20 6 6 2 4 2 13 3 9 21 12 22 9 23 5 20 9 15 20 23 4 22 14 22 23 4 3 11 5 4
split_gain=12.0504 11.9569 8.72401 7.54933 6.22508 6.13687 5.94945 7.40595 5.54426 5.49086 5.61713 6.66161 6.01005 5.7462 5.19598 5.03391 4.99806 6.40208 5.51571 10.5721 4.90289 4.84888 4.84346 6.53777 4.71318 4.65694 4.62042 4.51828 5.74184 6.4684
threshold=45.250000000000007 1.5000000000000002 26.500000000000004 1.0000000180025095e-35 392.50000000000006 362.50000000000006 33.500000000000007 62.500000000000007 148.50000000000003 -9.4999999999999982 1.5000000000000002 1.7500000000000002 81.500000000000014 -36.499999999999993 -0.83645374319138288 85.166666666666671 28.500000000000004 1.5000000000000002 58.750000000000007 -49.499999999999993 232.50000000000003 1.0000000180025095e-35 33.500000000000007 5.2500000000000009 -57.499999999999993 47.500000000000007 71.500000000000014 2.5000000000000004 0.5399976512303214 94.500000000000014
decision_type=8 8 8 2 2 2 2 2 2 10 2 10 2 10 2 10 2 2 10 10 2 10 2 10 8 2 2 2 2 2
left_child=24 3 6 26 5 -5 7 9 20 10 13 12 16 -3 25 -10 -12 18 19 -18 21 -8 23 -7 -1 -15 -2 -23 29 -29
right_child=1 2 -4 4 -6 22 8 -9 15 -11 11 -13 -14 14 -16 -17 17 -19 -20 -21 -22 27 -24 -25 -26 -27 -28 28 -30 -31
leaf_value=0.030039430982247831 0.013060647881588861 0.0088633010261445749 0.011658879359229908 -0.0058229986129383982 -0.021726460533677425 0.032548305181306976 0.0094243672240373333 -0.0141829601576825 0.0021395630681042173 0.018489663261168778 0.00043428778137063182 -0.010591933274023312 0.0092482779888977754 0.015782216226175889 -0.013639877971272297 -0.013391886980739098 -0.01198973366589396 -0.019938917456928856 -0.0092172278603784279 0.028008681767679771 0.020182092645100957 -0.0047188735173033661 -0.0088654707896830484 -0.0019282830272381775 0.0066112608212209843 -0.0073860068829865949 -0.0086070926351863117 0.025198024775521927 -0.011812223472655503 0.0031330952371268136
leaf_weight=14.374367184936998 32.094822622835636 88.556093573570251 67.366615541279316 386.05707540363073 19.744771726429462 9.8854525089263969 105.29965451359749 36.514378376305103 56.450243428349495 12.506756931543348 178.44223815947771 76.824988096952438 44.952774502336979 15.421491757035257 23.892977178096771 26.983633421361446 10.596766985952856 27.681423559784889 40.983562536537647 11.417589016258715 19.022051408886909 65.781844392418861 9.00633706897497 8.8846655637025815 17.022043168544773 14.04266384243965 11.304677754640577 17.088056415319443 11.908673137426375 36.298862025141716
leaf_count=105 145 454 422 2019 132 58 498 182 269 56 854 371 215 74 124 150 54 135 180 57 86 318 57 59 118 62 53 74 53 161
internal_value=-0.000164326 -0.000564149 0.0013191 -0.00445979 -0.00565608 -0.00483881 0.000550689 -0.00128945 0.00370502 -0.000401726 -0.000878972 -0.0027341 -0.000784503 0.00421436 -0.00352253 -0.00298263 -0.00248836 -0.00818167 -0.00278468 0.00907078 0.00589285 0.00466277 0.00856713 0.016957 0.0179336 0.00486021 0.00734991 0.000795208 0.00633774 0.0105291
internal_weight=1496.41 1465.01 988.033 476.978 433.578 413.834 920.667 581.834 338.833 545.319 532.813 390.899 314.074 141.913 53.3571 83.4339 269.122 90.6793 62.9979 22.0144 255.399 236.377 27.7765 18.7701 31.3964 29.4642 43.3995 131.077 65.2956 53.3869
internal_count=7595 7372 4849 2523 2325 2193 4427 2818 1609 2636 2580 1866 1495 714 260 419 1280 426 291 111 1190 1104 174 117 223 136 198 606 288 235
is_linear=0
shrinkage=0.03


Tree=89
num_leaves=31
num_cat=1
split_feature=20 26 10 10 3 20 5 20 22 3 23 8 11 14 11 5 20 22 24 5 2 5 21 12 4 22 10 10 10 23
split_gain=13.1483 13.1178 9.83387 7.7403 8.27986 8.9897 6.58299 6.68998 6.43343 6.29773 6.30665 5.60506 5.31569 5.19682 4.81745 6.4453 4.93784 5.02615 6.3979 5.45065 5.34133 4.59657 5.35871 7.49492 4.38968 4.79826 4.30737 4.61756 4.17901 3.93199
threshold=70.750000000000014 0 16.500000000000004 19.500000000000004 10.500000000000002 45.250000000000007 2.0387687219528599 46.250000000000007 140.83333333333334 88.500000000000014 -76.499999999999986 70.500000000000014 112.50000000000001 10.500000000000002 171.50000000000003 1.0000000180025095e-35 94.416666666666671 -0.74999999999999989 1.5000000000000002 1.6397626070898887 14.500000000000002 0.5399976512303214 -39.499999999999993 18.500000000000004 149.50000000000003 1.7500000000000002 19.500000000000004 47.500000000000007 62.500000000000007 -154.49999999999997
decision_type=10 1 2 2 2 8 2 10 10 2 10 2 2 2 2 2 10 10 2 2 2 2 10 2 2 10 2 2 2 10
left_child=1 2 -1 -4 -5 -6 7 -7 14 10 28 24 -13 -12 16 -16 17 19 -19 20 -2 22 23 -11 25 29 -27 -28 -9 -3
right_child=8 11 3 4 5 6 -8 9 -10 21 13 12 -14 -15 15 -17 -18 18 -20 -21 -22 -23 -24 -25 -26 26 27 -29 -30 -31
leaf_value=0.020591026120026654 0.022670070881404915 -0.015151510766432978 -0.019592226565392255 0.019527862382547428 0.024781372894718729 -0.017146632454255788 0.017855984588767523 -0.015395291723162416 -0.020720349304709486 0.0088393752276882849 0.022789415503276067 -0.011303606054771747 0.005008063060514845 0.0030455349856659971 -0.0024289539702134926 0.025015561023824361 -0.01513739562264357 -0.0041637439811038459 0.014918181311298203 -0.011364397167967433 0.001909439106204938 -0.015293070310767388 0.017271533290696282 -0.022142083414067829 0.017448246166607669 -0.019244286524494298 0.00816510689525431 -0.013065621187395708 0.0071042401107127137 0.0022869884933270071
leaf_weight=43.388352319598198 17.810665518045425 11.097409293055533 9.9144816920161229 35.011668130755424 15.789870195090769 17.709905356168747 19.295812174677849 13.084732428193094 17.630799055099487 13.758724972605707 26.574901208281517 70.92952685803175 23.322927609086037 21.863111287355423 18.874516084790233 11.829749912023543 29.721619352698326 574.82090759277344 15.298830613493918 12.55479274690151 27.9043178409338 23.426718220114708 11.867563039064406 12.557739049196242 12.850144714117048 18.58278326690197 19.07796947658062 16.06841017305851 14.835830003023146 310.89295590668917
leaf_count=350 76 55 61 210 119 97 108 56 116 57 119 380 125 96 107 70 167 2896 65 53 117 100 50 53 57 79 85 78 62 1511
internal_value=-0.000421024 0.00233083 0.00735562 0.00515318 0.00632142 0.00380841 0.00178573 -0.000307369 -0.00330643 0.00196197 0.00767477 -0.00071993 -0.00725705 0.0141196 -0.0028447 0.00860039 -0.00337482 -0.00281316 -0.00364465 0.00552707 0.01031 -0.0051278 0.00133993 -0.00621379 0.00086181 0.00024972 -0.00796517 -0.00163421 -0.00360771 0.00164092
internal_weight=1488.35 761.902 279.079 235.691 225.777 190.765 174.975 155.679 726.446 137.969 76.3586 482.822 94.2525 48.438 708.815 30.7043 678.111 648.39 590.12 58.2698 45.715 61.6107 38.184 26.3165 388.57 375.72 53.7292 35.1464 27.9206 321.99
internal_count=7575 3908 1538 1188 1127 917 798 690 3667 593 333 2370 505 215 3551 177 3374 3207 2961 246 193 260 160 110 1865 1808 242 163 118 1566
cat_boundaries=0 1
cat_threshold=20
is_linear=0
shrinkage=0.03


Tree=90
num_leaves=31
num_cat=1
split_feature=20 6 18 24 2 1 13 3 5 5 10 22 10 10 3 2 8 22 15 13 22 22 20 13 10 26 5 5 15 1
split_gain=14.0575 12.5816 6.59995 7.2979 5.43535 8.57254 6.56597 5.99125 5.56882 5.31086 4.54879 5.6647 4.89467 4.4988 4.44032 4.16187 5.4785 6.44227 4.80897 9.06548 8.73624 7.82792 5.52675 4.59761 4.13557 4.052 8.78722 7.37994 5.52693 5.9153
threshold=55.250000000000007 2.5000000000000004 1.0000000180025095e-35 1.0000000180025095e-35 7.5000000000000009 11.500000000000002 9.5000000000000018 76.500000000000014 2.0387687219528599 0.020410997260127409 34.500000000000007 0.75000000000000011 345.50000000000006 9.5000000000000018 112.50000000000001 362.50000000000006 313.50000000000006 2.7500000000000004 33.500000000000007 94.500000000000014 -0.74999999999999989 1.0000000180025095e-35 90.166666666666671 76.500000000000014 132.50000000000003 0 0.093771300979849773 0.5399976512303214 11.500000000000002 11.500000000000002
decision_type=8 8 2 2 2 2 2 2 2 2 2 10 2 2 2 2 2 10 2 2 8 8 8 2 2 1 2 2 2 2
left_child=-1 4 25 -4 5 13 -6 -7 10 -9 11 -8 15 -2 -10 18 17 -17 19 20 -12 -21 -20 -22 -23 28 -27 -28 -3 -30
right_child=1 2 3 -5 6 7 8 9 14 -11 12 -13 -14 -15 -16 16 -18 -19 22 21 23 24 -24 -25 -26 26 27 -29 29 -31
leaf_value=0.011304002812913688 -0.0076570046143515516 0.0068576001808685434 0.016241946169112825 -0.0022024172355080804 -0.015983201674839579 -0.014531326091825954 -0.0030663033897822241 0.019151170150748933 -0.00033328826282743012 -0.0091237983372417161 0.014976500811521055 -0.031581355567278001 -0.019619526898781558 0.012622167744283545 0.023435058299812492 0.033672079916627955 -0.007883739310769319 -0.0010710369448786558 -0.0055265946073411966 -0.0072068124610510983 -0.0037167575496193737 0.03586812685852566 -0.020825546146318812 -0.016095013809822735 0.009144763560850153 0.00097361447609587511 -0.032430811625605085 -0.0058734996273144754 0.013715632558838856 -0.0047871620417636353
leaf_weight=95.550917789340019 11.139187395572661 188.47384004294872 56.426630921661854 28.7583302333951 41.836402378976345 32.605569034814835 13.339310333132746 11.169000700116159 18.175675928592685 10.888861924409865 19.717612788081169 11.247334674000738 16.025066688656807 57.440279066562653 10.552667170763014 9.2336699888110214 12.106102384626864 8.9394380971789342 101.74731155484915 11.201004490256308 208.20283895730972 10.36213378608227 26.31806768476963 30.253914311528206 11.34436462074518 270.16703367233276 11.716640472412108 38.78040885925293 17.766648516058922 90.004508443176746
leaf_count=532 56 827 481 236 227 153 59 52 90 52 84 53 114 258 50 48 78 55 525 51 1101 51 171 153 62 1202 56 176 77 420
internal_value=0.000235758 -0.00053492 0.00228449 0.0100618 -0.00342867 0.00226121 -0.00468133 -0.00653489 -0.00374089 0.00540289 -0.00449809 -0.0168352 -0.00381171 0.00926557 0.00889207 -0.00320575 0.0073729 0.0174173 -0.00398568 -0.00184132 -0.00374385 0.0127551 -0.0088076 -0.00534789 0.0229196 0.00119602 -0.00115192 -0.0125456 0.00364881 -0.00163882
internal_weight=1481.49 1385.94 702.094 85.185 683.846 123.243 560.603 54.6634 518.767 22.0579 490.038 24.5866 465.452 68.5795 28.7283 449.426 30.2792 18.1731 419.147 291.082 258.174 32.9075 128.065 238.457 21.7065 616.909 320.664 50.497 296.245 107.771
internal_count=7550 7018 3475 717 3543 571 2972 257 2745 104 2605 112 2493 314 140 2379 181 103 2198 1502 1338 164 696 1254 113 2758 1434 232 1324 497
cat_boundaries=0 1
cat_threshold=28
is_linear=0
shrinkage=0.03


Tree=91
num_leaves=31
num_cat=0
split_feature=20 20 6 22 22 12 23 16 23 13 10 22 10 9 14 2 11 13 14 13 15 23 10 12 12 20 10 5 0 0
split_gain=19.8359 9.40619 8.14389 7.49342 8.04093 6.65055 6.03248 5.67678 4.73523 4.54783 6.487 4.50287 7.89125 8.12226 5.8595 6.25958 6.32298 5.91957 5.05022 4.66989 4.47606 6.10865 4.88159 4.14561 3.9544 4.21937 6.89732 3.41533 8.1641 3.85939
threshold=79.750000000000014 36.250000000000007 26.500000000000004 98.750000000000014 1.2500000000000002 40.500000000000007 -65.499999999999986 1.0000000180025095e-35 -22.499999999999996 75.500000000000014 64.500000000000014 3.2500000000000004 68.500000000000014 115.50000000000001 26.500000000000004 114.50000000000001 1.0000000180025095e-35 111.50000000000001 10.500000000000002 192.50000000000003 31.500000000000004 -53.499999999999993 284.50000000000006 17.500000000000004 16.500000000000004 83.416666666666671 55.500000000000007 0.28768207245178107 239.50000000000003 141.50000000000003
decision_type=10 8 8 10 10 2 10 2 8 2 2 10 2 2 2 2 2 2 2 2 2 10 2 2 2 10 2 2 2 2
left_child=1 -1 3 4 7 8 -5 -3 9 10 -6 14 -13 -14 15 24 -17 -16 -18 -19 21 -15 -22 -11 27 -26 -27 -2 29 -29
right_child=11 2 -4 6 5 -7 -8 -9 -10 23 -12 12 13 20 17 16 18 19 -20 -21 22 -23 -24 -25 25 26 -28 28 -30 -31
leaf_value=0.027924422637556484 -0.0048103993782179829 -0.0020187978702367838 0.012044029385440464 0.0013542552636200101 0.00054351788161046874 -0.027147221453012085 0.026939295184400486 0.0038062401436968034 -0.017876977801227763 0.021347937041616138 -0.013725799480463317 -0.021788205042291731 0.01165099921083803 0.014392198322928708 -0.028436547021075641 -0.0077519094168580398 -0.0024488394129254833 0.012096754990834365 0.020244415210530615 -0.018586159135275278 -0.021864689661890646 -0.01699989462332531 0.003449607896418789 -0.00031251328056410206 0.0020672418380203133 0.0011336344646231658 -0.028801425267524713 0.0046440425415564526 0.020046398599328673 -0.01673850334765873
leaf_weight=11.740588270127772 136.31102529168129 208.734832637012 66.639157511293888 15.496644645929335 85.852673321962357 10.257947146892546 17.124775946140289 534.54146955907345 17.098132953047752 12.130519852042196 41.998278647661209 36.379667446017265 19.114808537065983 11.892344467341902 15.160135559737684 18.185153692960739 12.544138319790362 8.4889483824372274 27.266046635806561 7.4531899988651267 29.979284517467022 8.8367312178015691 8.4856938719749433 20.093420058488846 12.369845017790793 10.446079537272455 19.143943399190903 15.755564063787462 17.625966817140579 13.098836883902548
leaf_count=94 651 1020 425 69 395 51 77 2640 82 55 219 191 107 71 91 106 61 51 141 53 203 55 73 96 63 50 101 68 89 63
internal_value=6.44414e-05 0.00229939 0.00198049 0.00127257 0.000769086 -0.00476792 0.015187 0.00216988 -0.00332712 -0.00167166 -0.00421401 -0.00536108 -0.0104279 -0.00494203 -0.00348231 -0.00209531 0.00661646 -0.0156333 0.013209 -0.00249832 -0.0104048 0.000843376 -0.0163342 0.00823856 -0.00436266 -0.0125596 -0.0185419 -0.00242295 0.00453248 -0.00529838
internal_weight=1470.25 1041.71 1029.97 963.329 930.707 187.431 32.6214 743.276 177.173 160.075 127.851 428.537 114.689 78.3089 313.849 282.747 57.9953 31.1023 39.8102 15.9421 59.1941 20.7291 38.465 32.2239 224.751 41.9599 29.59 182.791 46.4804 28.8544
internal_count=7511 5223 5129 4704 4558 898 146 3660 847 765 614 2288 700 509 1588 1393 308 195 202 104 402 126 276 151 1085 214 151 871 220 131
is_linear=0
shrinkage=0.03


Tree=92
num_leaves=31
num_cat=2
split_feature=20 22 15 13 15 26 23 20 9 4 8 1 4 10 23 23 2 5 20 2 10 22 2 4 15 9 26 8 8 13
split_gain=11.1055 8.47485 8.40047 7.74191 10.6557 8.406 7.48338 11.0338 8.54461 5.97708 7.25392 5.65272 5.62189 8.58926 6.883 9.97667 6.28833 5.22335 5.1927 5.14783 4.88574 4.96442 4.80996 4.67669 6.39999 5.19387 5.02428 5.84341 5.13053 4.9654
threshold=86.833333333333357 -0.74999999999999989 52.500000000000007 94.500000000000014 12.500000000000002 0 -29.499999999999996 77.250000000000014 138.50000000000003 119.50000000000001 29.500000000000004 19.500000000000004 33.500000000000007 52.500000000000007 -63.499999999999993 -36.499999999999993 26.500000000000004 0.26322460307953094 60.750000000000007 25.500000000000004 55.500000000000007 4.7500000000000009 79.500000000000014 45.500000000000007 1.0000000180025095e-35 94.500000000000014 1 35.500000000000007 23.500000000000004 27.500000000000004
decision_type=10 8 2 2 2 1 10 10 2 2 2 2 2 2 10 10 2 2 8 2 2 10 2 2 2 2 1 2 2 2
left_child=1 17 -2 4 5 12 8 -8 19 10 -5 -11 18 14 16 -16 -14 -1 -3 -6 23 -22 -21 26 25 -25 27 -7 29 -28
right_child=2 3 -4 9 6 20 7 -9 -10 11 -12 -13 13 -15 15 -17 -18 -19 -20 22 21 -23 -24 24 -26 -27 28 -29 -30 -31
leaf_value=0.01562716874260418 -0.0036366909382879306 0.026009843891040926 -0.020858374950533869 -0.0058173968506086684 -0.0025795953365602554 0.030421864612051739 0.019686672174477719 -0.013793094748338083 0.0019814975280632702 0.019411384705715507 0.023145293667826968 -0.00081283852661830774 -0.027477511765529906 0.010837046658635132 0.019814210734167604 -0.010187403250294165 -0.00036966350154266634 0.002838684394489633 0.0080345499744756011 -0.024069565938959942 -0.0069938237685921965 0.011451549386320613 -0.0095439627805478464 0.0082536325664646915 -0.0017295103438686151 0.030786808706137727 -0.00017293784172410037 -0.00018069885276189476 -0.016698633544746405 -0.018445407832144156
leaf_weight=55.44820448756218 165.396853081882 16.364893473684788 29.290252685546875 9.6470925584435445 28.972916163504124 10.294270038604738 20.32559721916914 14.243825644254683 43.085784263908863 14.165892347693442 32.927993558347225 68.758008040487766 16.849450916051868 50.082234084606171 16.822771139442921 21.710011459887028 13.595576949417589 59.681487001478672 100.08481489866972 44.592524386942387 140.72775144129992 13.573218107223509 41.205307386815548 49.804957926273346 50.164212509989738 10.712020605802534 307.13107550144196 11.145343169569967 18.832355678081512 12.99537932127714
leaf_count=259 894 99 216 47 132 57 93 70 210 65 159 361 77 221 76 99 62 289 646 210 783 80 197 221 234 50 1495 49 92 63
internal_value=0.00034041 0.00134679 -0.00632101 0.000584536 -0.000257399 0.00117093 -0.00662057 0.00589187 -0.00938054 0.00759709 0.0165997 0.0028322 0.00585512 0.00149521 -0.00534549 0.00308069 -0.0157689 0.00907934 0.0107606 -0.0136262 -0.000682192 -0.00530797 -0.0172838 0.000826553 0.00619095 0.0126778 -0.000833466 0.0105241 -0.00183625 -0.00096983
internal_weight=1488.63 1293.94 194.687 1178.82 1053.32 860.89 192.426 34.5694 157.857 125.499 42.5751 82.9239 235.51 119.06 68.9778 38.5328 30.445 115.13 116.45 114.771 625.381 154.301 85.7978 471.08 110.681 60.517 360.398 21.4396 338.959 320.126
internal_count=7606 6496 1110 5948 5316 4404 912 163 749 632 206 426 1280 535 314 175 139 548 745 539 3124 863 407 2261 505 271 1756 106 1650 1558
cat_boundaries=0 1 2
cat_threshold=20 8
is_linear=0
shrinkage=0.03


Tree=93
num_leaves=31
num_cat=1
split_feature=20 1 18 3 9 10 12 26 3 3 25 9 10 3 2 12 12 20 23 23 12 24 22 20 3 3 12 10 20 8
split_gain=13.2633 8.54051 6.59459 6.13398 6.72862 8.78123 5.70906 4.91212 4.95183 6.28616 4.72047 5.17443 5.3072 5.22969 5.21127 13.8937 5.07962 7.3925 5.36968 5.68823 4.71966 4.6923 4.6545 5.55438 7.38726 10.0327 7.52116 5.65827 4.66823 4.74421
threshold=44.250000000000007 21.500000000000004 1.0000000180025095e-35 115.50000000000001 89.500000000000014 58.500000000000007 3.5000000000000004 0 106.50000000000001 96.500000000000014 147.50000000000003 40.500000000000007 103.50000000000001 75.500000000000014 460.50000000000006 37.500000000000007 36.500000000000007 83.416666666666671 -37.499999999999993 -67.499999999999986 22.500000000000004 1.0000000180025095e-35 1.0000000180025095e-35 83.166666666666671 38.500000000000007 2.5000000000000004 10.500000000000002 105.50000000000001 89.833333333333357 38.500000000000007
decision_type=8 2 2 2 2 2 2 1 2 2 2 2 2 2 2 2 2 10 10 8 2 2 8 10 2 2 2 2 10 2
left_child=-1 2 3 7 5 -5 -3 -2 9 22 11 -8 -13 -14 16 -16 17 18 19 20 -15 -4 28 27 25 -25 -26 -24 29 -9
right_child=1 6 21 4 -6 -7 10 8 -10 -11 -12 12 13 14 15 -17 -18 -19 -20 -21 -22 -23 23 24 26 -27 -28 -29 -30 -31
leaf_value=0.019589116922471499 -0.01138911485396085 -0.021906594831274152 0.012145862376596706 0.015822472599146875 0.014119429650873615 -0.012520267170145143 0.014760977988742647 0.0016073693752831036 -0.018679570144074575 0.016777915364560577 0.0073583351266075861 -0.0137085198400867 0.0049368130631596337 0.0081484949113824253 -0.010018691078655412 0.03838948823635329 -0.019868244392918424 -0.014176086328611698 0.013812640518791875 -0.018701841964753285 -0.014104118661333303 -0.0013227914625114224 -0.0013592526801043453 0.0018514108222300628 0.018340917122565231 -0.023041320949544246 -0.010789120791995364 0.017897268981795143 -0.012364623546446922 0.011858867459615126
leaf_weight=28.340345241129398 28.242510959506035 16.019232600927353 68.763315618038177 14.60202521085739 51.885875150561333 25.670345619320869 10.349628403782843 190.36281055212021 12.324791371822355 18.084367990493774 28.880443841218948 61.264680966734886 47.914725333452225 29.363865472376347 14.141978718340399 7.2937475368380538 26.369725205004215 51.4940589889884 19.103968903422356 16.109665535390377 10.969576738774775 34.665853723883629 498.31156392395496 22.011694028973579 14.504983678460123 41.314729742705822 15.487535953521727 13.123519435524939 16.239875555038452 50.801065862178802
leaf_count=214 139 100 561 67 253 119 52 827 59 85 131 319 258 147 95 49 158 338 94 87 55 274 2287 102 72 218 81 63 72 220
internal_value=-0.000381556 -0.000783544 0.000484243 -0.000255497 0.00708108 -0.00210933 -0.0049444 -0.000996656 -0.000522141 -0.000252924 -0.00403886 -0.00517813 -0.00595394 -0.00376951 -0.00616988 0.00742966 -0.00810592 -0.00552833 0.000474298 -0.00420212 0.0019016 0.0076622 -0.000629182 -0.00206653 -0.00875639 -0.0144946 0.00343598 -0.000831165 0.00274272 0.0038069
internal_weight=1484.01 1455.67 1116.4 1012.97 92.1582 40.2724 339.275 920.809 892.567 880.242 323.256 294.376 284.026 222.761 174.847 21.4357 153.411 127.041 75.5471 56.4431 40.3334 103.429 862.158 604.754 93.3189 63.3264 29.9925 511.435 257.404 241.164
internal_count=7596 7382 5499 4664 439 186 1883 4225 4086 4027 1783 1652 1600 1281 1023 144 879 721 383 289 202 835 3942 2823 473 320 153 2350 1119 1047
cat_boundaries=0 1
cat_threshold=1
is_linear=0
shrinkage=0.03


Tree=94
num_leaves=31
num_cat=1
split_feature=20 26 14 24 23 5 25 23 6 22 23 14 14 4 14 22 8 25 5 4 4 5 9 8 15 13 13 15 0 6
split_gain=10.3607 11.2291 8.61027 6.05527 5.63397 5.43745 5.3901 9.70258 5.72815 5.27453 5.57953 5.35197 5.22242 5.09407 5.64416 6.31793 6.42532 4.9803 4.89366 4.6794 8.70951 5.09958 6.30724 4.42231 8.15226 9.18603 4.32997 5.9738 8.99418 5.94881
threshold=62.250000000000007 0 2.5000000000000004 1.0000000180025095e-35 -33.499999999999993 -0.69314718055994495 57.500000000000007 -22.499999999999996 1.5000000000000002 -2.4999999999999996 -11.499999999999998 16.500000000000004 4.5000000000000009 1.5000000000000002 18.500000000000004 2.2500000000000004 24.500000000000004 82.500000000000014 0.27763173659827928 399.50000000000006 323.50000000000006 0.82667857318446769 138.50000000000003 120.50000000000001 13.500000000000002 23.500000000000004 24.500000000000004 30.500000000000004 829.50000000000011 2.5000000000000004
decision_type=10 1 2 2 10 2 2 10 10 10 10 2 2 2 2 8 2 2 2 2 2 2 2 2 2 2 2 2 2 10
left_child=1 4 6 9 13 -5 7 8 -3 -2 11 26 -6 -1 15 16 -15 -17 -16 20 21 -13 -23 24 25 -7 -11 28 -28 -29
right_child=3 2 -4 5 12 23 -8 -9 -10 10 -12 19 -14 14 18 17 -18 -19 -20 -21 -22 22 -24 -25 -26 -27 27 29 -30 -31
leaf_value=0.018474626274796391 0.0092785686232858527 0.0091258009686476342 -0.010115228743319968 0.011428438856594478 -0.0054529959958571428 0.0049591748500060484 0.01071022689438941 0.024316899360475375 -0.0066603638589453401 -0.0046582755930712153 -0.020344106406277148 -0.010288459174664108 0.0088502275095576743 0.017448950517877634 0.031804971657349246 -0.011301523840623186 -0.00030792963030990765 0.0072524345417323581 0.0038428539955511144 -0.026165075850980438 0.020954390500714373 -0.0085154783549588799 0.021865177083552421 -0.014732643610740163 0.017707376424616644 -0.02398487506083484 0.0014979058192600731 -0.010613224686610016 0.025112814004640688 0.0083484221678479555
leaf_weight=52.265254691243172 31.127343729138374 25.200752690434456 69.298911720514297 54.667328611016273 46.907271258533001 28.675957724452019 48.353164851665497 11.516437530517576 98.352356299757957 220.98029679059982 15.620934233069418 123.79919120669365 43.180807322263718 45.279924906790257 13.619338847696783 28.551481977105141 30.322444416582584 22.367322534322739 9.6641601324081403 10.336711414158342 9.1170499399304372 13.212652012705805 9.918774910271166 15.358947098255156 20.740131959319115 13.845659524202345 256.59269163012505 64.206130720674992 14.398480243980883 18.482970878481865
leaf_count=426 134 114 387 233 312 126 228 49 444 1050 73 695 229 221 66 172 156 136 51 79 55 61 55 74 92 62 1200 369 80 89
internal_value=0.000301161 0.0035766 -0.00114046 -0.00163825 0.0074323 0.00425383 0.00222491 -0.000869107 -0.00339309 -0.00263927 -0.00314114 -0.00275158 0.00142469 0.0104564 0.00755502 0.00496689 0.010416 -0.00316854 0.0208351 -0.00747326 -0.00607638 -0.00788395 0.00487801 -0.000815779 0.0027397 -0.00479998 -0.00137389 0.000685557 0.00284034 -0.00632574
internal_weight=1465.96 544.88 252.722 921.081 292.158 133.288 183.423 135.07 123.553 787.793 756.666 741.045 90.0881 202.07 149.805 126.521 75.6024 50.9188 23.2835 166.384 156.048 146.931 23.1314 78.6207 63.2617 42.5216 574.661 353.68 270.991 82.6891
internal_count=7518 2991 1222 4527 1769 587 835 607 558 3940 3806 3733 541 1228 802 685 377 308 117 945 866 811 116 354 280 188 2788 1738 1280 458
cat_boundaries=0 1
cat_threshold=22
is_linear=0
shrinkage=0.03


Tree=95
num_leaves=31
num_cat=1
split_feature=20 22 26 23 0 23 20 23 20 3 13 5 6 6 23 0 6 13 13 10 8 5 3 3 20 11 15 23 1 10
split_gain=10.5162 7.38477 7.19652 6.87536 6.82453 8.75784 6.8041 8.8894 5.20887 6.22094 10.6611 6.0187 4.96978 6.06417 5.26294 4.97284 4.65285 4.65052 6.82754 7.33109 6.07605 6.37213 7.17518 5.97426 9.37356 5.67387 6.63538 5.57713 8.55035 5.58784
threshold=45.250000000000007 1.2500000000000002 0 -22.499999999999996 102.50000000000001 -45.499999999999993 83.166666666666671 -58.499999999999993 85.583333333333357 156.50000000000003 120.50000000000001 -0.33574284188938258 7.5000000000000009 2.5000000000000004 -19.499999999999996 72.500000000000014 10.500000000000002 10.500000000000002 15.500000000000002 56.500000000000007 27.500000000000004 1.185467891508986 141.50000000000003 145.50000000000003 75.583333333333357 103.50000000000001 1.5000000000000002 -23.499999999999996 15.500000000000002 171.50000000000003
decision_type=8 10 1 10 2 10 8 10 10 2 2 2 10 8 10 2 10 2 2 2 2 2 2 2 10 2 2 10 2 2
left_child=-1 2 3 -2 5 6 7 -4 9 10 -3 -11 13 -7 -15 16 -14 25 19 -19 -20 22 27 24 -23 26 -6 29 -29 -22
right_child=1 8 4 -5 17 12 -8 -9 -10 11 -12 -13 15 14 -16 -17 -18 18 20 -21 21 23 -24 -25 -26 -27 -28 28 -30 -31
leaf_value=0.017195032449560384 -0.0069992428671706002 -0.0020484275585956383 -0.0013680215302078896 0.014594693501904047 -0.003136448648423198 0.0075493062751145956 0.019207113199182859 0.023433176462920289 -0.0097434062583242487 0.0084605223300190675 0.020350154707768416 -0.017904465447259075 0.026581821821949726 -0.0057237945267756621 -0.030314558054950588 -0.011245747219427971 0.0036074172944634796 0.020119975316915971 -0.0042350976719693727 -0.0052313738673261719 0.00037454354435382202 0.02023311152702011 -0.0074453947758805683 0.028708272890710533 -0.014893987154654495 0.008775544932569046 -0.022715964776591817 -0.00026396681051488603 0.030466259114318609 0.021018541005983889
leaf_weight=29.241081073880196 153.19530660659075 232.94031579047441 50.291837461292744 13.587750345468519 43.633574135601521 21.014742583036423 56.32714256644249 16.497978329658508 107.51242472976446 9.2996923401951772 19.827923886477947 34.942676849663258 12.798408314585684 32.9809175953269 9.5642782747745496 8.8036864995956403 19.549278534948826 31.320818297564983 181.07970923185349 14.532540261745451 187.89301925897598 14.323747582733633 68.217484064400196 14.073139742016791 11.400922060012816 16.994572654366493 23.571002840995789 16.298509627580646 15.262819007039068 11.59420485794544
leaf_count=220 712 1131 218 61 199 102 443 73 690 53 96 199 64 185 54 46 133 148 880 79 863 76 348 64 51 81 125 73 72 60
internal_value=-0.000314656 -0.000679537 0.000653543 -0.00487306 0.00174329 0.00621892 0.0116096 0.00501351 -0.00411575 -0.00205279 -0.000218145 -0.0122981 -0.000169218 -0.00539894 -0.0118211 0.00784475 0.0132218 0.000194659 0.00117636 0.0121451 0.000187964 0.00255564 0.00103578 0.013679 0.00469034 -0.00634082 -0.010236 0.00356116 0.0150762 0.00167323
internal_weight=1478.57 1449.33 1044.81 166.783 878.024 227.828 123.117 66.7898 404.523 297.011 252.768 44.2424 104.711 63.5599 42.5452 41.1514 32.3477 650.196 565.997 45.8534 520.144 339.064 299.266 39.7978 25.7247 84.1991 67.2046 231.049 31.5613 199.487
internal_count=7599 7379 5210 773 4437 1318 734 291 2169 1479 1227 252 584 341 239 243 197 3119 2714 227 2487 1607 1416 191 127 405 324 1068 145 923
cat_boundaries=0 1
cat_threshold=33
is_linear=0
shrinkage=0.03


Tree=96
num_leaves=31
num_cat=0
split_feature=6 20 20 18 24 15 23 5 4 3 9 2 11 2 13 13 13 4 2 20 3 13 2 20 24 14 13 15 9 2
split_gain=9.61895 6.92323 6.32819 5.54939 4.70385 5.8778 5.07688 4.59624 7.22431 8.35269 5.87143 5.25193 8.66099 5.07934 4.93229 4.894 4.74966 4.42364 4.30412 4.27125 4.11529 5.56248 6.37784 3.97682 4.06598 3.96118 3.7631 8.06958 5.95627 7.08407
threshold=1.5000000000000002 61.250000000000007 52.750000000000007 1.0000000180025095e-35 1.0000000180025095e-35 12.500000000000002 -36.499999999999993 2.0387687219528599 41.500000000000007 186.50000000000003 265.50000000000006 86.500000000000014 87.500000000000014 146.50000000000003 29.500000000000004 94.500000000000014 80.500000000000014 119.50000000000001 204.50000000000003 68.750000000000014 8.5000000000000018 16.500000000000004 62.500000000000007 95.833333333333357 1.5000000000000002 19.500000000000004 44.500000000000007 12.500000000000002 245.50000000000003 158.50000000000003
decision_type=8 8 8 2 2 2 10 2 2 2 2 2 2 2 2 2 2 2 2 10 2 2 2 10 2 2 2 2 2 2
left_child=1 -1 -2 23 5 6 -5 8 20 10 11 16 15 -11 -9 -13 -10 -17 -15 -12 -3 -22 -23 24 26 -21 28 -28 29 -4
right_child=2 7 3 4 -6 -7 -8 14 9 13 19 12 -14 18 -16 17 -18 -19 -20 25 21 22 -24 -25 -26 -27 27 -29 -30 -31
leaf_value=0.0066104584513453904 0.012322774432643709 -0.029712697000720698 -0.00087344394945085497 0.022474629391746995 -0.0010224157062654546 -0.012725587955632995 0.0032397198220478264 -0.0057898964879992427 -0.0013598867099626048 -0.020715692967947782 0.02787760317385863 -0.020625375161609557 0.010018781063513713 0.010643615068149244 0.019546690971656979 0.010433960299340822 0.015477217012119038 -0.014913762039168816 -0.010540368172949191 0.013563095504888736 0.0017125965637844868 -0.028730625842456278 -0.0058197753090040698 -0.014095234730652655 0.013919360911789745 -0.0072541392522806622 0.011341442640400316 -0.00053216584182100171 -0.020571439281558076 0.023136670111936177
leaf_weight=53.707932755351067 47.453621037304401 11.497533589601515 568.43235262483358 36.3105433806777 33.48045451939106 6.4658303111791602 19.02873981744051 12.837317772209646 106.71453849971294 33.360344000160694 8.0591095164418203 37.725473202764988 16.313034221529961 10.806879639625548 13.14445801079273 10.838728331029417 16.538199417293072 12.060166656970976 31.885402120649815 17.324070073664192 22.210795059800148 19.914887189865112 24.281600974500179 15.634667903184889 19.486165106296539 14.065806359052656 78.950558327138424 144.60038579255342 12.493765518069265 10.278885737061499
leaf_count=263 297 58 2570 331 271 37 162 67 530 197 45 209 91 67 63 57 80 70 226 97 114 99 126 81 83 88 356 692 73 52
internal_value=6.9583e-05 -0.00344547 0.00174736 0.00120394 0.00802994 0.0128719 0.0160355 -0.00474533 -0.0055554 -0.00351297 -0.000747062 -0.0028409 -0.00893696 -0.0121054 0.00727753 -0.0141174 0.00100572 -0.00298137 -0.0050571 0.00968598 -0.0136825 -0.0105075 -0.0165506 0.000430096 0.000718867 0.00429893 0.00038648 0.00369302 -0.000867939 -0.000407809
internal_weight=1465.9 473.286 992.616 945.162 95.2856 61.8051 55.3393 419.578 393.597 315.692 239.639 200.19 76.9374 76.0526 25.9818 60.6244 123.253 22.8989 42.6923 39.449 77.9048 66.4073 44.1965 849.877 834.242 31.3899 814.756 223.551 591.205 578.711
internal_count=7552 2547 5005 4708 801 530 493 2284 2154 1757 1267 1037 427 490 130 336 610 127 293 230 397 339 225 3907 3826 185 3743 1048 2695 2622
is_linear=0
shrinkage=0.03


Tree=97
num_leaves=31
num_cat=0
split_feature=18 2 24 4 25 6 15 4 23 4 22 11 9 22 23 0 4 10 10 23 21 10 2 23 0 2 23 11 12 15
split_gain=7.08503 6.14279 6.28483 5.85211 5.63143 7.10241 8.12533 9.97223 6.99548 7.28204 6.78866 8.0043 6.64966 7.20882 6.50954 6.50114 10.0225 8.14646 6.48896 5.84944 5.69775 5.4426 6.3222 5.65134 6.27746 5.95664 5.64234 5.40345 5.09532 4.99034
threshold=1.0000000180025095e-35 1.0000000180025095e-35 1.0000000180025095e-35 105.50000000000001 92.500000000000014 2.5000000000000004 1.5000000000000002 74.500000000000014 -27.499999999999996 50.500000000000007 140.83333333333334 84.500000000000014 163.50000000000003 1.2500000000000002 -57.499999999999993 565.50000000000011 214.50000000000003 116.50000000000001 103.50000000000001 -140.49999999999997 9.5000000000000018 110.50000000000001 158.50000000000003 -37.499999999999993 49.500000000000007 9.5000000000000018 -33.499999999999993 7.5000000000000009 3.5000000000000004 28.500000000000004
decision_type=2 2 2 2 2 10 2 2 10 2 8 2 2 8 10 2 2 2 2 10 8 2 2 10 2 2 10 2 2 2
left_child=1 3 4 -1 5 6 27 14 10 -10 11 15 -9 -14 18 17 -17 -6 -8 -7 -16 22 23 24 -21 -26 -25 -3 -5 -23
right_child=-2 2 -4 28 8 19 7 12 9 -11 -12 -13 13 -15 20 16 -18 -19 -20 21 -22 29 -24 26 25 -27 -28 -29 -30 -31
leaf_value=0.0018156281715527411 0.0072881520008002505 -0.016943678424874049 0.0046709937058735012 0.00042425538126290472 0.003544029769975358 -0.014701670172056709 -0.0085403449111630374 -0.012676289229046119 -0.022336361704188519 0.0038906540290850411 -0.016409028935454033 0.022894090176587972 0.0067410062658197489 -0.0088350071083108783 -0.0064352224528183392 -0.024986248270380609 0.012251474342326379 0.028537612299462202 0.014413539333917166 0.014954024894942635 0.01759252088152741 0.024437117435049147 0.018308814096876121 -0.02081638458670659 -0.01406442327836502 0.0023356356702687567 -0.0034002536138954763 0.0053768901539528752 0.023086777625144043 -0.0023390510979468737
leaf_weight=207.2321086153388 113.4767435118556 77.158957056701183 132.91042552143335 14.317941956222056 120.41491607576609 22.655267387628555 44.862177088856697 111.43038419634104 19.0531175583601 17.668717615306377 12.462554529309271 20.506200768053532 45.655494950711727 61.764077872037888 11.145160645246504 15.277102634310724 10.041933134198187 12.063451468944548 13.646833054721354 27.502579435706139 35.622174493968487 14.849893100559713 14.409997329115866 19.428075805306435 23.127086274325848 113.67075946182013 96.152451165020466 10.67990919947624 22.891336128115654 10.090771302580832
leaf_count=926 915 422 606 64 571 112 222 585 95 91 73 103 235 425 54 81 54 61 70 120 181 73 70 88 106 532 434 56 102 51
internal_value=0.00012052 -0.000483034 -0.00142831 0.00381413 -0.0022583 -0.00350568 -0.00615345 -0.00393589 0.00187253 -0.00994862 0.00418808 0.0057112 -0.00757433 -0.00221377 0.00362784 0.00334813 -0.0103128 0.00601669 -0.00303426 -0.000306536 0.0118516 0.000757779 -0.000402041 -0.00142714 0.00214593 -0.000518908 -0.0064812 -0.0141999 0.0146057 0.0139312
internal_weight=1472.17 1358.69 1114.25 244.441 981.34 753.852 411.965 324.126 227.488 36.7218 190.766 178.304 218.85 107.42 105.276 157.797 25.319 132.478 58.509 341.887 46.7673 319.232 294.291 279.881 164.3 136.798 115.581 87.8389 37.2093 24.9407
internal_count=7578 6663 5571 1092 4965 3836 2250 1772 1129 186 943 870 1245 660 527 767 135 632 292 1586 235 1474 1350 1280 758 638 522 478 166 124
is_linear=0
shrinkage=0.03


Tree=98
num_leaves=31
num_cat=1
split_feature=20 9 26 5 2 9 8 1 8 20 5 2 8 2 5 2 14 10 9 5 2 4 4 20 5 22 20 2 8 5
split_gain=9.49768 6.56889 7.14281 7.50849 6.28398 6.40668 5.71371 6.0068 5.63977 5.6098 7.41832 5.37482 5.06776 4.89848 8.04012 9.94203 5.67398 5.51345 7.72262 5.23856 4.7005 5.49844 8.76684 5.43319 4.6666 4.59053 4.25631 4.20243 4.10978 6.20909
threshold=61.250000000000007 15.500000000000002 0 -4.209643154882321 43.500000000000007 6.5000000000000009 144.50000000000003 5.5000000000000009 238.50000000000003 86.416666666666671 0.88543485637974861 4.5000000000000009 27.500000000000004 121.50000000000001 -0.083387416527827427 256.50000000000006 8.5000000000000018 107.50000000000001 245.50000000000003 -1.2644384183496487 45.500000000000007 59.500000000000007 96.500000000000014 55.250000000000007 -0.31271859144294151 1.2500000000000002 96.416666666666671 249.50000000000003 84.500000000000014 0.37504055115614859
decision_type=8 2 1 2 2 2 2 2 2 10 2 2 2 2 2 2 2 2 2 2 2 2 2 10 2 10 10 2 2 2
left_child=6 4 26 -4 -2 -6 7 -1 9 13 12 -9 24 17 15 19 -16 25 -19 -15 23 -22 -23 -13 -11 -5 28 -18 -3 -30
right_child=1 2 3 8 5 -7 -8 11 -10 10 -12 20 -14 14 16 -17 27 18 -20 -21 21 22 -24 -25 -26 -27 -28 -29 29 -31
leaf_value=-0.0027679013902063856 0.0040054881223909678 0.0066655074411107601 0.016177188517032405 -0.003594821059297031 -0.02163283035379359 0.0033402893915846646 -0.010907384522529588 0.023492784586819578 -0.01930427868235882 -0.017976300678983953 0.0074485434304762043 0.010186498756290971 -0.027114232561273051 0.019557349177170009 0.031920582653705495 -0.029011530688282397 -0.0017437870005759658 0.016803394499953019 -0.01279636050497497 -0.0056567016214913142 0.024842968512020693 -0.014879037264714436 0.019298917390392266 -0.00911240644360908 0.0041963917142254746 -0.0115006065742051 -0.016102143875269152 0.01984183614256756 0.0019710276216970851 -0.0099136823208253455
leaf_weight=34.874815441668034 308.75357608497143 105.60053391009569 14.758148953318594 272.07123218476772 17.413509048521519 18.105020225048065 14.620775856077669 24.900466918945312 22.361456297338009 19.457051061093807 13.606417723000048 28.260773219168186 23.71664759516716 10.307227522134779 9.3858394697308523 10.988069184124468 21.629298701882362 22.656185686588287 11.058929495513437 20.672247290611271 23.122300527989864 10.955439992249014 14.621249251067637 22.835070744156837 14.125556334853171 87.067673124372959 11.459942296147345 11.857264906167982 199.25162068009377 48.305913038551807
leaf_count=176 1627 473 66 1319 90 91 67 132 148 117 73 170 169 53 50 63 113 116 64 113 122 51 72 99 87 468 68 62 1009 250
internal_value=-3.43743e-05 -0.000920837 -0.00220662 -0.0042148 0.00262458 -0.00916028 0.00652158 0.00817651 -0.00484294 -0.00421943 -0.0120386 0.0112351 -0.0167145 -0.00303608 0.00347072 -0.0058008 0.0124719 -0.00444652 0.00700542 0.00308154 0.00797389 0.0145447 0.00465023 0.00155233 -0.00879833 -0.00553807 0.00110701 0.00625319 0.00174059 -0.000378591
internal_weight=1468.8 1294.61 950.337 585.719 344.272 35.5185 174.191 159.57 570.961 548.6 70.9057 124.695 57.2993 477.694 84.8399 41.9675 42.8724 392.854 33.7151 30.9795 99.7948 48.699 25.5767 51.0958 33.5826 359.139 364.618 33.4866 353.158 247.558
internal_count=7578 6689 4881 3081 1808 181 889 822 3015 2867 446 646 373 2421 454 229 225 1967 180 166 514 245 123 269 204 1787 1800 175 1732 1259
cat_boundaries=0 1
cat_threshold=16
is_linear=0
shrinkage=0.03


Tree=99
num_leaves=31
num_cat=1
split_feature=20 26 8 3 11 20 23 14 5 3 14 8 22 3 14 24 11 9 1 2 12 11 20 20 2 23 20 10 6 2
split_gain=10.3148 12.1473 7.61778 7.28425 6.94 6.63767 5.35124 7.05596 5.46972 5.162 4.98733 4.82887 4.71036 4.62184 4.45696 6.54931 6.54318 6.22036 4.44833 4.52048 7.20753 3.99073 5.11382 4.43908 5.38305 4.03506 3.8667 3.81153 5.39545 4.04424
threshold=81.166666666666671 0 3.5000000000000004 4.5000000000000009 113.50000000000001 63.250000000000007 -106.49999999999999 5.5000000000000009 0.17693070815907788 110.50000000000001 18.500000000000004 156.50000000000003 110.25000000000001 7.5000000000000009 13.500000000000002 1.0000000180025095e-35 85.500000000000014 122.50000000000001 14.500000000000002 30.500000000000004 8.5000000000000018 1.5000000000000002 62.750000000000007 74.583333333333357 26.500000000000004 -138.49999999999997 68.250000000000014 9.5000000000000018 26.500000000000004 42.500000000000007
decision_type=10 1 2 2 2 8 10 2 2 2 2 2 10 2 2 2 2 2 2 2 2 2 10 10 2 10 8 2 8 2
left_child=1 3 21 -1 6 9 -4 11 13 -5 -11 18 14 -9 16 -16 -2 -18 19 -8 -21 23 -23 25 -25 -3 -15 28 -27 -29
right_child=12 2 4 5 -6 -7 7 8 -10 10 -12 -13 -14 26 15 -17 17 -19 -20 20 -22 22 -24 24 -26 27 -28 29 -30 -31
leaf_value=0.013021719554985108 -0.003128014899410675 -0.014714200075286668 -0.016758159177213013 0.013960887591609303 0.0079911545518661156 0.00072658767325549942 -0.0041565795262990327 -0.025710441333918012 -0.03109476263801577 -0.014094418670269957 0.010333305710780213 0.017908180277494853 -0.015455244711248671 0.012789990419472303 -0.011728748420953837 0.0099886201478570531 0.027809411539440155 -0.0026722922378587879 -0.019637315600336443 0.026510738392458155 -0.0065999624921885443 0.0087378036891081427 -0.01554308137974879 0.014995502335406842 -0.0036276063604122628 -0.0091464496352616897 -0.0089623554882148435 0.0063830416280274875 0.0042620578303280395 -0.0059229540088554982
leaf_weight=76.226313315331936 194.53010996431112 14.300304271280764 44.636679098010063 70.319258779287338 28.374800726771355 301.82341650873423 81.178760409355164 10.079247228801249 11.946181930601595 13.167838357388975 15.046488240361212 9.9407525360584241 33.689495161175728 8.9243266433477384 91.34617318212986 13.673244915902613 11.762605279684069 11.110124148428438 11.786115601658819 11.384118512272837 10.71487921476364 10.312421120703219 25.475107662379742 42.485629394650459 20.089112371206284 59.738833479583263 27.780967019498348 127.97117727249861 47.819834992289543 28.707390516996384
leaf_count=514 976 77 231 385 149 1421 365 49 68 63 76 55 223 42 577 66 57 64 66 51 51 50 129 192 113 293 168 595 270 139
internal_value=-0.000498114 0.00092765 -0.00179419 0.00448632 -0.00579723 0.00294459 -0.00753778 -0.00521919 -0.0137019 0.00966313 -0.00115951 -0.00115666 -0.00493329 -0.00870293 -0.00378948 -0.00883366 -0.00132353 0.0135116 -0.00294384 -0.00086872 0.010866 0.000893349 -0.00849905 0.00190071 0.00905369 0.000267118 -0.00347466 0.00113031 -0.00320077 0.00410501
internal_weight=1466.34 1110.23 633.647 476.583 256.747 400.357 228.372 183.735 58.7307 98.5336 28.2143 125.005 356.112 46.7845 322.422 105.019 217.403 22.8727 115.064 103.278 22.099 376.9 35.7875 341.112 62.5747 278.538 36.7053 264.237 107.559 156.679
internal_count=7575 5612 3153 2459 1295 1945 1146 915 327 524 139 588 1963 259 1740 643 1097 121 533 467 102 1858 179 1679 305 1374 210 1297 563 734
cat_boundaries=0 1
cat_threshold=20
is_linear=0
shrinkage=0.03


Tree=100
num_leaves=31
num_cat=0
split_feature=20 20 6 2 12 3 23 5 3 3 14 11 3 23 22 8 25 10 20 2 10 10 1 24 5 15 10 11 10 15
split_gain=10.3645 7.56499 5.8337 7.71271 8.00144 7.67789 7.27938 8.91562 6.01442 9.25186 5.25883 4.7961 5.63184 6.14492 4.79403 4.66571 4.34036 4.38458 4.02927 3.9466 3.91641 12.2958 4.42936 3.84773 4.98031 4.66701 6.52751 7.74822 6.31071 5.81512
threshold=49.250000000000007 79.750000000000014 2.5000000000000004 24.500000000000004 8.5000000000000018 115.50000000000001 -59.499999999999993 0.078226472103612124 82.500000000000014 139.50000000000003 14.500000000000002 1.5000000000000002 94.500000000000014 -48.499999999999993 1.0000000180025095e-35 4.5000000000000009 142.50000000000003 96.500000000000014 96.583333333333357 1.0000000180025095e-35 35.500000000000007 50.500000000000007 17.500000000000004 1.0000000180025095e-35 -0.19482220789666324 34.500000000000007 63.500000000000007 140.50000000000003 58.500000000000007 1.0000000180025095e-35
decision_type=8 10 8 2 2 2 10 2 2 2 2 2 2 8 8 2 2 2 10 2 2 2 2 2 2 2 2 2 2 2
left_child=-1 2 3 6 8 -4 19 14 20 -10 11 12 13 -6 -8 -9 18 -18 23 -2 -5 -22 -23 25 -25 26 28 29 -3 -28
right_child=1 16 5 4 10 -7 7 15 9 -11 -12 -13 -14 -15 -16 -17 17 -19 -20 -21 21 22 -24 24 -26 -27 27 -29 -30 -31
leaf_value=0.01464376154690354 0.0069480397561086562 -0.0050312869913008299 0.0027275076921961031 -0.031542619031797586 0.0041195335286590799 0.021724284536460286 0.014339210505312129 0.036030895787826527 0.012635827009642015 -0.021435642708220796 0.0045254160895313242 -0.012355870914315462 0.018818333294656507 -0.021601227646956635 -0.0036696080749664167 0.012326492642831244 -0.0030472665647280567 0.01889203769444945 -0.020037676621856772 -0.0081410300405477046 0.011086615129807891 -0.0030826326762153538 -0.027084223755014639 0.01408643564749241 -0.0054887221728126909 -0.011185826303879624 -0.020673470339198492 0.022174532828842183 -0.026284919016937965 0.0018582205246903674
leaf_weight=43.402245357632637 22.046944133937359 127.59223578125238 531.84639918804169 12.037534065544603 23.717549122869968 18.896540835499763 18.750680044293404 11.884040184319018 18.308207839727405 10.412430107593535 89.753196127712727 46.129007406532764 11.192625820636747 11.707582518458365 39.898931607604027 22.067502394318581 17.223576426506046 14.247709095478056 13.109095498919485 47.751674249768257 13.86612983047962 9.4559690058231336 27.995732232928276 22.738060340285301 22.262488767504692 77.55191857367754 10.56036578863859 14.437513463199137 13.075384706258772 94.287419110536575
leaf_count=304 103 608 2711 58 118 87 80 57 99 63 425 216 53 57 192 111 77 67 80 230 69 47 155 104 106 522 74 85 71 512
internal_value=0.000371794 -7.60642e-05 0.00136644 -0.00122052 -0.0042801 0.0034175 0.00394697 0.00941966 -0.0114384 -2.2126e-05 -0.000625906 -0.00560606 0.00119221 -0.00474053 0.0022318 0.0214172 -0.00340753 0.00716104 -0.00426419 -0.0033441 -0.0165329 -0.0124765 -0.021262 -0.00367277 0.0044935 -0.00477166 -0.00282259 0.00233106 -0.00717846 -0.000585065
internal_weight=1458.21 1414.8 987.719 436.976 274.576 550.743 162.4 92.6012 92.076 28.7206 182.5 92.7468 46.6178 35.4251 58.6496 33.9515 427.086 31.4713 395.614 69.7986 63.3554 51.3178 37.4517 382.505 45.0005 337.505 259.953 119.285 140.668 104.848
internal_count=7541 7237 4931 2133 1360 2798 773 440 491 162 869 444 228 175 272 168 2306 144 2162 333 329 271 202 2082 210 1872 1350 671 679 586
is_linear=0
shrinkage=0.03


Tree=101
num_leaves=31
num_cat=2
split_feature=20 10 20 26 3 23 24 20 26 11 11 8 11 8 8 4 23 2 12 12 4 4 4 8 3 20 3 10 10 9
split_gain=8.62311 7.42625 6.99689 6.59626 6.8857 6.47041 6.28763 6.23989 5.61077 5.797 5.11869 4.90337 4.77963 4.69986 6.96285 4.6399 4.4428 4.28151 4.16726 6.56731 4.22942 6.91194 5.83529 4.03615 4.81511 9.77317 6.14287 5.26413 5.91648 12.9935
threshold=55.250000000000007 15.500000000000002 94.166666666666671 0 216.50000000000003 -48.499999999999993 1.0000000180025095e-35 87.833333333333357 1 65.500000000000014 107.50000000000001 18.500000000000004 137.50000000000003 166.50000000000003 351.50000000000006 3.5000000000000004 -150.49999999999997 23.500000000000004 23.500000000000004 9.5000000000000018 12.500000000000002 1.5000000000000002 43.500000000000007 250.50000000000003 96.500000000000014 80.250000000000014 67.500000000000014 116.50000000000001 56.500000000000007 142.50000000000003
decision_type=8 2 10 1 2 10 2 10 1 2 2 2 2 2 2 2 10 2 2 2 2 2 2 2 2 8 2 2 2 2
left_child=18 8 3 4 11 -4 7 10 -2 -10 16 15 -12 -6 -15 -3 -5 -8 19 20 21 -1 -22 24 26 -26 27 28 29 -18
right_child=1 2 5 6 13 -7 17 -9 9 -11 12 -13 -14 14 -16 -17 23 -19 -20 -21 22 -23 -24 -25 25 -27 -28 -29 -30 -31
leaf_value=0.01104546378237594 0.0017650459146904079 0.0086405963041081574 -0.027743581958660175 -0.019913791210737025 0.0035725464043672335 -0.002110263146109253 0.01579389120330088 -0.02446898453400757 0.0209524120460623 -0.0064835010897037375 0.014687651125100065 0.0031309349161080819 -0.009998432078959037 -0.022143489811682897 0.0041605774927325305 -0.0094672080765877704 -0.0038690556283416722 -0.0029903106633706027 -0.0069195449154803067 0.022834440747615758 0.023445763318815899 -0.021042257339638302 -0.0030449616174735125 -0.019508880932527242 -0.0073480021385006382 0.026445114633662656 -0.022669636523316092 0.01706866151587403 -0.012384549138893549 0.028923914809160504
leaf_weight=11.460013620555403 205.71985807269812 15.723710633814333 16.132846251130104 16.600044786930084 19.407567843794823 18.731590859591961 22.575407259166241 13.172198720276354 35.377426870167255 8.0649707391858083 22.12819837778807 499.98967508226633 9.3353025242686254 28.402593113481998 12.68459566682577 53.932029619812965 203.70437249541283 19.841074377298355 12.028283149003981 28.634604878723621 16.656309716403488 10.80910988897085 12.63092218339443 14.304422587156294 16.716928370296959 12.783637739717959 15.491538129746912 9.5232470184564573 65.665343821048737 10.489265583455561
leaf_count=72 1086 97 111 93 100 112 100 88 235 34 114 2385 52 176 85 270 965 94 67 167 102 64 68 92 93 79 89 56 372 52
internal_value=0.000270064 -0.000331934 -0.00137692 -0.000944092 0.00104779 -0.0144144 -0.0036576 -0.00487864 0.00434095 0.0129205 -0.00416834 0.00209064 0.00728086 -0.00847606 -0.0141169 -0.00531521 -0.00517171 0.00714075 0.00909829 0.0115565 0.00497744 -0.00476441 0.0122976 -0.00441492 -0.00371296 0.00768267 -0.00483715 -0.00380774 -0.00457638 -0.00213621
internal_weight=1458.72 1366.5 1117.34 1082.47 630.14 34.8644 452.331 409.915 249.162 43.4424 396.742 569.645 31.4635 60.4948 41.0872 69.6557 365.279 42.4165 92.2192 80.191 51.5564 22.2691 29.2872 348.679 334.374 29.5006 304.874 289.382 279.859 214.194
internal_count=7570 7030 5675 5452 3113 223 2339 2145 1355 269 2057 2752 166 361 261 367 1891 194 540 473 306 136 170 1798 1706 172 1534 1445 1389 1017
cat_boundaries=0 1 2
cat_threshold=20 38
is_linear=0
shrinkage=0.03


Tree=102
num_leaves=31
num_cat=0
split_feature=20 20 24 23 6 23 11 3 25 23 13 11 0 12 14 25 20 9 23 11 9 10 11 13 11 0 13 5 23 14
split_gain=10.495 5.95986 5.563 7.94487 7.30914 7.00961 4.67798 6.86227 6.90033 8.41054 5.26208 5.71684 4.47414 4.33448 4.15623 4.11764 5.02432 3.89262 3.87572 3.6214 10.0296 4.37813 3.56481 6.78336 5.04737 5.00249 10.2802 8.66376 6.08496 3.69747
threshold=39.750000000000007 95.833333333333357 1.0000000180025095e-35 -129.49999999999997 26.500000000000004 -196.49999999999997 82.500000000000014 143.50000000000003 72.500000000000014 -94.499999999999986 13.500000000000002 103.50000000000001 3.5000000000000004 14.500000000000002 2.5000000000000004 147.50000000000003 64.250000000000014 31.500000000000004 -48.499999999999993 102.50000000000001 64.500000000000014 110.50000000000001 54.500000000000007 95.500000000000014 2.5000000000000004 396.50000000000006 43.500000000000007 0.020410997260127409 -44.499999999999993 9.5000000000000018
decision_type=8 10 2 10 8 10 2 2 2 8 2 2 2 2 2 2 10 2 8 2 2 2 2 2 2 2 2 2 10 2
left_child=-1 2 4 17 5 -2 22 10 9 -9 11 14 -5 -10 -8 16 -14 -4 -3 20 -12 -21 24 29 -7 26 -26 28 -27 -24
right_child=1 18 3 12 -6 6 7 8 13 -11 19 -13 15 -15 -16 -17 -18 -19 -20 21 -22 -23 23 -25 25 27 -28 -29 -30 -31
leaf_value=0.023675170843735185 0.022818686073959937 -0.024893638956435708 -0.024459968655028058 -0.013108585202323119 0.0095613041685470284 -0.0029343808095416437 -0.00032010806752145288 0.0092485101378532181 -0.0070968218071622803 -0.021150367239852155 0.041025640743852662 0.0098064511522209363 0.018655779738047839 0.021017587456520763 -0.025577023236025832 -0.0015792109959014283 0.0059681030843960351 -0.0010593199662958044 -0.0029723661505221583 -0.0012816848328063677 0.0042886109929153905 0.015551098663101288 -0.0082291292128926045 0.011323417924734267 -0.00072062356211539729 0.015609947260580914 0.026358890016672465 -0.017944014645282239 -0.0073806584481134405 -0.025121888446752175
leaf_weight=15.207807183265684 9.5156612619757635 13.661553956568239 10.064891040325167 8.6860684826970083 54.620377071201801 796.55862850695848 12.729095116257669 10.667923659086226 8.0450010821223277 28.561164245009422 10.701546475291254 19.006431207060814 43.062304429709911 10.344517812132834 9.9131687209010106 31.810091473162174 81.846208408474922 15.394648432731627 14.989587657153608 30.405063077807426 16.235134370625019 24.413759261369705 42.895333163440228 11.464378565549849 29.739291712641716 23.376016870141029 20.848895072937012 19.436596035957336 17.216981440782547 16.008289836347103
leaf_count=131 53 89 63 71 332 4036 57 69 51 184 49 90 258 65 57 153 364 76 87 143 85 126 204 62 141 107 95 95 78 90
internal_value=-0.000331481 -0.000600853 -0.00032141 0.00442841 -0.00106587 -0.00157056 -0.00179038 0.00262898 -0.00585266 -0.0128593 0.00660436 -0.00204764 0.00683675 0.00898649 -0.0119921 0.00801831 0.0104556 -0.0108851 -0.013912 0.0109834 0.0198298 0.00635915 -0.00261061 -0.00907075 -0.00210008 0.00388022 0.0107343 -0.00197707 0.00591578 -0.0131628
internal_weight=1457.43 1442.22 1413.57 190.864 1222.7 1168.08 1158.57 181.023 57.6186 39.2291 123.404 41.6487 165.405 18.3895 22.6423 156.719 124.909 25.4595 28.6511 81.7555 26.9367 54.8188 977.544 70.368 907.176 110.618 50.5882 60.0296 40.593 58.9036
internal_count=7561 7430 7254 985 6269 5937 5884 976 369 253 607 204 846 116 114 775 622 139 176 403 134 269 4908 356 4552 516 236 280 185 294
is_linear=0
shrinkage=0.03


Tree=103
num_leaves=31
num_cat=1
split_feature=4 20 10 10 20 11 22 3 11 10 21 21 3 11 11 3 26 20 4 0 11 20 3 10 4 20 10 4 14 1
split_gain=7.63022 9.0216 6.4204 6.36705 5.52992 5.29234 6.00718 7.52298 6.16667 7.11369 5.43223 5.01088 5.27972 14.3006 5.2762 5.01088 5.2713 5.59059 5.62858 5.21433 5.6004 6.0217 4.74974 4.53655 4.61309 4.9694 6.94801 4.66853 4.40916 5.37339
threshold=1.0000000180025095e-35 79.750000000000014 324.50000000000006 284.50000000000006 44.250000000000007 309.00000000000006 1.2500000000000002 142.50000000000003 76.500000000000014 128.50000000000003 -1.0000000180025095e-35 13.500000000000002 115.50000000000001 8.5000000000000018 76.500000000000014 103.50000000000001 0 55.750000000000007 13.500000000000002 635.50000000000011 44.500000000000007 59.750000000000007 170.50000000000003 102.50000000000001 102.50000000000001 76.583333333333357 55.500000000000007 91.500000000000014 1.0000000180025095e-35 19.500000000000004
decision_type=2 10 2 2 8 2 8 2 2 2 10 8 2 2 2 2 1 10 2 2 2 10 2 2 2 10 2 2 2 2
left_child=1 -1 3 4 -2 6 11 8 10 28 -8 -6 15 22 -15 16 -13 18 -18 20 21 -19 -14 24 27 -26 -27 -23 -10 -30
right_child=2 -3 -4 -5 5 -7 7 -9 9 -11 -12 12 13 14 -16 -17 17 19 -20 -21 -22 23 -24 -25 25 26 -28 -29 29 -31
leaf_value=0.0076789709211681888 0.014254253534066437 -0.014406170689281345 -0.016603221273309921 0.020988945565196669 -0.0064233301188208851 0.020546906862446604 -0.0031331036797833398 -0.012099702997278307 -0.014686162798816828 0.01883498093765951 -0.024533947032542913 -0.0092745373764058572 0.012281904171763319 -0.010293894552501251 0.009291404067497757 -0.017004221182650554 -0.0040175073756309456 -0.014933671703569346 0.023099226985973657 0.017793097237284332 -0.014680998733464113 0.0026233726917005025 0.033548689588104884 -0.010142300560904522 0.021857497415676816 0.018746999883967969 -0.011773132741326532 -0.015738045908843545 0.0071536997406403359 -0.0088704404432220756
leaf_weight=188.26844291388988 21.758276090025902 17.333202347159386 20.798307232558727 11.658298023045061 69.199085414409637 9.4880652800202352 349.51807967573404 72.016894660890102 13.805184677243231 22.288243554532528 10.043486468493937 28.453232273459435 24.505876041948795 29.093019567430019 20.069367356598377 12.813477680087088 9.7585539445281047 18.163533747196198 20.459899581968784 15.572072222828863 19.440531358122826 268.32344990223646 16.701211735606194 23.455429658293724 22.165207833051682 11.523922964930536 13.498243778944014 12.077598869800566 69.735684230923653 24.728985115885735
leaf_count=1114 176 78 151 68 327 54 1887 447 60 122 53 143 116 139 96 61 52 79 104 69 84 1190 83 118 95 49 63 54 338 137
internal_value=0.000412133 0.00575637 -0.000463019 -0.000179213 -0.000396976 -0.000672694 -0.00085784 -0.00311405 -0.00177177 0.00379298 -0.00379727 0.00114038 0.00207469 0.00868017 -0.00227283 0.000804273 0.00133283 0.00220951 0.0144941 0.00131216 0.000607846 0.00145036 0.021492 0.0023381 0.00325985 0.0118377 0.00246314 0.00177938 0.000552422 0.00290992
internal_weight=1466.71 205.602 1261.11 1240.31 1228.66 1206.9 1197.41 562.137 490.12 130.558 359.562 635.274 566.075 90.3695 49.1624 475.705 462.892 434.438 30.2185 404.22 388.648 369.207 41.2071 351.044 327.588 47.1874 25.0222 280.401 108.27 94.4647
internal_count=7607 1192 6415 6264 6196 6020 5966 3044 2597 657 1940 2922 2595 434 235 2161 2100 1957 156 1801 1732 1648 199 1569 1451 207 112 1244 535 475
cat_boundaries=0 1
cat_threshold=1
is_linear=0
shrinkage=0.03


Tree=104
num_leaves=31
num_cat=1
split_feature=20 20 18 25 4 0 2 2 4 22 23 5 4 8 23 8 8 8 23 20 4 23 2 4 22 20 23 22 26 23
split_gain=10.3038 8.47258 5.43135 4.66995 5.60698 8.99345 10.0671 7.70887 8.51496 6.38659 6.12121 5.45831 5.29228 4.99065 5.50022 4.84999 4.6603 4.65047 4.4014 6.84761 4.26641 7.47462 6.02282 5.74331 6.77291 5.32988 4.89527 4.87599 4.18973 5.47231
threshold=86.583333333333357 39.750000000000007 1.5000000000000002 82.500000000000014 131.50000000000003 317.50000000000006 231.50000000000003 33.500000000000007 91.500000000000014 1.0000000180025095e-35 -24.499999999999996 0.60554513604740012 28.500000000000004 143.50000000000003 -67.499999999999986 15.500000000000002 26.500000000000004 57.500000000000007 -70.499999999999986 84.166666666666671 58.500000000000007 -137.49999999999997 1.0000000180025095e-35 1.0000000180025095e-35 0.75000000000000011 63.250000000000007 -66.499999999999986 -0.74999999999999989 0 -36.499999999999993
decision_type=10 8 2 2 2 2 2 2 2 10 10 2 2 2 10 2 2 2 10 8 2 8 2 2 10 10 10 8 1 10
left_child=1 -1 3 20 5 7 11 8 10 -9 18 15 -12 17 -15 -7 -11 -6 19 -5 21 23 -22 -3 -25 -23 -27 -24 29 -29
right_child=-2 2 -4 4 13 6 -8 9 -10 16 12 -13 -14 14 -16 -17 -18 -19 -20 -21 22 25 27 24 -26 26 -28 28 -30 -31
leaf_value=0.022193785023609438 -0.006354309740719692 0.0051445148552482119 0.021439094118617573 -0.001826229545528977 0.0030343129881398325 0.0029007156574306623 -0.013023881118249673 0.0033203643602056532 -0.017073082467801821 -0.021672937813827235 -0.013002663147603342 0.0046987113324031054 0.011763049334188829 -0.0077812993778304598 0.012649664388391928 0.027184160857998695 -0.00034868129281847806 -0.0169487268505388 0.015942863804202415 0.020328008635714927 0.012333494032870006 0.0015458139339959444 0.015234761864661965 -0.036500997277900883 -0.0070041949494896519 0.0017589639351944847 -0.0083312050305946773 0.0070720005402687188 -0.0045809800954230368 -0.004517582013923464
leaf_weight=15.986506447196005 188.43596497178078 9.0894575640559179 10.438720397651194 42.938537262380123 15.427492991089819 9.2861773669719678 10.447353728115557 35.885249301791191 12.692373082041739 24.730534486472607 20.283257350325588 21.799166038632393 11.291797555983065 20.43141808360815 25.705681316554546 41.240861803293228 14.42952938377857 30.009386040270329 65.300994090735912 16.663821861147881 42.716195195913315 249.90610325336456 17.661251112818718 13.285215437412264 14.914812937378882 63.71915328502655 131.89051249623299 97.478355132043362 120.05551663786173 57.562658093869686
leaf_count=142 1108 55 95 192 74 50 51 189 58 128 113 105 52 103 125 190 64 137 339 123 190 1316 77 72 73 292 612 486 653 281
internal_value=0.000170653 0.00114821 0.000860902 0.000670046 0.00324351 0.00507799 0.0135622 0.0021588 0.00569978 -0.00579344 0.00764363 0.0175278 -0.00405679 -0.0032911 0.00362885 0.0228641 -0.0140198 -0.0102445 0.0106102 0.00460095 -0.000648677 -0.0024523 0.00194662 -0.0151736 -0.0216745 -0.00135593 -0.00505214 0.000394251 -0.000610241 0.00260103
internal_weight=1451.7 1263.27 1247.28 1236.84 418.564 326.99 82.7736 244.216 169.171 75.0453 156.478 72.3262 31.5751 91.574 46.1371 50.527 39.1601 45.4369 124.903 59.6024 818.279 482.805 335.474 37.2895 28.2 445.516 195.61 292.758 275.097 155.041
internal_count=7545 6437 6295 6200 2093 1654 396 1258 877 381 819 345 165 439 228 240 192 211 654 315 4107 2420 1687 200 145 2220 904 1497 1420 767
cat_boundaries=0 1
cat_threshold=50
is_linear=0
shrinkage=0.03


Tree=105
num_leaves=31
num_cat=2
split_feature=20 3 26 8 13 1 11 1 5 11 20 21 22 2 0 5 26 25 20 20 14 14 8 11 0 4 22 1 8 25
split_gain=6.6598 5.67154 6.68136 5.07956 4.70977 7.37563 4.78994 4.65762 5.78707 4.35452 4.4755 6.14492 5.4596 4.91749 5.99277 4.8391 4.58697 4.74198 4.76732 4.67559 4.73651 4.68596 6.04776 4.40523 4.59575 4.13686 3.93921 3.82915 3.85164 7.62332
threshold=37.250000000000007 5.5000000000000009 0 53.500000000000007 9.5000000000000018 6.5000000000000009 107.50000000000001 12.500000000000002 -2.8065292935569111 326.50000000000006 77.833333333333357 14.500000000000002 21.500000000000004 1.5000000000000002 133.50000000000003 1.1033516606453819 1 132.50000000000003 86.833333333333357 80.750000000000014 24.500000000000004 8.5000000000000018 23.500000000000004 83.500000000000014 549.50000000000011 7.5000000000000009 -2.4999999999999996 5.5000000000000009 1.0000000180025095e-35 57.500000000000007
decision_type=8 2 1 2 2 2 2 2 2 2 8 8 10 2 2 2 1 2 10 10 2 2 2 2 2 2 8 2 2 2
left_child=-1 2 3 7 6 -6 27 8 -2 10 12 -12 13 -7 25 16 -13 18 19 20 23 -21 -23 -18 -25 -15 -4 28 -3 -30
right_child=1 4 26 -5 5 9 -8 -9 -10 -11 11 15 -14 14 -16 -17 17 -19 -20 21 -22 22 -24 24 -26 -27 -28 -29 29 -31
leaf_value=0.021728042192247971 1.4686921698948502e-05 -0.013941924018659577 0.016992123302438406 0.00033837766983186375 0.011630405240580106 0.0098284180526248301 0.011818699695779832 0.030363833599904157 0.01628116780923897 0.017009842355437958 -0.01153301458077075 0.00029364498196028606 0.014294515985288131 -0.028773291141918046 -0.00030193491590947848 0.0066004938971563881 -0.018777932235514268 0.012921424947204389 -0.017552493529261321 -0.010318394754495915 0.0084254294508640856 0.022992459320762184 -0.005628335510939211 0.0089766523007106507 -0.016476997523210142 -0.0060006882889867396 -0.0012867666128062237 -0.011500371498684426 -0.012858725291744385 0.019584408025659684
leaf_weight=11.016317307949064 34.33324409276247 11.302648797631262 10.038985371589659 53.018311478197575 38.300862848758698 36.457581594586372 10.522264353930948 10.170800752937792 45.138946369290352 10.101641692221163 78.737938493490219 152.04346510022879 22.910381495952606 10.031509257853029 306.1770204231143 46.668850764632225 40.331020504236221 8.9160335883498174 39.058476626873016 14.582268059253691 10.300580106675623 14.003134571015837 11.347529411315916 13.330094158649446 10.542864084243773 22.695173867046833 273.29161031544209 97.933451369404793 10.167070865631105 14.878370344638823
leaf_count=101 159 53 46 242 199 169 51 53 367 67 481 759 102 49 1423 245 235 45 266 81 64 84 76 67 67 108 1344 500 45 81
internal_value=-0.000515336 -0.000698263 0.00221037 0.00721835 -0.00190064 -0.00107755 -0.00689791 0.0120352 0.0093413 -0.00166438 -0.00190945 -0.0039919 0.00039469 -0.00048942 -0.00162501 -0.00232036 -0.00366104 -0.00693592 -0.00861447 -0.00543823 -0.00983324 0.00280163 0.0104537 -0.0128469 -0.00247479 -0.0136272 -0.000561863 -0.00844106 -0.000111074 0.00642624
internal_weight=1468.35 1457.33 425.992 142.661 1031.34 886.536 144.804 89.643 79.4722 848.236 838.134 439.862 398.272 375.361 338.904 361.124 314.455 162.412 153.496 114.437 74.5046 39.9329 25.3507 64.204 23.873 32.7267 283.331 134.282 36.3481 25.0454
internal_count=7629 7528 2211 821 5317 4587 730 579 526 4388 4321 2470 1851 1749 1580 1989 1744 985 940 674 433 241 160 369 134 157 1390 679 179 126
cat_boundaries=0 1 2
cat_threshold=28 48
is_linear=0
shrinkage=0.03


Tree=106
num_leaves=31
num_cat=1
split_feature=20 20 8 12 14 10 10 0 12 5 14 22 13 12 13 0 3 15 21 8 0 0 13 15 5 15 12 26 13 3
split_gain=8.21553 6.93562 6.48952 7.19493 6.16125 8.02875 9.06652 8.03885 6.13448 6.27728 3.91779 3.88036 3.82575 3.64962 5.74969 5.18359 4.66755 4.71869 4.78659 4.4413 10.1892 6.08412 6.08387 10.7854 10.0876 6.25787 5.63523 4.61555 8.25685 6.93846
threshold=88.583333333333357 39.750000000000007 223.50000000000003 12.500000000000002 21.500000000000004 88.500000000000014 144.50000000000003 322.50000000000006 22.500000000000004 -0.31271859144294151 5.5000000000000009 -2.4999999999999996 146.50000000000003 36.500000000000007 162.50000000000003 864.50000000000011 223.50000000000003 47.500000000000007 19.500000000000004 48.500000000000007 332.50000000000006 578.50000000000011 13.500000000000002 12.500000000000002 -2.3943864864690467 1.5000000000000002 24.500000000000004 0 40.500000000000007 13.500000000000002
decision_type=10 8 2 2 2 2 2 2 2 2 2 8 2 2 2 2 2 2 8 2 2 2 2 2 2 2 2 1 2 2
left_child=1 -1 11 10 5 7 -7 -2 9 -5 -4 -3 -10 15 -15 16 17 19 -19 21 22 26 24 25 -21 -24 27 28 -13 -30
right_child=4 2 3 8 -6 6 -8 -9 12 -11 -12 13 -14 14 -16 -17 -18 18 -20 20 -22 -23 23 -25 -26 -27 -28 -29 29 -31
leaf_value=0.020886357795970527 -0.0027091558576334326 0.010005524246335407 0.0011841989587350113 0.021861824558761997 -0.019981744466157931 0.016556026527825566 -0.0094021098725870535 -0.025093011485362068 -0.020302073465563581 -0.0048288304102625705 -0.021433186138281365 0.0084338105200130881 0.0019300994405987441 -0.011955124009935673 0.011453625110156287 0.01443840571473467 -0.01624360828296003 -0.0048446977711185217 0.018515957394015192 0.0023271064846645175 0.0025550510717546816 -0.018769851757880075 -0.016026209474554846 -0.02296734932511597 -0.031815176770833238 0.0064862018225263418 0.014849914027916753 -5.9794148150320906e-05 0.0168539454046993 -0.007545528835378193
leaf_weight=14.528700657188891 41.239116743206978 43.599244825541973 8.7056116014718992 15.617068588733675 24.866479881107807 27.395850270986557 20.251071460545063 21.458771698176861 14.183092370629312 14.599607050418852 30.353152744472027 187.50037144869566 12.577595137059687 40.549351014196873 11.356647454202173 25.597709678113461 12.903817631304262 10.697545178234575 25.753389827907085 11.839256525039671 159.15051923692226 11.405353918671606 13.236034981906412 20.5944894105196 21.060166768729687 49.75484536588192 30.463636547327042 441.33050670474768 11.661736108362673 60.807516001164913
leaf_count=132 205 198 46 77 188 154 146 114 74 80 188 1072 74 206 62 139 66 54 126 52 774 64 62 92 105 228 153 2196 63 294
internal_value=0.000222544 0.000956401 0.000715056 -0.00674589 -0.00678747 -0.00366136 0.00555672 -0.0106438 0.000101927 0.00922429 -0.0164884 0.00132271 -0.0101598 0.000983839 -0.00671378 0.00135494 0.00102819 0.00125457 0.0117138 0.000869242 -0.00237746 0.00207499 -0.00908102 -0.00466879 -0.0198225 0.00157923 0.00242505 0.00186496 0.00493342 -0.00344321
internal_weight=1435.04 1299.83 1285.3 96.0361 135.211 110.345 47.6469 62.6979 56.9774 30.2167 39.0588 1189.26 26.7607 1145.66 51.906 1093.76 1068.16 1055.26 36.4509 1018.8 275.635 743.169 116.485 83.5854 32.8994 62.9909 731.764 701.3 259.97 72.4693
internal_count=7484 6677 6545 539 807 619 300 319 305 157 234 6006 148 5808 268 5540 5401 5335 180 5155 1313 3842 539 382 157 290 3778 3625 1429 357
cat_boundaries=0 1
cat_threshold=28
is_linear=0
shrinkage=0.03


Tree=107
num_leaves=31
num_cat=0
split_feature=6 20 4 4 20 20 10 2 12 2 13 12 20 22 3 2 2 5 5 22 12 14 10 12 2 0 9 9 25 22
split_gain=7.91351 6.89484 6.54354 11.8906 6.25802 5.64239 5.57278 6.1511 4.87893 4.50698 6.67114 4.98903 7.43156 4.76499 5.79081 4.35603 4.15385 4.07212 4.27561 7.29378 4.87902 6.20349 3.91038 3.8573 7.74643 5.07779 4.66493 4.37304 4.4557 8.80037
threshold=1.5000000000000002 61.250000000000007 59.500000000000007 99.500000000000014 55.750000000000007 57.250000000000007 345.50000000000006 362.50000000000006 6.5000000000000009 1.0000000180025095e-35 16.500000000000004 14.500000000000002 83.416666666666671 1.2500000000000002 80.500000000000014 15.500000000000002 62.500000000000007 -1.1852481493051279 0.12075493967453245 4.2500000000000009 20.500000000000004 24.500000000000004 83.500000000000014 34.500000000000007 270.50000000000006 864.50000000000011 271.50000000000006 223.50000000000003 82.500000000000014 1.0000000180025095e-35
decision_type=8 8 2 2 8 8 2 2 2 2 2 2 10 8 2 2 2 2 2 8 2 2 2 2 2 2 2 2 2 10
left_child=1 2 8 -4 -2 -6 7 9 -1 10 -3 13 17 14 15 -11 -17 -13 20 -20 -19 -22 -16 24 25 26 27 28 -7 -30
right_child=4 6 3 -5 5 23 -8 -9 -10 11 -12 12 -14 -15 22 16 -18 18 19 -21 21 -23 -24 -25 -26 -27 -28 -29 29 -31
leaf_value=0.004810071753531469 0.011002523675734361 0.015964529257232719 -0.024456168653049806 0.01285064435640448 -0.017453644521845262 -0.00022986124956460131 -0.02141371356195668 0.011288627923102644 0.032444144626546774 0.0020870385569729255 -0.0094530196500118638 0.019841976179884632 -0.010293219950138691 -0.013044819511269743 0.016632250499466376 -0.023280721528567288 -0.0039140435707160281 0.0070728148766739281 0.00055813600997636163 0.029205105370365806 -0.024123103743191071 0.0054647747500094221 -0.0027347428829653116 0.011680415532801632 -0.015201668195057069 0.016684480452693926 -0.016867229787232069 0.019541525072425854 0.0095302412796332923 -0.0013316800425818419
leaf_weight=11.752833820879461 62.524738639593124 21.510301969945431 11.715134039521219 18.468588702380657 13.273565538227556 551.99778799712658 15.174868844449518 23.125089913606644 11.084516823291777 19.902483373880386 14.963840946555136 11.456807464361189 50.71845717728138 100.74620684981346 15.377336874604223 22.35011824965477 18.226376324892044 17.124358385801315 29.047311201691628 10.060161121189592 15.981387779116632 9.7106661871075612 21.419227406382561 31.684218183159828 24.242298848927021 18.789365664124489 11.530648857355116 11.026108562946318 143.16798991709948 125.22749051451683
leaf_count=61 381 99 57 89 61 2744 116 146 58 90 69 53 330 608 70 106 91 85 138 55 87 51 112 161 132 95 62 57 795 579
internal_value=0.000374052 -0.00282995 0.00726817 -0.00194908 0.00189089 0.00126777 -0.00412855 -0.00342406 0.0190212 -0.0043501 0.00556277 -0.00542006 -0.00116004 -0.00849865 -0.00370545 -0.00935663 -0.0148849 0.00385703 0.00140926 0.00847183 -0.00508764 -0.0131542 0.00558466 0.00155727 0.00118249 0.0016605 0.00130624 0.00157824 0.00131332 0.00447617
internal_weight=1463.38 469.916 53.0211 30.1837 993.464 930.939 416.895 401.72 22.8374 378.595 36.4741 342.121 144.099 198.022 97.2755 60.479 40.5765 93.3807 81.9239 39.1075 42.8164 25.6921 36.7966 917.666 885.982 861.739 842.95 831.419 820.393 268.395
internal_count=7638 2571 265 146 5067 4686 2306 2190 119 2044 168 1876 799 1077 469 287 197 469 416 193 223 138 182 4625 4464 4332 4237 4175 4118 1374
is_linear=0
shrinkage=0.03


Tree=108
num_leaves=31
num_cat=1
split_feature=4 26 4 20 9 9 20 11 22 0 15 20 12 13 9 20 8 12 13 4 8 22 15 9 25 20 15 15 22 1
split_gain=7.09708 6.68638 9.86298 6.42245 6.36849 9.71261 5.29963 5.30864 6.20674 5.27397 5.84998 5.04564 4.9832 4.51154 4.48531 3.66285 3.58582 3.52784 9.92088 3.45489 4.79549 4.40356 5.11229 3.99185 3.86229 3.4623 3.91105 3.43497 3.5232 5.26212
threshold=399.50000000000006 0 16.500000000000004 69.750000000000014 24.500000000000004 48.500000000000007 43.250000000000007 284.50000000000006 138.50000000000003 1377.5000000000002 29.500000000000004 90.833333333333357 9.5000000000000018 101.50000000000001 195.50000000000003 74.583333333333357 89.500000000000014 1.0000000180025095e-35 11.500000000000002 169.50000000000003 17.500000000000004 5.2500000000000009 1.0000000180025095e-35 380.50000000000006 147.50000000000003 79.750000000000014 1.5000000000000002 1.0000000180025095e-35 0.75000000000000011 9.5000000000000018
decision_type=2 1 2 8 2 2 8 2 10 2 2 10 2 2 2 10 2 2 2 2 2 8 2 2 2 10 2 2 10 2
left_child=1 2 3 -1 12 15 -4 8 9 10 17 13 -5 -12 -15 -6 -13 -8 -19 20 24 -22 -23 -21 25 -3 27 28 -27 -30
right_child=-2 19 6 4 5 -7 7 -9 -10 -11 11 16 -14 14 -16 -17 -18 18 -20 23 21 22 -24 -25 -26 26 -28 -29 29 -31
leaf_value=0.019712897149365034 -0.014847648523553834 -0.0011415042848203854 0.01971442254799995 0.013507772741739137 -0.031506013923665144 0.0088698410749511528 0.010138865837839349 0.021010947071790277 -0.0223158641754755 0.01854891652587011 -0.0074433674499175297 -0.033019770882051117 -0.011358994814706352 0.0082361596138498753 -0.0070729201989201658 -0.0054628378928939575 -0.0081288073672160059 -0.014935097040612346 0.0019686542990439101 0.020961684575032037 -0.016719088663291189 -0.010373161945845887 0.01310168013107091 -0.0048066069309647668 0.010035185684924192 0.0032613929736328264 -0.02173161051341559 0.009078028962322281 -0.0016368387688989476 -0.023314520829606875
leaf_weight=35.725348643958569 28.230145066976547 387.09390643239021 11.42334897816181 62.552182376384735 9.4458571150898951 24.029375486075878 37.219881847500801 9.5948072224855405 10.423550687730311 12.496878817677496 89.561834618449211 7.9227744936943081 7.4227599948644629 45.512421347200871 26.424804702401161 10.043782025575636 14.793766140937803 32.963135257363319 390.13464057445526 11.002777881920339 38.903296127915382 22.262422420084476 12.040993727743624 9.2897925749421102 22.843928456306458 17.421499833464622 14.097110889852045 12.349695876240729 19.973779320716858 19.681487493216991
leaf_count=210 186 1887 104 460 62 125 187 56 71 79 444 60 40 223 151 45 94 172 1840 57 207 111 62 57 114 77 84 72 98 127
internal_value=-0.000214575 8.55975e-05 0.00179635 0.00878253 0.00519978 -0.00376089 0.000297673 -5.85235e-05 -0.000392381 -1.11884e-05 -0.000399228 -0.00490233 0.0107471 -0.00298448 0.00259278 -0.0190066 -0.0178362 0.0014096 0.000619589 -0.00234549 -0.00282674 -0.0099397 -0.00199544 0.00949343 -0.00175354 -0.00234583 -0.00784782 -0.00476016 -0.00785908 -0.0127046
internal_weight=1452.88 1424.65 837.691 149.219 113.494 43.519 688.472 677.048 667.454 657.03 644.533 184.216 69.9749 161.499 71.9372 19.4896 22.7165 460.318 423.098 586.961 566.668 73.2067 34.3034 20.2926 493.461 470.617 83.5236 69.4265 57.0768 39.6553
internal_count=7562 7376 4423 942 732 232 3481 3377 3321 3250 3171 972 500 818 374 107 154 2199 2012 2953 2839 380 173 114 2459 2345 458 374 302 225
cat_boundaries=0 1
cat_threshold=28
is_linear=0
shrinkage=0.03


Tree=109
num_leaves=31
num_cat=1
split_feature=20 6 24 14 20 11 15 15 22 10 3 15 22 22 11 10 15 20 26 20 8 22 15 0 20 20 13 9 20 22
split_gain=8.05011 5.33801 4.47542 5.49016 5.51226 4.97962 4.5892 6.27359 4.4858 4.01671 3.6353 3.49356 3.24846 3.22819 3.95293 4.89438 5.52652 6.65791 4.97409 5.63256 4.73756 4.7189 6.96001 4.7058 5.53075 4.95363 5.45047 4.43416 4.62285 4.8445
threshold=47.750000000000007 15.500000000000002 1.0000000180025095e-35 12.500000000000002 76.166666666666671 1.0000000180025095e-35 48.500000000000007 24.500000000000004 1.0000000180025095e-35 336.50000000000006 4.5000000000000009 1.0000000180025095e-35 3.7500000000000004 145.16666666666671 140.50000000000003 260.50000000000006 21.500000000000004 90.166666666666671 0 87.833333333333357 158.50000000000003 4.7500000000000009 43.500000000000007 339.50000000000006 82.583333333333357 83.583333333333357 19.500000000000004 262.50000000000006 74.166666666666671 3.2500000000000004
decision_type=8 8 2 2 8 2 2 2 8 2 2 2 8 10 2 2 2 8 1 10 2 10 2 2 10 8 2 2 10 10
left_child=-1 2 9 4 5 10 7 -5 -6 13 -4 -3 -11 14 15 16 18 27 20 -20 23 -16 -23 25 -25 -2 -27 28 -18 -30
right_child=1 11 3 6 8 -7 -8 -9 -10 12 -12 -13 -14 -15 21 -17 17 -19 19 -21 -22 22 -24 24 -26 26 -28 -29 29 -31
leaf_value=0.014459637881491788 -0.0016331064877482739 0.0042609233718517289 0.000515750016167885 0.0073407571518568498 0.0062578560020999791 -0.0054869273537153018 -0.0037956300803759432 0.032349276199656621 -0.010181573893635346 -0.029083769963996406 0.019420366584078804 0.021570685589704215 -0.0024376062745475923 -0.017164988038714302 -0.0042460887099660819 0.015195454037611696 -0.0081624195143101246 -0.018063453282402237 -0.0017930221987496715 -0.018712458266579145 -0.0096639279476520377 0.022828876490600388 -0.0063696850085862376 0.018158933375608956 -0.00010340108681859505 0.021874230810874015 0.0030316838149843082 -0.017315933714323158 0.0063586407369401457 -0.0092969889226370197
leaf_weight=33.679113447666168 145.90492265671492 98.440681211650372 13.983524635434149 25.125601716339588 20.467418238520622 18.779570341110229 12.420629180967806 13.851640418171881 49.260399803519249 7.4605446308851224 25.820534855127335 10.889058262109755 8.4126813784241659 10.273301340639589 20.621604077517986 14.697074696421621 62.2752455919981 33.75548741966486 499.46809779107571 17.37937293946743 25.431274622678757 22.467793226242065 10.163156531751154 36.561392471194267 24.746878005564213 17.785127855837345 53.836691230535507 17.97603002935648 68.431155622005463 22.957543917000294
leaf_count=268 650 591 61 118 85 82 61 61 286 54 118 93 75 65 112 89 273 214 2499 112 115 118 72 161 118 129 280 102 353 137
internal_value=0.000180185 -0.000170987 -0.000708027 0.00367416 0.000330004 0.00704998 0.011857 0.0168151 -0.00533581 -0.00141344 0.0129544 0.00616483 -0.0159429 -0.00119044 -0.00102496 -0.00143507 -0.00168773 -0.00607628 -0.000583915 -0.00235158 0.00241456 0.00687212 0.0138158 0.00363307 0.0109041 0.00154327 0.00794744 -0.00362785 -0.00192498 0.00236777
internal_weight=1443.32 1409.64 1300.31 179.709 128.311 58.5836 51.3979 38.9772 69.7278 1120.61 39.8041 109.33 15.8732 1104.73 1094.46 1041.21 1026.51 205.395 821.114 516.847 304.266 53.2526 32.6309 278.835 61.3083 217.527 71.6218 171.64 153.664 91.3887
internal_count=7552 7284 6600 872 632 261 240 179 371 5728 179 684 129 5599 5534 5232 5143 1079 4064 2611 1453 302 190 1338 279 1059 409 865 763 490
cat_boundaries=0 1
cat_threshold=20
is_linear=0
shrinkage=0.03


Tree=110
num_leaves=31
num_cat=0
split_feature=10 22 5 13 8 11 20 13 0 11 0 12 10 8 8 5 2 5 0 22 5 10 8 5 0 8 15 0 2 25
split_gain=5.98981 5.21121 4.34601 3.8631 6.59899 8.95622 5.87684 5.28945 6.16578 5.12666 6.04036 4.36284 5.0013 4.81278 4.74442 9.41251 7.64548 5.06641 6.25926 6.67145 5.5 4.81519 9.82429 4.56471 5.09558 9.65072 4.32724 4.29634 4.19158 6.51693
threshold=324.50000000000006 -0.74999999999999989 -4.8039874504845779 97.500000000000014 240.50000000000003 128.50000000000003 90.833333333333357 103.50000000000001 593.50000000000011 72.500000000000014 960.50000000000011 9.5000000000000018 119.50000000000001 1.5000000000000002 85.500000000000014 0.50731975205531465 1.0000000180025095e-35 0.33705737419530829 227.50000000000003 1.2500000000000002 0.2336148511815053 58.500000000000007 16.500000000000004 -3.8866920480270317 219.50000000000003 30.500000000000004 11.500000000000002 455.50000000000006 32.500000000000007 82.500000000000014
decision_type=2 8 2 2 2 2 10 2 2 2 2 2 2 2 2 2 2 2 2 8 2 2 2 2 2 2 2 2 2 2
left_child=1 -1 -3 4 11 -6 7 -5 27 10 -10 12 14 -13 17 16 -16 20 28 -20 21 23 -23 -4 -25 -26 -24 -9 -19 -30
right_child=-2 2 3 6 5 -7 -8 8 9 -11 -12 13 -14 -15 15 -17 -18 18 19 -21 -22 22 26 24 25 -27 -28 -29 29 -31
leaf_value=0.0059554644442760844 -0.016185336053867613 0.013747723862982736 -0.011753798278989926 0.022718268778542248 -0.020639907097691174 0.0099861881640377782 -0.01086501790040444 0.0020081137961721995 -0.014509993202793848 0.0075165418108812769 0.0095495933824740475 0.0034019067572842671 0.01565138038125162 -0.0048929878604115698 0.018163789896127266 -0.027879576528285946 -0.0063140331999420865 4.9777784617527974e-05 0.036195367613853585 0.002903779615020139 -0.021650900034261612 -0.024041331158029002 0.015079042788252601 0.00088455335442776529 0.035374388996712344 0.00074569893631155264 -0.0096702785114822793 0.027053255230541799 0.025442496479617837 -0.0039384493005595557
leaf_weight=118.05997070670128 20.01922931522131 17.727372653782368 22.224155858159065 14.527030974626539 32.004959851503372 10.933153867721556 20.017750337719917 10.720513150095941 29.772715896368027 40.106609463691711 12.701554864645002 76.540716268122196 18.153060548007488 338.29912485927343 13.015050455927847 14.12625891715288 62.785018734633923 86.624738991260529 10.812435165047644 10.356524027884008 9.74451035261154 20.256097987294197 12.946531116962435 336.34612842649221 10.51679950207472 19.639013938605785 10.766413450241087 14.07340084761381 15.516075275838377 11.140571378171442
leaf_count=574 153 79 98 69 192 66 144 53 155 221 75 400 105 1705 59 75 332 455 51 60 48 118 58 1798 51 89 53 70 79 59
internal_value=-0.000287805 -5.2524e-05 -0.00060129 -0.000809834 -0.00139034 -0.0127919 0.00384147 0.00632521 0.00391819 -8.00192e-05 -0.00726102 -0.000933991 0.000536838 -0.00335802 0.000102547 -0.00626758 -0.00192935 0.00110466 0.00618152 0.0207737 -0.000448581 7.77269e-05 -0.00921765 0.00115009 0.00196241 0.0135702 0.00390548 0.0167218 0.00329675 0.0134649
internal_weight=1440.47 1420.45 1302.39 1284.67 1142.75 42.9381 141.92 121.902 107.375 82.5809 42.4743 1099.81 684.969 414.84 666.816 89.9263 75.8001 576.89 134.45 21.169 442.44 432.695 43.969 388.726 366.502 30.1558 23.7129 24.7939 113.281 26.6566
internal_count=7544 7391 6817 6738 5951 258 787 643 574 451 230 5693 3588 2105 3483 466 391 3017 704 111 2313 2265 229 2036 1938 140 111 123 593 138
is_linear=0
shrinkage=0.03


Tree=111
num_leaves=31
num_cat=0
split_feature=20 18 4 10 4 23 3 13 11 23 5 20 5 5 3 5 22 9 10 10 22 25 4 1 5 1 13 21 1 4
split_gain=8.93354 7.12426 5.94707 7.68325 6.70498 13.2185 5.8863 8.08258 9.02833 8.62979 5.61906 5.69743 5.58444 7.39462 5.19786 5.24529 7.1594 5.48345 4.96651 7.91544 4.91984 4.89041 4.63863 5.58094 4.34483 5.08947 5.14096 4.34295 4.22293 4.12299
threshold=37.250000000000007 1.5000000000000002 16.500000000000004 97.500000000000014 14.500000000000002 -45.499999999999993 141.50000000000003 62.500000000000007 40.500000000000007 -183.49999999999997 1.0972329774485703 53.750000000000007 0.37504055115614859 -0.5033149494782293 1.0000000180025095e-35 1.0695777181847748 1.2500000000000002 27.500000000000004 57.500000000000007 46.500000000000007 -0.74999999999999989 65.000000000000014 30.500000000000004 5.5000000000000009 -1.5709073893658692 10.500000000000002 19.500000000000004 2.5000000000000004 13.500000000000002 7.5000000000000009
decision_type=8 2 2 2 2 8 2 2 2 10 2 8 2 2 2 2 8 2 2 2 10 2 2 2 2 2 2 8 2 2
left_child=-1 2 3 4 14 -6 7 9 20 -4 11 -11 13 18 -2 16 21 -17 19 22 -9 -16 23 -13 -24 -26 -27 -10 -8 -19
right_child=1 -3 6 -5 5 -7 28 8 27 10 -12 12 -14 -15 15 17 -18 29 -20 -21 -22 -23 24 -25 25 26 -28 -29 -30 -31
leaf_value=0.026146339306522097 0.0048824122449568274 0.023896466639743746 -0.024681817373716129 0.027414262428346509 0.033420925566616667 -0.0093895975771345758 0.010402595103761399 0.015857519079609972 0.00013888164231032934 0.012558009691978957 -0.01868371322082767 -0.022083593241573825 0.0076584491428178334 -0.0087699411317599864 -0.0067783040727109533 0.0060121243122145803 -0.016943134940663046 -0.011825802394367157 -0.0056970079718568437 0.011894576450468826 -0.0020443785786680561 0.016803297677676472 -0.0016051333858780128 -0.0013849679903794371 0.017171528806091615 0.012127463263518958 -0.013674328463098641 0.017476511673727053 -0.0076505543512218679 0.0093057392312052081
leaf_weight=10.764882467687128 169.56404615193605 10.047304056584833 13.875810682773588 10.098593048751352 15.360538400709627 10.167458213865759 11.672947518527506 14.675363823771475 17.09532355517149 25.37361815571785 15.786157272756098 17.341098107397556 51.395621009171009 131.07689145207405 20.645001485943794 82.062047630548477 40.07112080603838 34.404520086944103 119.75339916348457 53.085131503641605 115.50671076029539 11.493155397474764 128.75313851982355 32.900618046522141 27.746352091431618 12.564709082245828 13.260322734713553 53.535989634692669 167.67437942326069 10.039970837533472
leaf_count=107 983 95 73 51 71 49 57 69 85 143 78 80 252 672 94 423 208 178 630 249 592 56 574 154 125 62 63 256 997 50
internal_value=0.000110656 -0.000102426 -0.000288017 0.00279006 0.00209077 0.0166589 -0.00150477 -0.000452662 0.0047866 -0.00209403 -0.00155739 -0.00108683 -0.00169609 -0.00260484 0.00103858 -0.00224938 -0.00864185 0.00143857 -0.000594848 0.00155654 7.91919e-05 0.00190746 -0.000844025 -0.00882072 0.00139017 0.00848657 -0.0011368 0.0133407 -0.00642439 -0.00695248
internal_weight=1447.79 1437.03 1426.98 403.906 393.808 25.528 1023.07 843.726 200.813 642.913 629.037 613.251 587.877 536.482 368.28 198.716 72.2093 126.507 405.405 285.651 130.182 32.1382 232.566 50.2417 182.325 53.5714 25.825 70.6313 179.347 44.4445
internal_count=7576 7469 7374 2163 2112 120 5211 4157 1002 3155 3082 3004 2861 2609 1992 1009 358 651 1937 1307 661 150 1058 234 824 250 125 341 1054 228
is_linear=0
shrinkage=0.03


Tree=112
num_leaves=31
num_cat=1
split_feature=18 20 6 11 22 20 1 26 4 23 4 4 23 4 25 23 1 8 3 8 3 14 15 25 23 20 20 23 6 20
split_gain=7.31928 5.17994 5.79035 5.05359 8.73066 4.46428 5.39205 4.46156 4.26068 4.18236 4.0543 3.33109 3.26361 5.39682 6.12875 5.08895 9.16296 5.44751 3.65594 3.26321 3.20857 2.99669 6.30953 5.89298 7.15283 6.95813 5.69788 5.4589 6.05286 6.40151
threshold=1.0000000180025095e-35 66.250000000000014 1.5000000000000002 317.50000000000006 115.25000000000001 45.250000000000007 10.500000000000002 0 399.50000000000006 -24.499999999999996 18.500000000000004 134.50000000000003 -160.49999999999997 124.50000000000001 117.50000000000001 -139.49999999999997 16.500000000000004 102.50000000000001 25.500000000000004 1.0000000180025095e-35 17.500000000000004 5.5000000000000009 2.5000000000000004 132.50000000000003 -133.49999999999997 77.833333333333357 84.416666666666671 -58.499999999999993 2.5000000000000004 81.416666666666671
decision_type=2 8 8 2 10 8 2 1 2 10 2 2 10 2 2 10 2 2 2 2 2 2 2 2 10 10 10 10 10 10
left_child=3 -2 -3 4 5 6 -1 11 12 10 -4 -7 13 14 18 16 -14 -18 -9 -11 -12 22 -17 24 -23 -25 27 28 29 -26
right_child=1 2 9 -5 -6 7 -8 8 -10 19 20 -13 15 -15 -16 21 17 -19 -20 -21 -22 23 -24 25 26 -27 -28 -29 -30 -31
leaf_value=-0.001890885058830538 0.031372463316759761 -0.01088932944043765 0.015952370437627008 0.018384978187841166 -0.018499489322379447 -0.017307069831235537 0.027148045275807307 0.0072070002270023421 -0.013413155630866223 -0.016906341883797533 0.010737458125834615 0.0018040499890644842 -0.019725259446084917 0.026052777765352218 0.018516463294876259 -0.00034408306934895889 0.015269820732409657 -0.011316353887967343 -0.01529356303921816 0.0084862330197087669 -0.013166707246367653 0.022329833364731797 0.0065158790873108084 -0.0018422669353220138 -0.012291300775925568 0.022638935330480357 -0.0082019585310848502 0.0020018687553298021 0.0028498378988425404 0.0096626102023823265
leaf_weight=11.06142780929804 6.7761348485946646 15.010813824832438 53.571048066020012 11.847799390554426 22.874095290899277 26.658968456089497 10.727099210023878 10.14785708487034 20.183481760323048 8.3460510224103945 9.9249618202447909 11.422260738909243 30.630315542221069 10.19119421392679 12.643614709377287 374.41988351941109 15.314747773110868 11.135139741003512 15.025791965425013 8.0090569332241994 8.4042393714189512 9.5999970808625203 176.9874774068594 22.062526404857635 89.414111122488976 18.616373479366302 122.52111668884754 241.81680504232645 54.865263238549232 13.01831168681383
leaf_count=87 61 86 524 76 148 141 92 48 128 71 74 67 146 55 60 1693 79 63 76 64 44 50 805 99 453 84 737 1177 253 72
internal_value=0.000271131 0.00767344 0.00583238 -0.000340571 -0.000520886 -0.000192703 0.0129697 -0.000425495 -7.27328e-05 0.0087666 0.0118521 -0.00929653 0.000156598 0.00774243 0.00226401 -0.00015822 -0.00881744 0.00407279 -0.00629445 -0.00469917 -0.000337135 0.000289239 0.0018656 -0.0012312 -0.00207986 0.00963573 -0.00257096 -0.000826162 -0.00515893 -0.0094347
internal_weight=1453.23 110.042 103.266 1343.19 1331.34 1308.46 21.7885 1286.68 1248.59 88.2554 71.9002 38.0812 1228.41 48.0085 37.8173 1180.4 57.0802 26.4499 25.1736 16.3551 18.3292 1123.32 551.407 571.915 531.236 40.6789 521.636 399.114 157.298 102.432
internal_count=7613 924 863 6689 6613 6465 179 6286 6078 777 642 208 5950 239 184 5711 288 142 124 135 118 5423 2498 2925 2742 183 2692 1955 778 525
cat_boundaries=0 1
cat_threshold=1
is_linear=0
shrinkage=0.03


Tree=113
num_leaves=31
num_cat=1
split_feature=26 25 22 1 22 6 12 3 3 8 4 11 22 9 11 23 11 12 4 9 3 21 25 4 10 1 14 3 6 12
split_gain=4.73601 4.65241 9.37528 5.17512 7.27016 6.70129 5.97918 5.4954 5.9274 5.35681 7.53072 9.1107 5.78891 4.8489 4.1158 4.00925 3.5577 3.67193 3.53884 3.41217 5.39829 7.73331 4.27044 4.32669 9.41241 8.46544 6.68632 5.9569 5.96459 5.05433
threshold=0 82.500000000000014 116.75000000000001 6.5000000000000009 0.75000000000000011 6.5000000000000009 1.0000000180025095e-35 278.50000000000006 131.50000000000003 132.50000000000003 90.500000000000014 5.5000000000000009 3.2500000000000004 259.50000000000006 109.50000000000001 -20.499999999999996 23.500000000000004 10.500000000000002 63.500000000000007 673.00000000000011 227.00000000000003 2.5000000000000004 65.000000000000014 108.50000000000001 136.50000000000003 11.500000000000002 6.5000000000000009 10.500000000000002 6.5000000000000009 19.500000000000004
decision_type=1 2 10 2 10 10 2 2 2 2 2 2 8 2 2 8 2 2 2 2 2 8 2 2 2 2 2 2 10 2
left_child=18 19 3 4 -3 -6 -5 8 9 10 11 15 16 -10 -11 -8 17 -12 -1 20 22 -22 23 24 25 26 29 28 -28 -2
right_child=1 2 -4 6 5 -7 7 -9 13 14 12 -13 -14 -15 -16 -17 -18 -19 -20 -21 21 -23 -24 -25 -26 -27 27 -29 -30 -31
leaf_value=-0.020751974550750941 -0.0012331769913918411 0.017177911932939306 -0.019009588645416971 -0.017038895299268251 -0.01820925948127616 0.012527630938982548 0.0048567711385555561 0.023387515708195264 -0.01015369541433273 0.0081807964571250103 0.014037078326007793 0.022780685727154387 -0.018905504377308847 0.011337023078221983 0.029287114504224551 -0.010950909821748586 -0.01415427105651852 -0.0032542725463029797 -0.0032227961884639489 0.014178331570347234 0.011436450817394122 -0.018833116670611907 -0.016202429020489694 0.0040827827533813426 0.019853556174426665 -0.0062529823249662404 -0.014878495537742276 0.017330829094265889 0.0144680598158771 0.019099722222091595
leaf_weight=15.398890323936937 335.45291381329298 54.180507197976112 15.24176451563835 12.265536099672316 11.521963432431223 12.052360840141771 160.77862613648176 11.084038853645323 46.761333033442497 31.227876327931881 17.524386987090111 24.207376778125763 19.288454376161098 10.897427737712858 11.030011758208273 14.912767499685286 11.806215375661848 26.690162420272827 29.433710843324661 13.645619906485079 9.4273006245493871 28.909903198480606 13.268031656742094 209.29819601029158 18.138777256011963 218.53281843662262 12.930564664304258 37.755477748811245 10.292641118168829 10.375731244683264
leaf_count=83 1709 363 100 69 50 53 827 66 240 147 79 108 99 64 54 79 52 129 164 96 58 183 75 1085 97 1141 61 193 57 50
internal_value=0.000740686 0.00106747 0.00342745 0.00418388 0.0112169 -0.00262471 0.00278687 0.00345889 0.00280943 0.00441733 0.00286304 0.005902 -0.00517512 -0.00596795 0.0142396 0.00346062 -0.000198975 0.00375801 -0.00785188 -0.000186701 -0.000418866 -0.0112882 7.47501e-05 0.000346681 -0.000872974 -0.00150491 0.00105478 0.010129 -0.00181162 -0.000569828
internal_weight=1454.33 1409.5 491.471 476.229 77.7548 23.5743 398.474 386.209 375.125 317.466 275.208 199.899 75.3092 57.6588 42.2579 175.691 56.0208 44.2145 44.8326 918.028 904.382 38.3372 866.045 852.777 643.479 625.34 406.807 60.9787 23.2232 345.829
internal_count=7631 7384 2579 2479 466 103 2013 1944 1878 1574 1373 1014 359 304 201 906 260 208 247 4805 4709 241 4468 4393 3308 3211 2070 311 118 1759
cat_boundaries=0 1
cat_threshold=1
is_linear=0
shrinkage=0.03


end of trees

feature_importances:
mean_score=367
mean_days_early=264
click_trend=202
clicks_prev_7d=188
date_registration=179
clicks_homepage=172
clicks_oucontent=168
clicks_subpage=168
code_module=163
clicks_last_7d=162
active_days=153
clicks_quiz=151
clicks_pre_start=142
clicks_other=135
days_since_last_active=118
clicks_forumng=110
clicks_total=108
clicks_url=91
num_of_prev_attempts=91
studied_credits=82
clicks_resource=79
n_missed=69
score_trend=45
n_due=9
n_late=4

parameters:
[boosting: gbdt]
[objective: binary]
[metric: auc,binary_logloss]
[tree_learner: serial]
[device_type: cpu]
[data_sample_strategy: bagging]
[data: ]
[valid: ]
[num_iterations: 1000]
[learning_rate: 0.03]
[num_leaves: 31]
[num_threads: 10]
[seed: 42]
[deterministic: 0]
[force_col_wise: 0]
[force_row_wise: 0]
[histogram_pool_size: -1]
[max_depth: -1]
[min_data_in_leaf: 50]
[min_sum_hessian_in_leaf: 0.001]
[bagging_fraction: 0.8]
[pos_bagging_fraction: 1]
[neg_bagging_fraction: 1]
[bagging_freq: 1]
[bagging_seed: 400]
[bagging_by_query: 0]
[feature_fraction: 0.8]
[feature_fraction_bynode: 1]
[feature_fraction_seed: 30056]
[extra_trees: 0]
[extra_seed: 12879]
[early_stopping_round: 0]
[early_stopping_min_delta: 0]
[first_metric_only: 0]
[max_delta_step: 0]
[lambda_l1: 0]
[lambda_l2: 1]
[linear_lambda: 0]
[min_gain_to_split: 0]
[drop_rate: 0.1]
[max_drop: 50]
[skip_drop: 0.5]
[xgboost_dart_mode: 0]
[uniform_drop: 0]
[drop_seed: 17869]
[top_rate: 0.2]
[other_rate: 0.1]
[min_data_per_group: 100]
[max_cat_threshold: 32]
[cat_l2: 10]
[cat_smooth: 10]
[max_cat_to_onehot: 4]
[top_k: 20]
[monotone_constraints: ]
[monotone_constraints_method: basic]
[monotone_penalty: 0]
[feature_contri: ]
[forcedsplits_filename: ]
[refit_decay_rate: 0.9]
[cegb_tradeoff: 1]
[cegb_penalty_split: 0]
[cegb_penalty_feature_lazy: ]
[cegb_penalty_feature_coupled: ]
[path_smooth: 0]
[interaction_constraints: ]
[verbosity: -1]
[saved_feature_importance_type: 0]
[use_quantized_grad: 0]
[num_grad_quant_bins: 4]
[quant_train_renew_leaf: 0]
[stochastic_rounding: 1]
[linear_tree: 0]
[max_bin: 255]
[max_bin_by_feature: ]
[min_data_in_bin: 3]
[bin_construct_sample_cnt: 200000]
[data_random_seed: 175]
[is_enable_sparse: 1]
[enable_bundle: 1]
[use_missing: 1]
[zero_as_missing: 0]
[feature_pre_filter: 1]
[pre_partition: 0]
[two_round: 0]
[header: 0]
[label_column: ]
[weight_column: ]
[group_column: ]
[ignore_column: ]
[categorical_feature: 26]
[forcedbins_filename: ]
[precise_float_parser: 0]
[parser_config_file: ]
[objective_seed: 16083]
[num_class: 1]
[is_unbalance: 0]
[scale_pos_weight: 1]
[sigmoid: 1]
[boost_from_average: 1]
[reg_sqrt: 0]
[alpha: 0.9]
[fair_c: 1]
[poisson_max_delta_step: 0.7]
[tweedie_variance_power: 1.5]
[lambdarank_truncation_level: 30]
[lambdarank_norm: 1]
[label_gain: ]
[lambdarank_position_bias_regularization: 0]
[eval_at: ]
[multi_error_top_k: 1]
[auc_mu_weights: ]
[num_machines: 1]
[local_listen_port: 12400]
[time_out: 120]
[machine_list_filename: ]
[machines: ]
[gpu_platform_id: -1]
[gpu_device_id: -1]
[gpu_device_id_list: ]
[gpu_use_dp: 0]
[num_gpu: 1]

end of parameters

pandas_categorical:[["AAA", "BBB", "DDD", "EEE", "FFF", "GGG"]]
