tree
version=v4
num_class=1
num_tree_per_iteration=1
label_index=0
max_feature_idx=26
objective=binary sigmoid:1
feature_names=clicks_total active_days clicks_pre_start clicks_last_7d clicks_prev_7d click_trend days_since_last_active never_active clicks_oucontent clicks_forumng clicks_homepage clicks_quiz clicks_resource clicks_subpage clicks_url clicks_other n_due n_submitted n_missed n_late mean_score score_trend mean_days_early date_registration num_of_prev_attempts studied_credits code_module
feature_infos=[0:6408] [0:52] [0:2809] [0:1598] [0:1709] [-6.2709884318582994:5.9610053396232736] [1:46] [0:1] [0:1667] [0:3450] [0:4223] [0:2398] [0:1806] [0:1012] [0:752] [0:802] [0:2] [0:4] [0:2] [0:2] [0:100] [-66:62] [-15:236] [-311:167] [0:6] [30:420] -1:5:1:3:6:4:2:0
tree_sizes=3394 3462 3448 3456 3482 3456 3435 3443 3432 3445 3442 3444 3452 3458 3459 3445 3448 3432 3448 3450 3454 3465 3459 3451 3454 3483 3462 3475 3484 3478 3471 3451 3452 3461 3442 3461 3465 3465 3489 3477 3464 3500 3473 3467 3459 3455 3475 3461 3511 3446 3454 3473 3501 3478 3481 3461 3469 3466 3471 3479 3446 3462 3465 3482 3469 3479 3471 3497 3459 3501 3484 3455 3472 3466 3481 3460 3472 3474 3473 3480 3474 3478 3478 3460 3493 3468 3465 3462 3471 3471 3478 3469 3476 3475 3472 3463 3469 3477 3469 3485 3457 3470 3475 3478 3494 3469 3509 3476 3462 3473 3454 3489 3486 3466 3484 3487 3485 3479 3488 3470 3463 3473 3481 3475 3478 3445 3475 3479 3474 3481 3442 3474 3485 3481 3463 3465 3451 3498 3490 3462 3489 3475 3469 3466 3477 3475 3480 3453 3490 3477 3446 3440 3463 3456 3456 3464 3460 3497 3458 3470 3451 3462 3444 3456 3469 3480 3460 3445 3478 3455 3480 3457 3474 3467 3457 3463 3458

Tree=0
num_leaves=31
num_cat=3
split_feature=18 20 1 20 26 0 26 22 6 0 22 22 6 20 6 20 20 6 20 22 22 15 0 20 1 3 11 5 26 15
split_gain=1215.63 593.132 239.078 149.303 69.5737 65.8865 59.3931 50.1625 43.5349 41.6179 35.5751 32.9294 30.5551 22.5715 22.2135 21.3846 20.5115 19.7298 18.8097 16.9345 16.2158 16.1353 15.9204 13.347 13.0747 12.6653 14.4945 12.0153 11.9556 11.3878
threshold=1.0000000180025095e-35 69.750000000000014 13.500000000000002 53.750000000000007 0 103.50000000000001 1 1.0000000180025095e-35 21.500000000000004 140.50000000000003 1.0000000180025095e-35 1.0000000180025095e-35 1.5000000000000002 84.416666666666671 2.5000000000000004 80.750000000000014 39.750000000000007 1.5000000000000002 86.166666666666671 1.7500000000000002 -2.4999999999999996 2.5000000000000004 344.50000000000006 72.750000000000014 2.5000000000000004 23.500000000000004 11.500000000000002 -0.93023247154921418 2 43.500000000000007
decision_type=2 8 2 10 1 2 1 8 8 2 8 8 10 10 8 10 10 10 8 10 10 2 2 8 2 2 2 2 1 2
left_child=1 3 4 16 5 18 9 13 10 19 20 -7 -8 28 -2 24 -1 -9 -3 -5 -6 22 -18 -19 -12 -13 -27 -11 -4 -14
right_child=14 2 7 6 8 11 12 17 -10 27 15 25 29 -15 -16 -17 21 23 -20 -21 -22 -23 -24 -25 -26 26 -28 -29 -30 -31
leaf_value=-0.13966246131561824 -0.15710512413885402 -0.18077181650922197 -0.18957814966698139 -0.17648131218153554 -0.16475200123682054 -0.16770117736037773 -0.18762904097190358 -0.22521673005336521 -0.17927239521598445 -0.19600791738564749 -0.1898960180205965 -0.18880157109676046 -0.16183283785027391 -0.21710380139116814 -0.13700326259730558 -0.22294569374078632 -0.16365383710172271 -0.19379070202126319 -0.1406353580271644 -0.20128027955179897 -0.19588326868915071 -0.14719729988060692 -0.19964747982844464 -0.21707996680992472 -0.20816249933354017 -0.18013043945802154 -0.21086056066986147 -0.21737512367116421 -0.20610040323972914 -0.19169383537074752
leaf_weight=65.893715053796768 67.87548092007637 15.854126930236815 80.509238317608833 83.977328583598137 15.854126930236815 44.342011258006096 82.738724917173386 455.06298704445362 67.38003945350647 37.653551459312439 40.378479525446892 94.877040848135948 125.34669104218483 89.179463982582092 294.78767260909081 83.481887117028236 78.775193184614182 24.028911128640175 34.433181926608086 34.185461193323135 140.4576557725668 52.516795456409454 12.386036664247511 315.84393493831158 268.52927488088608 16.597289130091667 67.38003945350647 65.150552853941917 67.38003945350647 12.633757397532461
leaf_count=266 274 64 325 339 64 179 334 1837 272 152 163 383 506 360 1190 337 318 97 139 138 567 212 50 1275 1084 67 272 263 272 51
internal_value=-0.192003 -0.199257 -0.207641 -0.174532 -0.196235 -0.183778 -0.18446 -0.217459 -0.201729 -0.195613 -0.204689 -0.190545 -0.173938 -0.205262 -0.14066 -0.2095 -0.153741 -0.221074 -0.152832 -0.183677 -0.192575 -0.160511 -0.168579 -0.215445 -0.205777 -0.196309 -0.204724 -0.209667 -0.197998 -0.164548
internal_weight=2935.49 2572.83 1921.57 651.258 889.565 273.484 441.686 1032 616.081 220.967 548.701 223.196 220.719 237.069 362.663 392.39 209.572 794.936 50.2873 118.163 156.312 143.678 91.1612 339.873 308.908 178.854 83.9773 102.804 147.889 137.98
internal_count=11850 10386 7757 2629 3591 1104 1783 4166 2487 892 2215 901 891 957 1464 1584 846 3209 203 477 631 580 368 1372 1247 722 339 415 597 557
cat_boundaries=0 1 2 3
cat_threshold=48 3 40
is_linear=0
shrinkage=1


Tree=1
num_leaves=31
num_cat=0
split_feature=18 20 1 20 13 22 20 22 9 15 20 3 9 22 3 1 25 5 5 15 25 25 1 15 15 15 1 3 11 15
split_gain=1110.72 595.626 254.078 144.084 59.9715 59.8902 49.6195 36.9263 26.4808 33.6075 23.0255 22.3758 19.7198 19.1801 16.4278 15.3079 25.7408 14.3618 13.8317 12.4291 12.0407 11.4025 11.317 10.5542 10.5431 10.4437 11.9014 10.1718 9.49162 9.33307
threshold=1.0000000180025095e-35 69.750000000000014 13.500000000000002 55.250000000000007 1.5000000000000002 1.0000000180025095e-35 84.416666666666671 1.0000000180025095e-35 5.5000000000000009 5.5000000000000009 39.750000000000007 23.500000000000004 54.500000000000007 -1.0000000180025095e-35 226.50000000000003 7.5000000000000009 52.500000000000007 -2.4061937933760205 -0.87616852753111141 2.5000000000000004 142.50000000000003 132.50000000000003 24.500000000000004 2.5000000000000004 1.5000000000000002 1.5000000000000002 28.500000000000004 3.5000000000000004 1.5000000000000002 1.0000000180025095e-35
decision_type=2 8 2 10 2 8 8 10 2 2 10 2 2 10 2 2 2 2 2 2 2 2 2 2 2 2 2 2 2 2
left_child=1 3 4 10 13 19 7 22 29 12 -1 -2 -10 15 -11 16 -3 -8 -14 -6 -19 25 24 -12 -4 -9 -27 28 -7 -5
right_child=11 2 6 8 5 27 17 21 9 14 23 -13 18 -15 -16 -17 -18 20 -20 -21 -22 -23 -24 -25 -26 26 -28 -29 -30 -31
leaf_value=0.051180089788198199 0.053141282332477696 0.011807431389448017 -0.013118463953817673 0.015565196069021056 0.00077774295425894237 -0.010581443608766726 -0.0099026926885159936 -0.035703721422663426 0.0045530741563799193 0.018128737901292855 0.023799595660326547 0.033567068925231161 0.00085686868570157473 -0.0105599676001731 -0.017054253824445462 -0.013133766854579882 0.042342792522216059 -0.03391505089943507 -0.02232616272468841 0.016093457856270879 -0.010852973560106978 -0.0025307163660669468 -0.01791880069103137 0.039721100459483467 0.0066114416425345221 -0.017888189554629962 -0.032499809771693977 -0.016058267971856346 0.0059520269800764957 0.039570468362225927
leaf_weight=66.923125997185707 285.62371182441711 87.002139642834663 37.354361221194267 45.633063390851021 130.06462104618549 154.64454272389412 26.681721374392509 72.12500473856926 112.79407979547977 127.49514335393906 108.19825477898121 73.093814551830292 36.660400480031967 25.488666415214539 12.385409742593763 12.623519539833067 34.517026871442795 493.43784187734127 61.573992729187012 74.393806502223015 22.474326476454735 20.995926424860954 49.516326487064362 64.620835185050964 65.889123409986496 173.65410344302654 74.073013141751289 319.57268083095551 38.403374567627907 22.339926615357399
leaf_count=269 1148 351 151 184 525 625 108 292 455 514 436 294 148 103 50 51 139 1998 249 300 91 85 200 260 266 703 300 1292 155 90
internal_value=-0.00011968 -0.00702399 -0.0154945 0.017564 -0.00360102 -0.00730417 -0.0255442 -0.0185939 0.0069161 0.00356491 0.0360623 0.0492572 -0.00399312 0.0129758 0.0149146 0.0174929 0.0207557 -0.0318211 -0.013753 0.00640169 -0.0329334 -0.0240768 -0.00628323 0.0299473 -0.00058437 -0.0254788 -0.0223703 -0.0127726 -0.00727869 0.0239141
internal_weight=2930.25 2571.54 1912.91 658.624 876.71 717.079 1036.2 493.608 418.882 350.909 239.742 358.718 211.028 159.631 139.881 134.143 121.519 542.594 98.2344 204.458 515.912 340.848 152.76 172.819 103.243 319.852 247.727 512.621 193.048 67.973
internal_count=11832 10390 7735 2655 3541 2897 4194 1997 1690 1416 965 1442 852 644 564 541 490 2197 397 825 2089 1380 617 696 417 1295 1003 2072 780 274
is_linear=0
shrinkage=0.03


Tree=2
num_leaves=31
num_cat=3
split_feature=18 20 1 20 26 26 20 0 6 6 22 1 22 6 22 20 8 22 20 14 5 11 8 26 1 13 20 20 9 11
split_gain=1043.68 529.94 253.648 148.652 70.8135 68.179 54.385 54.1094 42.0392 37.7267 37.3909 31.3269 28.9526 24.1009 22.7554 21.7288 17.5099 14.7778 13.9598 13.1247 12.979 12.3413 12.2177 11.4227 11.4094 11.3893 11.1523 10.0974 9.95102 9.52233
threshold=1.0000000180025095e-35 69.750000000000014 13.500000000000002 49.250000000000007 0 1 84.416666666666671 105.50000000000001 13.500000000000002 1.5000000000000002 1.0000000180025095e-35 13.500000000000002 1.0000000180025095e-35 2.5000000000000004 1.0000000180025095e-35 82.125000000000014 63.500000000000007 1.7500000000000002 80.250000000000014 7.5000000000000009 -4.0371688470447564 2.5000000000000004 8.5000000000000018 2 12.500000000000002 55.500000000000007 78.583333333333357 29.500000000000004 8.5000000000000018 6.5000000000000009
decision_type=2 8 2 10 1 1 8 2 8 10 10 2 8 8 8 8 2 10 10 2 2 2 2 1 2 2 10 10 2 2
left_child=1 3 5 27 11 7 10 15 12 -6 23 17 26 24 -9 -3 -16 22 -14 -8 -18 -12 -5 25 -2 -4 -7 -1 -10 -22
right_child=13 2 6 4 9 8 19 14 28 -11 21 -13 18 -15 16 -17 20 -19 -20 -21 29 -23 -24 -25 -26 -27 -28 -29 -30 -31
leaf_value=0.05768868690903213 0.040281059840675246 0.0043017637541902789 0.015928756178584653 0.013752198467357526 0.0053127241724718801 0.0070274809602932252 -0.024424145904519259 0.021628317031690544 0.011081466613380709 0.028563746016232929 -0.028172876550591548 -0.01871151219415311 -0.013642164639038596 0.050580279606877956 0.0087879083766671442 0.04644101015580631 0.017291454647414932 -0.010587288560861354 -0.027954255210143223 -0.034552963748067232 0.0087486093263471846 -0.016616288197924878 -0.013278506455903321 -0.013022174564246711 0.015321265027915084 -0.0060195499033765029 -0.009248804822511815 0.037770781121774157 -0.010508971333453077 -0.018410085885206644
leaf_weight=34.931584298610687 42.859907403588295 15.11986595392227 34.941863238811493 100.23548327386379 101.76418708264828 73.096008822321892 190.72218072414398 45.481159195303917 102.39190870523453 165.37582017481327 182.48628051578999 78.858162105083466 260.39344491064548 303.93692830204964 76.493728429079056 41.823778450489044 12.640338018536566 43.084348633885384 81.596765741705894 354.2673524171114 13.120636582374571 164.56261977553368 16.856494352221489 68.434477016329765 29.394380986690521 51.263738930225372 76.559012651443481 115.83434982597828 22.759850546717644 74.368257597088814
leaf_count=140 172 61 141 404 410 295 775 183 413 665 741 319 1054 1218 309 168 51 174 331 1440 53 668 68 277 118 207 309 465 92 301
internal_value=0.000174726 -0.00658963 -0.0144656 0.0166856 0.00885765 -0.00274203 -0.0244875 0.00936501 -0.00824388 0.0190489 -0.0173007 -0.00322315 -0.0123243 0.0468097 0.00295009 0.0355194 -0.00195431 0.00427091 -0.0171285 -0.0310596 -0.0101666 -0.0227565 0.00978138 -0.0049891 0.0304747 0.00265319 -0.0013051 0.0427354 0.00710289 -0.0142843
internal_weight=2975.65 2599.46 1942.52 656.94 506.174 895.845 1046.68 279.048 616.797 267.14 501.689 239.034 491.645 376.191 222.104 56.9436 176.623 160.176 341.99 544.99 100.129 347.049 117.092 154.64 72.2543 86.2056 149.655 150.766 125.152 87.4889
internal_count=12022 10514 7869 2645 2040 3620 4249 1126 2494 1075 2034 965 1989 1508 897 229 714 646 1385 2215 405 1409 472 625 290 348 604 605 505 354
cat_boundaries=0 1 2 3
cat_threshold=3 48 40
is_linear=0
shrinkage=0.03


Tree=3
num_leaves=31
num_cat=3
split_feature=18 20 1 20 26 20 11 26 26 0 22 22 8 1 20 8 20 20 3 3 23 22 23 24 9 20 2 24 4 20
split_gain=1018.67 552.618 217.167 98.6961 64.2243 63.0091 49.7063 33.9938 32.537 30.0385 30.7068 28.7011 25.28 19.4374 19.328 18.8448 17.9942 17.2607 15.6913 14.6617 13.8022 13.3331 11.9334 11.7034 11.1392 10.6095 10.45 10.1654 9.9805 9.32652
threshold=1.0000000180025095e-35 66.750000000000014 13.500000000000002 54.750000000000007 0 82.583333333333357 55.500000000000007 1 2 24.500000000000004 0.75000000000000011 -1.0000000180025095e-35 2.5000000000000004 12.500000000000002 73.166666666666671 62.500000000000007 74.833333333333357 45.250000000000007 1.5000000000000002 9.5000000000000018 -28.499999999999996 1.2500000000000002 -58.499999999999993 1.0000000180025095e-35 63.500000000000007 83.583333333333357 81.500000000000014 1.0000000180025095e-35 27.500000000000004 61.750000000000007
decision_type=2 8 2 10 1 8 2 1 1 2 8 10 2 2 10 2 10 10 2 2 10 8 10 2 2 8 2 2 2 10
left_child=1 3 4 17 6 8 11 12 -4 -6 16 -3 22 -9 23 -8 -11 -1 -12 -2 -16 27 29 -10 -24 -17 -14 -7 -21 -5
right_child=19 2 5 7 9 21 15 13 14 10 18 -13 26 -15 20 25 -18 -19 -20 28 -22 -23 24 -25 -26 -27 -28 -29 -30 -31
leaf_value=0.042648354017869046 0.050575668049536657 0.040205789882657071 -0.02648046546017415 0.010137529557201319 0.0040072467645373734 -0.025703293716639635 0.0095190185108368526 0.033861665843112274 -0.0025207787857626555 0.0099347626858419281 -0.0075583882429853524 0.011435574485367556 -0.008903693220387485 0.011642169465841391 -0.018061310296478655 0.0086798599900151808 -0.0094851156148810199 0.025668536400267603 -0.02102641704779111 0.043850052779321608 0.00016614506972819848 -0.033293092458921036 0.024811456438357093 0.026970582759996795 -0.0033257049742103071 -0.018244872415600903 -0.03756748614271728 -0.0030158543610191734 0.024541488549504442 -0.014911314896912532
leaf_weight=118.60239027440548 253.41760960221291 44.862934336066246 152.64279939234257 24.281575888395309 131.61398413777351 192.55443589389324 51.823742493987083 54.040970265865326 94.394762396812439 71.202460587024689 114.54002623260021 101.74766591191292 41.779884845018387 104.65781436860561 176.75927267968655 15.570003643631933 105.00524017214775 111.63166412711143 253.04262809455395 70.421395912766457 47.324250400066376 383.97895833849907 41.205742001533508 12.873936697840689 17.781949996948242 69.354769706726074 15.288243442773817 19.885993480682373 44.174204334616661 27.484398052096367
leaf_count=475 1014 180 621 98 531 785 209 217 382 287 464 410 169 421 718 63 424 448 1027 282 192 1567 166 52 72 281 62 81 177 111
internal_value=-0.000279889 -0.00690725 -0.0141394 0.0195593 -0.00374016 -0.0233558 0.00809207 0.00890733 -0.0152623 -0.00869989 -0.0119368 0.020452 -0.000987194 0.0182315 -0.00896392 -0.00462407 -0.0016261 0.0345621 -0.0168616 0.046361 -0.0142282 -0.0298871 0.00730424 0.00123507 0.0164154 -0.013265 -0.0170973 -0.0236037 0.0366837 -0.00319234
internal_weight=2963.95 2595.93 2039.18 556.755 958.763 1080.41 283.359 326.521 483.995 675.404 543.79 146.611 167.822 158.699 331.352 136.749 176.208 230.234 367.583 368.013 224.084 596.419 110.754 107.269 58.9877 84.9248 57.0681 212.44 114.596 51.766
internal_count=11986 10513 8274 2239 3876 4398 1143 1316 1965 2733 2202 590 678 638 1344 553 711 923 1491 1473 910 2433 447 434 238 344 231 866 459 209
cat_boundaries=0 1 2 3
cat_threshold=48 3 3
is_linear=0
shrinkage=0.03


Tree=4
num_leaves=31
num_cat=3
split_feature=18 20 1 20 26 11 20 26 20 22 22 3 20 24 3 5 26 1 15 23 25 12 20 14 12 14 2 15 22 15
split_gain=915.762 491.058 239.096 94.4106 65.8551 50.9299 45.853 44.5005 36.3208 34.6868 33.5115 39.7822 26.8256 24.4207 20.6944 16.7165 13.7443 13.7065 13.5539 13.4962 12.6443 12.4416 11.4845 10.8675 10.3617 12.8018 9.66164 9.58454 12.6814 9.50185
threshold=1.0000000180025095e-35 58.750000000000007 13.500000000000002 74.833333333333357 0 51.500000000000007 75.583333333333357 1 48.250000000000007 1.0000000180025095e-35 1.0000000180025095e-35 1.0000000180025095e-35 71.750000000000014 1.0000000180025095e-35 12.500000000000002 -2.3374735318936248 2 22.500000000000004 3.5000000000000004 -25.499999999999996 147.50000000000003 6.5000000000000009 85.416666666666671 1.0000000180025095e-35 1.0000000180025095e-35 2.5000000000000004 60.500000000000007 1.0000000180025095e-35 -1.2499999999999998 16.500000000000004
decision_type=2 8 2 8 1 2 10 1 10 8 8 2 10 2 2 2 1 2 2 10 2 2 10 2 2 2 2 2 10 2
left_child=1 8 4 7 5 12 10 -4 -1 16 27 19 -3 21 -2 -7 -5 -11 26 24 -19 -8 -18 -13 -12 -26 -10 28 -6 -16
right_child=14 2 3 9 6 15 13 -9 18 17 11 23 -14 -15 29 -17 22 20 -20 -21 -22 -23 -24 -25 25 -27 -28 -29 -30 -31
leaf_value=0.041255552125191594 0.048760302193408891 0.037565544249114555 -0.020743446357323749 0.00050908098797945516 0.019064935606325498 0.011904351307371525 -0.012329432226602729 0.0021507679089585695 0.016711926613937805 -0.023600937223957265 0.013460156197970821 -0.020557269112987477 0.012915860138603581 0.0086817186520162116 0.03680826592346962 -0.0098997357632192324 -0.011841014162278861 -0.033556586801998571 0.031676883172728758 0.017260888781752078 -0.0045604234844005631 -0.027097042507593701 -0.029478555096683422 -0.0066649939336926632 -0.010561208631107669 0.018713715608057912 -0.010890894002737059 0.022671733415190989 -0.0026469823408976157 0.013324827753078276
leaf_weight=141.43622180819511 268.47970724105835 64.362339943647385 106.78305275738239 55.580410987138748 40.523157313466072 48.107039913535118 108.62893196940422 217.85572275519371 87.860253602266312 330.58464713394642 35.016601204872131 105.38893747329712 105.85972516238689 31.066155984997749 86.213715106248856 88.074112728238106 81.32419690489769 335.54437886178493 57.328383892774582 57.20814847946167 14.456756040453909 101.95435504615307 58.155848011374474 99.468150809407234 76.168124705553055 15.331318020820616 12.394551783800123 48.958947330713272 57.571251958608627 20.729847684502602
leaf_count=566 1074 258 435 226 163 194 441 880 353 1353 141 428 426 126 345 357 330 1375 230 231 59 414 238 403 308 62 50 197 232 83
internal_value=0.000488451 -0.00588009 -0.010616 -0.0198331 -0.000398256 0.0111478 -0.00503666 -0.00599133 0.0302084 -0.0249522 -0.000199924 -0.00481682 0.0224011 -0.0159202 0.0442046 -0.00216664 -0.0136934 -0.0281542 0.0200955 0.00530599 -0.0323753 -0.0195735 -0.0180664 -0.013877 -0.00019276 -0.00550673 0.0132255 0.0119501 0.00642417 0.0324219
internal_weight=2958.41 2582.99 2283.97 1200.29 1083.69 306.403 777.284 324.639 299.019 875.646 535.635 388.581 170.222 241.649 375.423 136.181 195.06 680.586 157.583 183.724 350.001 210.583 139.48 204.857 126.516 91.4994 100.255 147.053 98.0944 106.944
internal_count=11978 10476 9277 4896 4381 1235 3146 1315 1199 3581 2165 1573 684 981 1502 551 794 2787 633 742 1434 855 568 831 511 370 403 592 395 428
cat_boundaries=0 1 2 3
cat_threshold=48 3 32
is_linear=0
shrinkage=0.03


Tree=5
num_leaves=31
num_cat=3
split_feature=18 20 1 20 26 22 26 10 0 6 20 6 20 1 22 11 15 24 26 1 22 6 25 22 20 10 20 22 2 15
split_gain=872.417 447.659 193.889 116.472 76.501 56.2937 46.3906 29.9156 27.1942 25.9748 23.8085 21.371 21.362 18.3367 16.9801 16.4593 16.3098 14.7108 12.3577 11.3231 10.985 10.5753 10.2027 9.8467 9.82541 9.50215 9.19401 11.571 10.7233 9.08929
threshold=1.0000000180025095e-35 68.750000000000014 10.500000000000002 49.250000000000007 0 1.0000000180025095e-35 1 6.5000000000000009 140.50000000000003 2.5000000000000004 78.166666666666671 22.500000000000004 86.833333333333357 30.500000000000004 1.0000000180025095e-35 46.500000000000007 12.500000000000002 1.0000000180025095e-35 2 14.500000000000002 22.500000000000004 6.5000000000000009 147.50000000000003 1.7500000000000002 82.583333333333357 35.500000000000007 61.750000000000007 0.75000000000000011 81.500000000000014 50.500000000000007
decision_type=2 8 2 10 1 8 1 2 2 10 8 8 10 2 8 2 2 2 1 2 10 10 2 10 10 2 10 10 2 2
left_child=1 3 4 -1 7 12 8 -3 23 29 20 14 18 22 17 -9 -2 -6 -4 -20 -7 24 -12 -5 25 -16 28 -28 -10 -8
right_child=16 2 5 6 11 10 9 15 26 -11 13 -13 -14 -15 21 -17 -18 -19 19 -21 -22 -23 -24 -25 -26 -27 27 -29 -30 -31
leaf_value=0.038455474728869322 0.045202598776840582 0.047681109737736101 0.0021981190288318129 0.012562520404212452 -0.0037269411174408115 -0.018070769192179047 0.012485508074993257 0.020356621294440849 0.0073051151797798057 0.02886730032462085 -0.025196589884905179 0.0094577547805190093 -0.022186756286334076 -0.036463898549558726 -0.0177681518458957 0.0015130325271766145 0.021132188700299422 0.027014099670426905 0.0018605178017739869 -0.019332307474345133 0.0017467931701984428 -0.0066406974451466679 -0.0061063252132175245 -0.0057988759896568359 -0.033551113837676151 0.0026370172671579873 -0.0038759578908191422 -0.0308498438771952 -0.023611495962276227 -0.0077407778297821986
leaf_weight=150.2012659907341 332.4671315997839 22.476103201508522 122.68672277033329 94.041976258158684 96.041850075125694 205.88835154473782 123.28529627621174 86.406476333737373 30.906194344162941 104.82750144600868 546.4371210038662 61.401038020849228 83.526333063840866 145.05899740755558 124.01765386760235 80.142251506447792 30.230850234627724 15.374774187803267 33.103922143578529 70.006501287221909 28.470246985554695 139.66225393116474 27.195143833756447 35.65296895802021 29.090707197785378 24.291734635829926 23.633540272712708 36.588410556316376 13.785409957170485 23.126017585396767
leaf_count=601 1331 90 496 378 388 841 495 347 125 420 2243 247 342 598 505 324 121 62 134 285 116 566 111 144 119 99 96 149 56 93
internal_value=-0.000237055 -0.00637264 -0.0135282 0.0154538 -0.000597169 -0.0204765 0.00827833 0.0151053 -0.0015866 0.0168547 -0.0240855 -0.00684287 -0.00931536 -0.0268054 -0.00935466 0.0113523 0.04326 0.000717692 -0.00447717 -0.0114737 -0.0156661 -0.0128852 -0.0243037 0.00750925 -0.0177366 -0.0144307 -0.0129455 -0.0205004 -0.00253936 0.00925988
internal_weight=2940.02 2577.33 1941.28 636.049 678.905 1262.37 485.847 189.025 234.609 251.239 953.05 489.88 309.323 718.691 428.479 166.549 362.698 111.417 225.797 103.11 234.359 317.062 573.632 129.695 177.4 148.309 104.914 60.222 44.6916 146.411
internal_count=11922 10470 7913 2557 2747 5166 1956 761 948 1008 3909 1986 1257 2952 1739 671 1452 450 915 419 957 1289 2354 522 723 604 426 245 181 588
cat_boundaries=0 1 2 3
cat_threshold=48 3 40
is_linear=0
shrinkage=0.03


Tree=6
num_leaves=31
num_cat=0
split_feature=20 16 20 13 1 20 20 9 15 1 3 8 1 25 10 6 15 1 15 19 20 12 1 8 5 4 25 5 11 11
split_gain=665.092 347.639 368.939 99.1447 87.9803 35.1506 28.0282 25.1396 31.9418 23.6733 21.8969 20.3179 20.1555 20.4899 17.3274 14.9597 14.7691 13.7356 13.5022 12.5985 11.6495 12.8321 12.3556 10.5864 10.3753 10.0367 9.73238 9.59096 10.6706 9.5455
threshold=70.750000000000014 1.0000000180025095e-35 49.250000000000007 1.5000000000000002 13.500000000000002 86.833333333333357 55.250000000000007 4.5000000000000009 3.5000000000000004 10.500000000000002 246.50000000000003 25.500000000000004 7.5000000000000009 52.500000000000007 60.500000000000007 2.5000000000000004 5.5000000000000009 7.5000000000000009 16.500000000000004 1.0000000180025095e-35 80.750000000000014 5.5000000000000009 7.5000000000000009 26.500000000000004 -2.1965466111306506 15.500000000000002 147.50000000000003 -0.87616852753111141 66.500000000000014 99.500000000000014
decision_type=10 2 10 2 2 10 10 2 2 2 2 2 2 2 2 8 2 2 2 2 10 2 2 2 2 2 2 2 2 2
left_child=1 3 15 12 11 16 -4 -8 14 29 25 17 13 -1 27 -3 26 19 23 -2 21 -13 -22 -18 -11 -10 -6 28 -9 -5
right_child=4 2 6 9 5 -7 7 8 10 24 -12 20 -14 -15 -16 -17 18 -19 -20 -21 22 -23 -24 -25 -26 -27 -28 -29 -30 -31
leaf_value=0.009967434626682696 -0.007359156819831794 0.031487486208851119 0.021112933757825504 -0.011247304112835791 -0.026303128268076917 -0.029671537405196242 0.019043143549105052 0.0014877230336509523 0.031817249953112817 -0.0045199178054634069 -0.022737814111905875 -0.010393489572551059 -0.01414155431908494 0.037864206845847181 -0.01837172279545838 0.044022875683019984 -0.023231178929742174 -0.016159197318581914 -0.017250583645649433 0.016545261060388512 0.015448608473645866 0.018297338340460604 -0.010277980261542899 0.0003467869076121788 -0.027780998682206806 0.010267099783943853 0.0013440376051288697 -0.0077306450068376584 0.030666726325421341 0.014735352742721405
leaf_weight=90.619282677769661 119.20723442733288 128.64415937662125 94.062564253807068 179.74815548956394 159.3897929340601 323.67926639318466 77.158565357327461 71.373985841870308 21.906075417995453 20.065783113241196 15.819887846708296 17.803193956613541 20.558939501643181 31.672116845846176 74.626396641135216 373.35510562360287 20.495825931429863 165.75562632083893 257.29015545547009 22.795332998037338 20.845398023724556 56.767634272575378 72.315584599971771 84.414007067680359 144.73522870242596 146.44260489940643 12.239137664437292 94.771675735712051 12.423147618770598 12.841589406132696
leaf_count=365 484 515 377 730 655 1339 310 288 88 82 64 72 84 127 304 1497 84 675 1055 92 84 229 293 345 597 589 50 383 50 52
internal_value=-0.000448265 0.01252 0.0218675 -0.0082344 -0.0161171 -0.021852 0.00614378 0.00337154 0.000569667 -0.0166658 0.0100458 -0.00575049 0.0128289 0.0174409 -0.00633548 0.0408795 -0.0170641 -0.0103173 -0.0135611 -0.00343297 0.00264033 0.0114007 -0.00441855 -0.0044354 -0.0249931 0.0132426 -0.0243352 -0.00123106 0.00612422 -0.00944765
internal_weight=2943.82 1610.83 1110.58 500.241 1333 857.508 608.585 514.522 437.364 357.391 184.169 475.49 142.85 122.291 253.195 501.999 533.829 307.758 362.2 142.003 167.732 74.5708 93.161 104.91 164.801 168.349 171.629 178.569 83.7971 192.59
internal_count=11959 6502 4465 2037 5457 3528 2453 2076 1766 1461 741 1929 576 492 1025 2012 2189 1251 1484 576 678 301 377 429 679 677 705 721 338 782
is_linear=0
shrinkage=0.03


Tree=7
num_leaves=31
num_cat=3
split_feature=18 20 1 20 26 8 26 22 0 22 0 3 1 20 20 26 3 20 20 22 2 20 24 10 25 20 5 2 11 3
split_gain=813.632 442.11 172.834 104.965 58.2012 44.364 40.2771 39.1596 27.5849 26.42 25.4181 24.5807 20.6979 20.2948 15.732 17.1802 15.226 14.5394 14.2943 12.6277 11.4554 11.0341 10.7139 9.85973 9.84593 9.53523 8.92465 8.61665 8.50466 9.59428
threshold=1.0000000180025095e-35 68.750000000000014 13.500000000000002 54.750000000000007 0 85.500000000000014 1 1.2500000000000002 20.500000000000004 1.0000000180025095e-35 42.500000000000007 14.500000000000002 13.500000000000002 39.750000000000007 84.416666666666671 2 12.500000000000002 83.583333333333357 71.750000000000014 -2.4999999999999996 1.0000000180025095e-35 75.166666666666671 1.0000000180025095e-35 59.500000000000007 82.500000000000014 80.250000000000014 0.27311985439885494 16.500000000000004 52.500000000000007 31.500000000000004
decision_type=2 8 2 10 1 2 1 8 2 8 2 2 2 10 10 1 2 8 8 10 2 10 2 2 2 10 2 2 2 2
left_child=1 3 4 13 5 10 11 14 -6 19 -3 27 -8 -1 15 21 -2 -7 -9 -10 -13 -4 -16 -18 -20 -11 -23 -5 -12 -30
right_child=16 2 7 6 8 17 12 18 9 25 28 20 -14 -15 22 -17 23 -19 24 -21 -22 26 -24 -25 -26 -27 -28 -29 29 -31
leaf_value=0.045166444197237296 0.044929919761771443 0.045081795276097035 0.0050129451424061619 0.012057207980699149 0.0049175496395606477 0.010045893254303403 0.027632956357180518 -0.0052686342158130822 0.023173606426180274 -0.0136049212295142 0.017285005278428953 0.0052283186028595696 0.0079302578955908042 0.025374828525007484 -0.02451009933440821 -0.021464513326894072 0.036285946459554547 -0.018096816804604253 -0.030761911735308654 -0.0044372294601051588 -0.020373458373018384 -0.016354023394240694 0.0011670434400895015 0.014681743607515247 -0.021733573475354213 -0.025426346638331643 7.3788800035734091e-05 -0.0057501657707341889 0.010344412295713227 -0.013318070942473809
leaf_weight=69.496821790933609 269.19723503291607 22.200209870934486 66.282445922493935 70.826094642281532 105.70473912358284 21.823508694767952 80.181674525141716 26.485147386789322 15.653879374265669 282.95960886776447 96.899250775575638 19.516428291797638 120.31149935722351 161.34336793422699 157.92307524383068 78.178593695163727 75.32584847509861 60.728305414319038 385.92665360867977 141.46122062206268 73.109645262360573 76.605888575315475 16.009740278124809 27.977405056357384 169.5006457567215 80.461594358086586 48.263519018888474 36.34251581132412 54.283599764108658 20.436697736382484
leaf_count=279 1083 89 269 285 426 88 321 108 63 1154 389 79 483 646 655 322 302 247 1602 572 298 313 66 112 702 331 197 147 219 83
internal_value=-0.00030611 -0.00634106 -0.0134748 0.015436 -0.00389472 0.00743523 0.00611535 -0.0218976 -0.00887576 -0.011851 0.0155245 -0.00356416 0.0151557 0.0315024 -0.0151212 -0.0105146 0.0410573 -0.0106258 -0.0270246 -0.00155711 -0.0149809 -0.00459185 -0.0221535 0.0306318 -0.0280507 -0.0162848 -0.0100543 0.00602112 0.011462 0.00378209
internal_weight=2931.42 2558.92 1927.79 631.128 902.613 276.372 400.288 1025.18 626.241 520.536 193.82 199.795 200.493 230.84 443.263 269.33 372.5 82.5518 581.912 157.115 92.6261 191.152 173.933 103.303 555.427 363.421 124.869 107.169 171.62 74.7203
internal_count=11930 10433 7895 2538 3661 1115 1613 4234 2546 2120 780 809 804 925 1822 1101 1497 335 2412 635 377 779 721 414 2304 1485 510 432 691 302
cat_boundaries=0 1 2 3
cat_threshold=48 3 44
is_linear=0
shrinkage=0.03


Tree=8
num_leaves=31
num_cat=5
split_feature=18 22 1 1 1 26 13 15 26 26 26 8 4 26 9 25 4 5 11 25 5 23 1 24 22 24 1 4 2 4
split_gain=716.623 239.674 124.565 72.1102 35.9835 34.6288 33.7215 25.0903 24.1647 17.3785 17.1746 22.7466 14.8945 14.4097 13.4789 13.1511 12.9586 16.9294 10.8836 10.4781 9.87444 9.70974 9.10678 8.45017 7.9611 7.92581 7.85623 7.63075 8.38934 7.02005
threshold=1.0000000180025095e-35 1.0000000180025095e-35 10.500000000000002 13.500000000000002 22.500000000000004 0 1.5000000000000002 15.500000000000002 1 2 3 3.5000000000000004 16.500000000000004 4 4.5000000000000009 132.50000000000003 27.500000000000004 -0.93023247154921418 1.0000000180025095e-35 42.500000000000007 0.16705408466316632 -71.499999999999986 18.500000000000004 1.0000000180025095e-35 -2.4999999999999996 1.0000000180025095e-35 6.5000000000000009 2.5000000000000004 23.500000000000004 15.500000000000002
decision_type=2 8 2 2 2 1 2 2 1 1 1 2 2 1 2 2 2 2 2 2 2 10 2 2 10 2 2 2 2 2
left_child=1 3 6 10 5 7 13 -4 12 29 19 20 -5 -3 -15 23 25 -18 -10 -1 24 -14 -20 -6 -12 -2 -21 -7 -29 -8
right_child=16 2 4 8 15 27 9 -9 18 -11 11 -13 21 14 -16 -17 17 -19 22 26 -22 -23 -24 -25 -26 -27 -28 28 -30 -31
leaf_value=0.0026335776911580407 0.045524768541601382 0.0031651029929328908 0.0035294068698942956 0.027369917203388355 -0.027117072447555554 0.0017619468995121021 0.013064730941715392 -0.013618676341541167 -0.020419922510731603 -0.0094724644594480125 0.035064240784594206 -0.011876232551574025 0.011458125621824935 0.039099237638300977 0.0038197113351894196 -0.0031673761158833398 0.039854883800837231 0.0093202830579523915 0.0058487120051535432 0.032849435034024842 -0.0010512440507881675 -0.0028197296320888179 -0.011310902529015785 -0.01027802565641581 0.013567977804552954 0.033930851426844273 0.019873452102721515 -0.015351080546772157 -0.025523510866871168 -0.0011211070630375241
leaf_weight=24.830470442771912 200.03693614900112 119.5848210901022 139.73154270648956 22.979530364274979 399.08398322761059 12.875989273190497 42.869869515299797 168.58611100912094 61.581798821687698 316.23162169754505 18.943243011832237 41.381995260715485 65.279800206422806 29.610156834125519 14.643353715538977 24.396833866834641 36.736180886626244 30.201252594590187 43.938320234417915 59.281819358468056 32.758503898978233 120.54874697327614 72.68548521399498 30.48730206489563 84.855835661292076 97.382734194397926 179.37464967370033 125.38294583559036 199.25948393344879 109.93784007430077
leaf_count=100 807 482 571 93 1660 53 173 694 253 1289 76 167 265 119 59 100 148 121 179 238 132 490 297 126 342 393 721 517 825 444
internal_value=-0.000207111 -0.00581208 -0.0121556 0.00745414 -0.018253 -0.0136663 -0.00154764 -0.00567723 -0.00199866 -0.00563977 0.0157275 0.00701472 0.00488165 0.0101305 0.0227422 -0.024734 0.0390991 0.0264181 -0.00976997 0.0205216 0.013294 0.00223043 -0.00485121 -0.0259486 0.0177882 0.041855 0.0232203 -0.0201625 -0.0216539 0.00273964
internal_weight=2925.48 2561.12 1732.68 828.44 1099.8 645.836 632.878 308.318 387.014 469.039 441.427 177.94 208.808 163.838 44.2535 453.968 364.357 66.9374 178.206 263.487 136.558 185.829 116.624 429.571 103.799 297.42 238.656 337.518 324.642 152.808
internal_count=11934 10465 7112 3353 4546 2660 2566 1265 1577 1906 1776 717 848 660 178 1886 1469 269 729 1059 550 755 476 1786 418 1200 959 1395 1342 617
cat_boundaries=0 1 2 3 4 5
cat_threshold=40 40 56 44 66
is_linear=0
shrinkage=0.03


Tree=9
num_leaves=31
num_cat=4
split_feature=18 20 10 20 20 26 11 26 22 26 22 3 20 6 20 8 3 22 20 6 10 26 15 3 0 20 12 10 14 0
split_gain=679.054 384.166 119.469 79.8526 47.1505 42.0375 53.0369 33.9777 29.1386 28.5114 28.4006 25.2599 21.4309 26.7055 17.6151 17.5833 16.9977 15.2281 13.1317 12.6887 12.3102 11.7157 16.732 11.6837 11.1509 10.2988 10.2983 10.2092 9.85337 9.48206
threshold=1.0000000180025095e-35 66.750000000000014 57.500000000000007 48.250000000000007 82.125000000000014 0 46.500000000000007 1 1.0000000180025095e-35 2 -1.0000000180025095e-35 14.500000000000002 74.166666666666671 12.500000000000002 73.166666666666671 62.500000000000007 37.500000000000007 1.7500000000000002 79.583333333333357 4.5000000000000009 137.50000000000003 3 12.500000000000002 168.50000000000003 366.50000000000006 61.750000000000007 6.5000000000000009 55.500000000000007 2.5000000000000004 90.500000000000014
decision_type=2 8 2 10 8 1 2 1 10 1 10 2 8 8 10 2 2 10 10 10 2 1 2 2 2 10 2 2 2 2
left_child=1 3 5 -1 9 6 10 11 12 -4 -3 17 -7 26 24 -8 -2 29 -10 -16 21 22 -6 -9 -11 -13 -14 -18 -17 -5
right_child=16 2 4 7 20 8 15 23 18 14 -12 25 13 -15 19 28 27 -19 -20 -21 -22 -23 -24 -25 -26 -27 -28 -29 -30 -31
leaf_value=0.03639384700568251 0.041456399509225243 0.036267201560778131 -0.022564032589786013 0.024380057544942463 0.0032853608870130825 0.0095342701842776618 0.0053688263430315825 0.023958666045963611 -0.010433959712892562 0.020914673565963878 0.0086441500625662922 -0.0010131132682808183 -0.0051226262980516796 0.0053463539588068905 -0.012998503785534301 -0.0018901416651169905 0.033097667113716922 -0.0090304129192365582 -0.024090090186314382 0.015239267211614884 -0.030944917922914313 -0.02590886706980872 -0.019243339034083148 -0.0010192086840963201 -0.0015508588809041561 -0.020280306186595043 -0.017098353200222134 0.0062871551082601769 -0.022106167472940089 0.0065028631597521163
leaf_weight=140.54333588480949 305.74095304310322 47.75735904276371 131.48751237988472 55.879931941628456 44.016080677509308 87.39390555024147 59.3561190366745 149.26179805397987 152.49320647120476 26.486743196845055 110.06583893299103 62.305865988135338 113.42692542076111 112.5518264323473 183.05848495662212 33.025900706648827 31.570065572857857 26.976323634386063 111.10090312361717 14.702662274241446 195.68102136254311 212.71085716784 88.414053693413734 18.893841251730919 71.459817156195641 40.791259184479713 152.91107170283794 21.966966897249222 63.405383244156837 52.182779550552368
leaf_count=565 1239 192 546 224 182 352 240 598 624 107 444 252 461 454 754 135 127 109 460 60 823 889 369 76 290 167 626 88 261 210
internal_value=0.000127316 -0.00530104 -0.0113622 0.0169748 -0.0189479 -0.00431375 0.00481911 0.0101845 -0.00819298 -0.0114569 0.0171786 0.00228093 -0.00378342 -0.00687227 -0.00551237 -0.00742425 0.0386889 0.0108788 -0.0162591 -0.010833 -0.0248331 -0.0212885 -0.0109651 0.0199815 0.00467425 -0.00875793 -0.0120364 0.0224139 -0.015273 0.0158861
internal_weight=2917.62 2558.34 2011.51 546.835 968.017 1043.49 313.611 406.292 729.878 427.195 157.823 238.136 466.284 378.89 295.708 155.787 359.278 135.039 263.594 197.761 540.822 345.141 132.43 168.156 97.9466 103.097 266.338 53.537 96.4313 108.063
internal_count=11924 10470 8269 2201 4020 4249 1272 1636 2977 1757 636 962 1893 1541 1211 636 1454 543 1084 814 2263 1440 551 674 397 419 1087 215 396 434
cat_boundaries=0 1 2 3 4
cat_threshold=48 7 3 33
is_linear=0
shrinkage=0.03


Tree=10
num_leaves=31
num_cat=4
split_feature=20 26 20 1 22 13 22 1 26 1 26 20 20 5 0 6 13 22 24 26 24 6 11 13 25 6 1 25 6 10
split_gain=546.511 353.145 188.952 91.1575 82.8422 46.5407 39.1483 32.6887 33.8227 31.5338 23.7081 22.3654 18.7041 18.3876 17.2348 16.5064 16.3612 13.8998 13.372 12.6232 12.3777 11.1235 15.6903 11.564 11.0839 10.751 10.7133 10.188 9.96822 9.77975
threshold=69.750000000000014 0 49.250000000000007 10.500000000000002 1.0000000180025095e-35 1.5000000000000002 1.0000000180025095e-35 22.500000000000004 1 14.500000000000002 2 79.583333333333357 88.166666666666671 -2.1965466111306506 383.50000000000006 2.5000000000000004 28.500000000000004 -2.4999999999999996 1.0000000180025095e-35 3 1.0000000180025095e-35 1.5000000000000002 26.500000000000004 57.500000000000007 147.50000000000003 9.5000000000000018 7.5000000000000009 52.500000000000007 2.5000000000000004 70.500000000000014
decision_type=10 1 10 2 10 2 10 2 1 2 1 10 10 2 2 8 2 10 2 1 2 8 2 2 2 10 2 2 10 2
left_child=1 2 15 5 9 27 21 8 14 17 16 18 20 -5 -6 -1 -8 -2 -10 26 -11 22 23 -4 -9 -13 -19 -3 -12 -16
right_child=4 3 6 13 7 -7 10 24 11 12 28 25 -14 -15 29 -17 -18 19 -20 -21 -22 -23 -24 -25 -26 -27 -28 -29 -30 -31
leaf_value=0.027321480427608388 0.024654367786743597 0.011044347472638012 0.0068276631912855519 -0.0012437291706160411 0.0047512011745072498 -0.0057631488473422962 -0.0018595877759055547 -0.026742556695993448 -0.015031984704601558 -0.0088374887114622425 0.0054816600062905785 -0.029292445475521518 -0.025991826151866852 -0.025882265096552021 -0.024763638932892088 0.040719166559607493 -0.028916593382458233 0.02608029727133087 0.011131358032167945 -0.0042855897274428796 0.015717977436941259 0.02354904965715076 -0.011583112173247248 0.038395589702103682 -0.0023808732100598124 -0.0035709042952928463 0.0040086851760511169 0.029056339468072633 0.023481634338026074 -0.0061720730036412003
leaf_weight=120.64037624001503 27.125144705176353 90.900095403194427 28.062635987997055 32.340577080845833 104.20924718677998 209.51379153132439 101.06998109817505 334.74296300113201 163.98124977946281 148.75684560835361 76.461952358484268 172.34759041666985 54.283281460404396 176.18464578688145 35.846847370266914 352.92493505775928 24.161667481064796 27.906994447112083 18.953069791197777 118.2246591001749 20.148143395781517 165.83351299166679 21.92258694767952 16.178941771388054 17.910423964262009 16.29900099337101 64.263374790549278 41.657137513160706 43.193039298057556 85.781840264797211
leaf_count=486 109 366 113 133 423 854 410 1411 676 609 307 720 227 738 148 1435 99 112 78 479 82 665 88 65 74 67 259 168 173 356
internal_value=0.000196648 0.0127925 0.0237154 -0.00638571 -0.0132047 0.00303498 0.0106014 -0.0182629 -0.0139462 -0.00275684 0.00221625 -0.0193356 -0.0108301 -0.0220852 -0.00400365 0.0373709 -0.0067341 0.00484289 -0.0122755 0.00218415 -0.00583307 0.0194048 0.00882183 0.0189654 -0.0255155 -0.0271007 0.00984317 0.0168799 0.0111924 -0.0118087
internal_weight=2911.83 1501.05 950.45 550.596 1410.78 342.071 476.884 950.072 597.419 460.708 244.887 371.581 223.188 208.525 225.838 473.565 125.232 237.52 182.934 210.395 168.905 231.998 66.1642 44.2416 352.653 188.647 92.1704 132.557 119.655 121.629
internal_count=11930 6100 3841 2259 5830 1388 1920 3953 2468 1877 989 1541 918 871 927 1921 509 959 754 850 691 931 266 178 1485 787 371 534 480 504
cat_boundaries=0 1 2 3 4
cat_threshold=46 32 2 40
is_linear=0
shrinkage=0.03


Tree=11
num_leaves=31
num_cat=4
split_feature=18 20 20 22 13 22 26 4 26 3 26 12 20 6 20 3 3 6 6 15 6 26 9 2 25 6 8 2 15 12
split_gain=650.035 336.756 122.63 75.9314 60.7214 37.3322 35.5654 33.6574 33.5256 34.6227 27.8964 26.507 21.0118 20.311 16.4462 15.9841 14.4898 13.342 12.4361 11.7277 11.7466 11.2459 11.6637 10.1562 10.1548 10.1115 8.6623 8.54171 8.44658 8.09275
threshold=1.0000000180025095e-35 55.750000000000007 78.583333333333357 1.0000000180025095e-35 2.5000000000000004 1.2500000000000002 0 45.500000000000007 1 27.500000000000004 2 6.5000000000000009 72.750000000000014 8.5000000000000018 29.500000000000004 3.5000000000000004 132.50000000000003 2.5000000000000004 1.5000000000000002 2.5000000000000004 1.5000000000000002 3 51.500000000000007 17.500000000000004 147.50000000000003 2.5000000000000004 1.0000000180025095e-35 13.500000000000002 12.500000000000002 1.5000000000000002
decision_type=2 8 10 8 2 10 1 2 1 2 1 2 10 8 10 2 2 8 10 2 10 1 2 2 2 10 2 2 2 2
left_child=1 14 3 10 13 6 7 27 12 29 -3 -8 18 -5 -1 -7 23 -2 -6 20 -16 25 -23 -9 -17 -12 -11 -4 -14 -10
right_child=17 2 5 4 8 15 11 16 9 26 21 -13 28 -15 19 24 -18 -19 -20 -21 -22 22 -24 -25 -26 -27 -28 -29 -30 -31
leaf_value=0.046880922010243714 0.024957655539684008 -0.015237777004156313 0.043997084959144186 -0.0048099138795661073 -0.0043709989934614911 -0.0043403075184002427 -0.0057666983723947433 -0.013966639055621873 0.002387807749102416 -0.0047520943512051389 0.010257367666536754 -0.024904709012333989 -0.00098697116553365873 0.014485586782615056 0.0020181758717343068 -0.027280198930423265 -0.020566455682150691 0.040358711754915441 0.012840666526213532 0.033883576087211709 0.023701737890696982 0.010094225238556053 -0.0056721587206785013 0.0061629034820528152 -0.0044203762543756344 0.025298817235971015 -0.026541569984019929 0.012962048406579984 -0.018063556106896712 -0.011396523985902202
leaf_weight=36.135541170835495 69.11986218392849 34.799895703792572 12.455984249711035 80.970461204648018 68.617871105670929 33.31780181825161 96.949726566672325 33.252485036849976 43.914393380284309 18.342572659254074 94.962030485272408 202.18917411565781 40.51813617348671 122.20215010643005 29.375387027859688 359.5965411067009 48.941448539495468 290.67379258573055 82.025359094142914 77.529674664139748 97.687631502747536 121.37102274596691 63.68466155230999 65.083777397871017 18.828469946980476 72.036468178033829 209.02081669867039 22.860060721635818 72.717479109764099 284.62360401451588
leaf_count=147 279 143 50 331 278 137 399 135 179 76 382 842 165 492 118 1520 205 1191 330 312 393 488 259 268 78 289 877 93 302 1170
internal_value=-0.000207954 -0.00555034 -0.00908216 -0.00356672 -0.00784651 -0.0177712 -0.0120608 -0.0010173 -0.0114828 -0.0155478 0.00774133 -0.0181377 -0.00222198 0.00680985 0.0281398 -0.0244068 -0.00740666 0.0374774 0.00502364 0.0246178 0.0187437 0.0101924 0.00442904 -0.000715994 -0.0261575 0.0159106 -0.0248122 0.0248182 -0.0120153 -0.00955237
internal_weight=2903.8 2544.01 2303.28 1409.81 1022.95 893.475 481.733 182.594 819.78 555.901 386.854 299.139 263.879 203.173 240.728 411.743 147.278 359.794 150.643 204.593 127.063 352.054 185.056 98.3363 378.425 166.998 227.363 35.316 113.236 328.538
internal_count=11928 10458 9488 5761 4200 3727 1992 751 3377 2302 1561 1241 1075 823 970 1735 608 1470 608 823 511 1418 747 403 1598 671 953 143 467 1349
cat_boundaries=0 1 2 3 4
cat_threshold=32 40 1 40
is_linear=0
shrinkage=0.03


Tree=12
num_leaves=31
num_cat=4
split_feature=18 22 1 1 26 10 1 26 6 26 15 15 26 8 6 15 24 23 1 23 22 6 4 24 23 10 8 12 0 0
split_gain=596.31 213.472 123.3 60.6094 32.2411 26.6882 26.3594 37.4527 23.9958 20.1007 15.5983 14.7933 13.3695 19.3637 14.6677 12.9145 12.034 10.7468 10.46 9.18376 8.90427 8.75362 8.15388 9.83455 8.35143 8.32151 8.15249 7.98001 7.92923 7.75157
threshold=1.0000000180025095e-35 1.0000000180025095e-35 10.500000000000002 14.500000000000002 0 6.5000000000000009 28.500000000000004 1 8.5000000000000018 2 26.500000000000004 26.500000000000004 3 4.5000000000000009 1.5000000000000002 24.500000000000004 1.0000000180025095e-35 -52.499999999999993 7.5000000000000009 -31.499999999999996 -2.4999999999999996 1.5000000000000002 1.5000000000000002 1.0000000180025095e-35 -42.499999999999993 47.500000000000007 230.50000000000003 1.0000000180025095e-35 164.50000000000003 436.50000000000006
decision_type=2 8 2 2 1 2 2 1 8 1 2 2 1 2 10 2 2 10 2 10 10 8 2 2 10 2 2 2 2 2
left_child=1 3 4 12 5 -3 7 11 -6 15 21 -4 14 20 -1 -5 -8 -17 -16 -10 -14 -2 -7 24 25 -24 -11 -26 -22 -9
right_child=10 2 6 9 8 22 16 29 19 26 -12 -13 13 -15 18 17 -18 -19 -20 -21 28 -23 23 -25 27 -27 -28 -29 -30 -31
leaf_value=0.0051264534696103667 0.021678985543434913 0.039833831034215277 -0.0038168595740294639 0.012015779478272526 -0.011922273633239002 0.020331548200457569 -0.028014597435868066 -0.019340410032475719 -0.0030051479763183908 -0.0077047083014448537 0.0037919111690040428 -0.015012993325778469 0.025824444561004994 -0.011496902790318659 0.031093527859542114 0.0079451827152123115 -0.0044010704128355305 -0.012959395349992627 0.017468218276128756 0.0097503832226181666 0.011704397937652348 0.038981908909162227 0.00093061478982454622 0.022848826886025457 0.010093338387514651 0.026153778374483853 -0.028711768694575663 -0.017155500491062261 -0.0087849239047171502 -0.029121983426835852
leaf_weight=54.7774748057127 33.378770679235458 22.430734559893608 265.57585133612156 99.93880595266819 228.93139038980007 27.205759540200233 226.21703594923019 281.40559096634388 126.28837117552757 136.91370867192745 13.163225322961805 177.08496855199337 32.362682208418846 38.736310452222824 82.865458518266678 38.967788740992546 21.688678100705147 48.754484966397285 146.20017644762993 83.614284589886665 93.307522311806679 310.92214876413345 61.350441291928291 17.789725065231323 12.376796275377272 13.590808287262915 18.217653572559357 35.748796314001083 19.964585959911346 106.77528661489487
leaf_count=221 135 91 1097 406 941 110 962 1179 512 564 53 741 130 157 334 159 91 200 590 338 376 1281 248 72 50 55 76 145 81 454
internal_value=-5.43418e-05 -0.00520408 -0.0112197 0.0074637 -0.000663903 0.00933197 -0.0173715 -0.0147763 -0.00511034 -0.0021197 0.0361496 -0.00813619 0.0144695 0.00677873 0.0185351 0.00445795 -0.0259747 -0.00368833 0.022511 0.00209813 0.0121473 0.0373721 0.00560143 0.00263312 -0.000449745 0.00578907 -0.00971736 -0.0100849 0.00804781 -0.0215453
internal_weight=2876.55 2519.08 1708.07 811.007 629.327 190.493 1078.75 830.842 438.834 342.792 357.464 442.661 468.214 184.371 283.843 187.661 247.906 87.7223 229.066 209.903 145.635 344.301 168.062 140.857 123.067 74.9412 155.131 48.1256 113.272 388.181
internal_count=11849 10380 7086 3294 2562 771 4524 3471 1791 1405 1469 1838 1889 744 1145 765 1053 359 924 850 587 1416 680 570 498 303 640 195 457 1633
cat_boundaries=0 1 2 3 4
cat_threshold=56 40 40 44
is_linear=0
shrinkage=0.03


Tree=13
num_leaves=31
num_cat=3
split_feature=18 20 1 20 20 26 11 26 6 22 20 22 3 22 20 11 1 3 5 8 20 15 11 6 15 26 12 0 12 20
split_gain=544.973 339.03 133.212 54.4063 52.499 49.068 37.5723 29.1187 22.4576 29.8066 15.4575 15.4398 14.191 13.7217 12.0826 12.0673 11.1238 10.5097 10.2319 10.101 10.296 11.8442 9.81106 9.53042 13.5091 9.0819 10.3416 9.03813 9.4084 8.95595
threshold=1.0000000180025095e-35 62.750000000000007 13.500000000000002 82.125000000000014 55.250000000000007 0 51.500000000000007 1 14.500000000000002 0.75000000000000011 74.166666666666671 1.0000000180025095e-35 22.500000000000004 -1.0000000180025095e-35 39.750000000000007 44.500000000000007 28.500000000000004 23.500000000000004 0.22665048433161952 19.500000000000004 92.416666666666671 26.500000000000004 98.500000000000014 1.5000000000000002 1.0000000180025095e-35 2 14.500000000000002 180.50000000000003 31.500000000000004 73.166666666666671
decision_type=2 8 2 8 10 1 2 1 8 8 10 10 2 10 10 2 2 2 2 2 8 2 2 8 2 1 2 2 2 10
left_child=1 4 5 7 14 6 13 27 9 10 -7 15 -2 -3 -1 -9 19 22 -14 -5 21 -21 -8 24 -16 -6 -27 -4 -29 -13
right_child=12 2 3 16 25 8 17 11 -10 -11 -12 29 18 -15 23 -17 -18 -19 -20 20 -22 -23 -24 -25 -26 26 -28 28 -30 -31
leaf_value=0.03949315740830852 0.037774793133446644 0.032467813044173066 -0.00096839676454950796 -0.0308009337595639 0.014594078770339112 0.0094909679521696395 -0.0022855405055602759 0.010264773677014397 0.0053823312851153122 -0.013404117342248589 -0.0070033963522005667 -0.001903659853889145 0.0040338914128269917 0.012690226194352233 -0.0079421824011023639 -0.0091103545146751629 -0.030183601177551818 -0.011131154961680791 0.029005953248853196 -0.0065341594556705034 -0.023945235574381996 -0.022344599485465813 0.021385175374179836 0.028455550665666397 0.024250675205594641 0.0063116618950646393 -0.014673027482470501 -0.026413229793422047 -0.0028715485440038487 -0.013877386984232583
leaf_weight=67.775231629610062 279.92336185276508 44.78752638399601 17.724318847060204 74.156024232506752 72.315565034747124 95.081944286823273 49.443214371800423 82.484265729784966 123.76777070760727 395.94019359350204 108.31429663300514 90.530126884579659 20.044316247105598 110.37926125526428 17.945566430687904 43.352882578969002 162.87033000588417 68.526995837688446 59.173134446144104 102.46785689890385 157.55951957404613 73.581568613648415 22.020680263638496 127.90141974389553 30.847497776150703 83.401955336332321 27.201803386211395 131.50652733445168 17.564804539084435 148.9126663506031
leaf_count=277 1163 181 74 316 290 382 200 333 499 1635 439 368 81 443 72 177 703 282 241 431 674 313 89 515 124 337 111 555 74 625
internal_value=3.35462e-06 -0.00487665 -0.00978953 -0.0170095 0.0194701 -0.00196182 0.008176 -0.0100795 -0.00613367 -0.00861899 0.000715959 -0.00478835 0.0345479 0.0185702 0.0285411 0.00357054 -0.0234422 -0.00281511 0.0228164 -0.0206823 -0.0183477 -0.0132312 0.00520275 0.0241415 0.0124888 0.00725766 0.000977854 -0.0200869 -0.023677 -0.00937703
internal_weight=2907.5 2548.36 2120.97 1102.71 427.389 1018.26 295.158 532.076 723.104 599.336 203.396 365.28 359.141 155.167 244.47 125.837 570.635 139.991 79.2175 407.765 333.609 176.049 71.4639 176.694 48.7931 182.919 110.604 166.796 149.071 239.443
internal_count=12004 10519 8793 4643 1726 4150 1195 2206 2955 2456 821 1503 1485 624 988 510 2437 571 322 1734 1418 744 289 711 196 738 448 703 629 993
cat_boundaries=0 1 2 3
cat_threshold=48 3 40
is_linear=0
shrinkage=0.03


Tree=14
num_leaves=31
num_cat=3
split_feature=18 20 1 20 26 20 26 0 22 6 25 20 22 22 26 3 6 22 3 20 20 5 12 20 24 22 24 24 12 1
split_gain=549.664 297.767 137.971 57.38 49.8646 36.6293 32.7476 25.9106 23.9842 32.647 20.6133 18.3755 17.7885 16.5701 15.4226 16.8663 14.5802 13.7118 14.8591 12.8222 12.3911 10.8624 10.7791 9.99512 9.29825 9.21472 9.0668 8.56669 8.30838 8.22788
threshold=1.0000000180025095e-35 61.750000000000007 13.500000000000002 77.833333333333357 0 53.750000000000007 1 42.500000000000007 0.75000000000000011 18.500000000000004 142.50000000000003 73.166666666666671 1.2500000000000002 1.0000000180025095e-35 2 132.50000000000003 2.5000000000000004 1.0000000180025095e-35 27.500000000000004 79.583333333333357 39.750000000000007 0.5399976512303214 29.500000000000004 74.833333333333357 1.0000000180025095e-35 9.2500000000000018 1.0000000180025095e-35 1.0000000180025095e-35 7.5000000000000009 28.500000000000004
decision_type=2 8 2 8 1 10 1 2 8 8 2 8 8 10 1 2 8 8 2 10 10 2 2 10 2 10 2 2 2 2
left_child=1 5 4 6 7 20 24 -3 23 19 12 28 14 -8 15 -5 -2 -13 -19 -10 -1 -16 -22 -6 -4 -15 -25 -18 -9 -14
right_child=16 2 3 10 8 -7 13 11 9 -11 -12 17 29 25 21 -17 27 18 -20 -21 22 -23 -24 26 -26 -27 -28 -29 -30 -31
leaf_value=0.038337066058467512 0.021775163943908826 0.039963665173197153 -0.022476048802229993 0.0032872263709693961 0.009161202092225821 0.0091372655335826281 0.010716012550387075 0.0090137607301580495 -0.0094497906519384386 0.0082978449358259015 0.00066361809631644314 0.017631086359382195 -0.023163718699106127 -0.009472195171917731 -0.027286665465376881 -0.019928060375432662 0.041539957166497297 0.0069181785851086045 -0.010283182104504972 -0.021859601966089597 0.024950760239662362 -0.0095740418816147796 -0.0037397498229791099 -0.0069477422871182014 0.003135357384160944 0.008074564442985474 0.01860299811038792 0.0296548876164596 0.037988989469979403 -0.0324809540170998
leaf_weight=68.569608151912689 68.567219600081444 22.016779169440269 113.15897573530674 68.307709977030754 110.55893202126026 175.86323699355125 86.07697893679142 16.214222639799118 332.95365986227989 81.782661721110344 37.167801231145859 48.173407256603241 305.40342800319195 121.11197349429131 129.70520447194576 46.649427101016045 194.904306858778 108.27277736365795 76.077928259968758 97.246063515543938 130.40052701532841 42.845939755439758 12.680997744202612 94.338244661688805 14.106430619955061 33.727110922336578 13.411860525608061 95.460807546973228 21.170477375388145 132.74144122004509
leaf_count=282 279 90 478 284 444 709 347 65 1369 329 155 193 1312 497 551 198 816 437 312 409 526 180 51 383 59 139 54 399 85 580
internal_value=6.78308e-05 -0.0048457 -0.0092038 -0.0164185 -0.00121302 0.0193314 -0.00666779 0.00907014 -0.00538083 -0.00899932 -0.0211099 0.0067467 -0.0222245 0.000225694 -0.0163185 -0.00572997 0.0347655 0.0035557 -0.000197667 -0.0122992 0.027719 -0.0217176 0.0223997 0.00286232 -0.0182148 -0.00562287 -0.00362558 0.0377478 0.0259843 -0.026054
internal_weight=2899.67 2540.73 2153.22 1131 1022.22 387.514 368.181 291.926 730.291 511.982 762.821 269.909 725.653 240.916 287.508 114.957 358.932 232.524 184.351 430.2 211.651 172.551 143.082 218.309 127.265 154.839 107.75 290.365 37.3847 438.145
internal_count=12012 10518 8950 4780 4170 1568 1520 1182 2988 2107 3260 1092 3105 983 1213 482 1494 942 749 1778 859 731 577 881 537 636 437 1215 150 1892
cat_boundaries=0 1 2 3
cat_threshold=48 3 32
is_linear=0
shrinkage=0.03


Tree=15
num_leaves=31
num_cat=4
split_feature=18 22 1 1 26 1 26 3 10 26 4 26 8 5 8 3 5 4 5 23 3 24 1 10 11 11 11 3 22 8
split_gain=514.784 176.936 110.443 47.9052 28.1898 26.3374 29.8116 24.803 24.1779 21.1604 15.988 15.3853 18.3774 12.2336 12.0367 11.9261 11.4828 11.2896 13.012 9.75102 9.71482 9.4689 9.33413 9.28226 9.25005 10.9316 8.58905 8.31912 7.90454 7.65044
threshold=1.0000000180025095e-35 1.0000000180025095e-35 10.500000000000002 13.500000000000002 0 28.500000000000004 1 1.0000000180025095e-35 5.5000000000000009 2 16.500000000000004 3 3.5000000000000004 -2.1965466111306506 14.500000000000002 139.50000000000003 0.12341160612581305 27.500000000000004 -0.93023247154921418 -21.499999999999996 146.50000000000003 1.0000000180025095e-35 7.5000000000000009 32.500000000000007 48.500000000000007 74.500000000000014 1.0000000180025095e-35 10.500000000000002 -0.74999999999999989 4.5000000000000009
decision_type=2 8 2 2 1 2 1 2 2 1 2 1 2 2 2 2 2 2 2 10 2 2 2 2 2 2 2 2 10 2
left_child=1 3 4 11 8 6 15 14 -3 10 -5 22 16 -11 19 24 23 -2 -19 -6 28 -10 29 -13 -4 -26 -15 -8 -12 -1
right_child=17 2 5 9 7 -7 27 -9 21 13 20 12 -14 26 -16 -17 -18 18 -20 -21 -22 -23 -24 -25 25 -27 -28 -29 -30 -31
leaf_value=0.013801490252124045 0.036582756448269534 0.040407596372035524 0.0065278053678817158 0.028391512774447417 0.001868631128462396 -0.024656191441510742 -0.0089884305308525116 -0.011806917267753176 0.0032053752345260361 0.0090801468203814736 0.021320599162278568 0.02108963908888099 -0.011954931642897373 -0.02196546923316715 -0.017419126585965231 -0.013753998189465891 -0.0030438371262505003 0.034835839845644076 0.0080413227060391543 0.019476621455234683 -0.0089849109649040009 0.024730891331290757 0.014226097094431074 -0.00083451384556822693 -0.022016276389531967 -0.00055690236566882819 -0.0068615179160698581 -0.019213157887767448 0.0029775957624754378 0.03254578592699698
leaf_weight=32.183151334524155 284.11786960065365 19.424630209803581 86.289774477481842 23.404451102018356 166.57199993729591 246.01050995290279 87.235514864325523 213.82296870648861 152.50302776694298 27.642584025859833 25.600935697555542 77.031797423958778 40.241035267710686 53.149006187915802 23.465303406119347 93.051789730787277 38.195349216461182 33.960846677422523 32.032121449708939 33.169187620282173 47.696950644254684 19.990072965621948 170.49560023844242 22.264841079711914 28.936820492148399 74.799192145466805 94.498194232583046 481.57732045650482 105.28474359214306 60.362576648592949
leaf_count=131 1196 80 356 95 675 1064 366 885 618 114 104 310 163 223 96 393 154 142 130 134 196 81 689 90 121 313 392 2046 430 244
internal_value=-0.000121156 -0.00481746 -0.0102601 0.00666999 -0.000234119 -0.0159981 -0.0134719 -0.00442813 0.00905021 -0.00117805 0.00534757 0.0133749 0.00537219 -0.00850606 0.0024641 -0.00484596 0.0108811 0.033932 0.0221443 0.00487509 0.002484 0.00582812 0.0178615 0.0162144 -0.000688386 -0.00669598 -0.0124097 -0.0173589 0.0066999 0.0262446
internal_weight=2895.01 2544.9 1726.85 818.051 628.947 1097.9 851.89 437.029 191.918 377.277 201.987 440.774 177.733 175.29 223.206 283.078 137.492 350.111 65.993 199.741 178.583 172.493 263.041 99.2966 190.026 103.736 147.647 568.813 130.886 92.5457
internal_count=12031 10563 7228 3335 2569 4659 3595 1790 779 1554 825 1781 717 729 905 1183 554 1468 272 809 730 699 1064 400 790 434 615 2412 534 375
cat_boundaries=0 1 2 3 4
cat_threshold=56 32 40 44
is_linear=0
shrinkage=0.03


Tree=16
num_leaves=31
num_cat=4
split_feature=18 20 1 20 26 5 0 20 26 3 20 3 26 8 20 12 6 22 0 8 23 1 26 12 6 22 13 23 5 8
split_gain=475.151 311.39 125.642 49.5038 45.2147 29.7991 27.9785 26.8358 21.6353 27.4512 19.9818 17.1954 16.8403 16.7234 20.4979 13.6979 12.7512 11.9716 11.7337 11.6158 11.5647 13.5025 10.1928 10.0097 9.75363 9.70001 16.6396 9.65282 9.23332 9.49155
threshold=1.0000000180025095e-35 58.750000000000007 13.500000000000002 72.750000000000014 0 0.12341160612581305 40.500000000000007 74.166666666666671 1 131.50000000000003 39.750000000000007 13.500000000000002 2 14.500000000000002 78.583333333333357 6.5000000000000009 1.5000000000000002 1.0000000180025095e-35 42.500000000000007 47.500000000000007 -21.499999999999996 10.500000000000002 3 6.5000000000000009 2.5000000000000004 1.2500000000000002 2.5000000000000004 -23.499999999999996 0.60285521211223847 8.5000000000000018
decision_type=2 8 2 8 1 2 2 8 1 2 10 2 1 2 10 2 10 8 2 2 10 2 1 2 10 8 2 10 2 2
left_child=1 10 4 12 6 13 -3 16 9 19 -1 -2 -4 14 25 -16 -8 -10 -7 -5 21 -9 -12 -18 -14 -6 27 -27 29 -24
right_child=11 2 3 8 5 18 7 20 17 -11 22 -13 24 -15 15 -17 23 -19 -20 -21 -22 -23 28 -25 -26 26 -28 -29 -30 -31
leaf_value=0.038433517063346349 0.036705755027278568 0.035425196809006521 -0.014029977301126484 0.019068090725027544 0.0094312708206148437 -0.003154915365727113 -0.0041635587930962956 0.0071507514825900525 -0.015456660201798493 -0.020340369507653919 0.027322430559579305 0.021364083215087315 -0.0019244003094389724 -0.015316952959419233 -0.0020529526397785776 -0.024570577066400489 0.010973494313003516 -0.025910537834779746 -0.021863988853291785 -0.0063780388060141113 -0.019683382766060593 -0.006757105998641582 0.021024293753311492 0.033199650531157698 0.014885470349063373 0.0019964392709716132 -0.0099910680438201737 0.023171972338172541 -0.0060017363581705589 0.0022719504896670734
leaf_weight=67.040583118796349 255.55292834341526 27.644672274589539 81.486618191003799 16.868304878473282 140.91760031878948 40.70952545106411 17.890647187829018 165.65983182191849 140.03171397745609 183.47007989883423 99.777334228157997 95.746733382344246 138.0808620005846 75.199958756566048 54.982208400964737 42.877079412341118 33.572421103715897 387.85339476168156 119.83466991782188 169.10463257133961 23.353809922933578 99.887134820222855 78.317419439554214 43.002587854862213 39.019999369978905 73.68923208117485 92.701670587062836 25.393513754010201 21.336729943752289 35.396925270557404
leaf_count=278 1089 114 344 70 570 167 72 670 588 793 403 395 559 310 227 179 135 1691 497 714 95 411 316 173 157 297 381 102 86 143
internal_value=-4.95404e-05 -0.00458456 -0.00845252 -0.0153176 -0.00107917 -0.00586249 0.00665152 0.00466292 -0.0186476 -0.0118189 0.0239641 0.0325969 -0.00373483 -0.00236241 -6.95802e-05 -0.0120678 0.0184527 -0.0227419 -0.0171688 -0.00398036 0.000105804 0.0019135 0.0196878 0.0237222 0.00174411 0.0034851 -0.000910226 0.00760073 0.0110662 0.0152578
internal_weight=2886.4 2535.1 2233.23 1155.92 1077.32 666.305 411.011 383.366 897.328 369.443 301.869 351.3 258.587 505.761 430.561 97.8593 94.4657 527.885 160.544 185.973 288.901 265.547 234.828 76.575 177.101 332.702 191.784 99.0827 135.051 113.714
internal_count=12026 10542 9316 4916 4400 2730 1670 1556 3856 1577 1226 1484 1060 2066 1756 406 380 2279 664 784 1176 1081 948 308 716 1350 780 399 545 459
cat_boundaries=0 1 2 3 4
cat_threshold=56 32 3 40
is_linear=0
shrinkage=0.03


Tree=17
num_leaves=31
num_cat=4
split_feature=18 20 1 20 20 13 20 26 26 26 3 26 8 20 15 25 8 22 9 12 8 5 3 10 22 5 22 20 9 1
split_gain=423.005 261.659 111.948 42.7783 34.396 30.5468 31.8505 29.371 20.438 19.1094 15.4013 14.6111 22.2884 13.3496 12.4797 11.5768 11.0431 11.2521 10.8565 9.71576 9.60174 9.52028 9.2356 8.82463 8.81164 9.47972 8.7961 8.31551 8.28234 8.10749
threshold=1.0000000180025095e-35 62.750000000000007 14.500000000000002 82.583333333333357 48.250000000000007 1.5000000000000002 80.750000000000014 0 1 2 20.500000000000004 3 71.500000000000014 73.166666666666671 12.500000000000002 117.50000000000001 110.50000000000001 1.7500000000000002 13.500000000000002 7.5000000000000009 13.500000000000002 -2.4789185542646419 28.500000000000004 228.50000000000003 1.7500000000000002 0.79300383031285759 1.2500000000000002 66.750000000000014 1.5000000000000002 7.5000000000000009
decision_type=2 8 2 8 10 2 8 1 1 1 2 1 2 10 2 2 2 10 2 2 2 2 2 2 10 2 10 10 2 2
left_child=1 4 5 7 -1 18 8 22 10 -6 20 12 24 19 -2 21 17 -11 -3 -9 28 -5 -4 -21 25 -8 -15 -10 -7 -13
right_child=14 2 3 15 9 6 11 13 27 16 -12 29 -14 26 -16 -17 -18 -19 -20 23 -22 -23 -24 -25 -26 -27 -28 -29 -30 -31
leaf_value=0.029592933088889647 0.032882572796391084 0.012779371290780115 -0.010176877256659908 -0.0021943529670112316 0.02035562517804711 0.021965882142088767 0.0066858975131718762 0.021604331495575658 0.025225980774494856 0.01043816666190776 -0.01758390200945658 -0.0090639197175015323 -0.012796252285510521 -0.0033802498832200948 0.011761127682144299 -0.012987134567171699 -0.022377301195850519 -0.0083887176688447074 -0.006731923029089963 -0.0035350267748588495 -0.018976919868359695 -0.025206987177154024 -0.026790248135753359 0.021493713419974747 -0.01140124221844843 0.032494660764564628 -0.015780003656565091 0.0066788068346467474 0.00018221861849591862 -0.018996537604911427
leaf_weight=134.40724889934063 311.18540428578854 144.23954936861992 45.231666520237923 17.074748560786247 109.29310365021229 16.755062133073807 58.94303061068058 20.065025418996811 24.346318498253822 127.86359934508801 58.52375990152359 157.21911136806011 90.636536240577698 110.98895893990993 28.96625217795372 107.07368344068527 12.080793961882589 35.892490521073341 30.513045281171799 104.01805517077446 19.899081543087959 396.35409399867058 101.06911379098892 13.419595345854757 16.242318749427795 15.663397863507269 96.19426728785038 165.59728395938873 136.4279013723135 144.9024495780468
leaf_count=554 1329 584 193 73 440 68 238 81 98 515 243 649 376 460 119 462 50 146 125 422 82 1740 437 55 66 63 411 669 559 611
internal_value=-0.000221287 -0.00447823 -0.00881652 -0.0159832 0.0171177 -0.00209537 -0.00431363 -0.00960075 0.00171304 0.0111542 -0.0042382 -0.00955965 -0.00221806 -0.00426919 0.0311237 -0.0219737 0.00397623 0.00628577 0.00935364 0.00284316 0.000105969 -0.0242641 -0.0203747 -0.000517665 0.00811835 0.0124625 -0.00918555 0.00871915 0.00269192 -0.0134316
internal_weight=2851.09 2510.94 2091.4 1011.49 419.537 1079.91 905.156 490.987 421.549 285.13 231.606 483.607 181.485 344.686 340.152 520.503 175.837 163.756 174.753 137.503 173.082 413.429 146.301 117.438 90.8487 74.6064 207.183 189.944 153.183 302.122
internal_count=11918 10470 8765 4334 1705 4431 3722 2059 1719 1151 952 2003 743 1429 1448 2275 711 661 709 558 709 1813 630 477 367 301 871 767 627 1260
cat_boundaries=0 1 2 3 4
cat_threshold=3 3 40 48
is_linear=0
shrinkage=0.03


Tree=18
num_leaves=31
num_cat=2
split_feature=20 26 20 3 1 12 26 22 22 25 20 20 8 2 21 8 3 14 9 11 5 11 5 23 22 0 5 8 12 8
split_gain=374.43 270.039 143.09 63.9879 55.521 33.4757 32.3863 31.0118 19.0415 18.6138 18.2864 16.8642 15.2709 13.41 13.01 12.9473 13.0382 11.5711 11.3984 11.192 10.1676 9.74859 9.92676 9.50469 9.4205 9.00036 8.35091 8.03078 10.6974 7.92349
threshold=69.750000000000014 0 55.250000000000007 4.5000000000000009 20.500000000000004 1.0000000180025095e-35 1 1.0000000180025095e-35 0.75000000000000011 132.50000000000003 78.166666666666671 39.750000000000007 92.500000000000014 36.500000000000007 14.500000000000002 16.500000000000004 140.50000000000003 7.5000000000000009 4.5000000000000009 119.50000000000001 0.11207824629891851 31.500000000000004 -0.95178384259392368 -24.499999999999996 -2.4999999999999996 40.500000000000007 -3.9153452767874799 3.5000000000000004 30.500000000000004 42.500000000000007
decision_type=10 1 10 2 2 2 1 10 10 2 10 10 2 2 8 2 2 2 2 2 2 2 2 10 10 2 2 2 2 2
left_child=1 2 11 5 6 -3 12 24 21 10 -6 -1 14 23 -2 18 -17 19 -10 -5 26 29 -23 25 -8 -9 -16 -13 -29 -4
right_child=4 3 8 17 9 -7 7 13 15 -11 -12 27 -14 -15 20 16 -18 -19 -20 -21 -22 22 -24 -25 -26 -27 -28 28 -30 -31
leaf_value=0.033905829218543883 -0.012606419627058793 0.020392849948466931 0.012984411358269323 -0.014013281200377767 -0.010716947609854591 -0.0030650485869821733 0.015542060115781112 0.006870612469331649 0.015297655843321415 0.0042494049701281003 -0.023795801018602031 0.013495887631927774 -0.0059748717337421145 -0.024750385389719666 0.02453446165840846 0.013718582519503484 -0.01318466961460229 -0.025464793757586951 -0.0107283967257235 0.012274359695004972 0.023496379998436887 0.0140711611362523 -0.018102385351710409 -0.026293879564123029 -0.0044674206736047871 -0.011937103244833042 0.0018836130094130681 0.031063214737966551 0.0019359227201305503 0.029768540114014724
leaf_weight=378.25082816183567 23.02978153526783 81.694103702902794 117.92412315309048 196.22570618987083 135.20820227265358 161.40733148157597 22.403815373778343 26.487239107489586 17.114170283079147 29.316368013620377 356.09731771051884 64.271859422326088 124.43574917316437 118.71364748477936 16.885292544960976 78.462916821241379 19.516472563147545 82.084629714488983 93.833106726408005 14.985726058483122 42.172133937478065 17.188451811671257 15.429872930049894 34.013685300946236 223.31574906408787 144.82224932312965 82.091584786772728 89.268483012914658 13.137714982032774 32.784638628363609
leaf_count=1621 95 332 475 828 572 661 91 109 69 123 1567 260 519 511 68 316 79 361 387 64 171 69 62 144 914 615 333 364 53 132
internal_value=0.000111887 0.0106228 0.0202058 -0.00638424 -0.0111195 0.00486921 -0.00641923 -0.0104585 0.00658024 -0.0188419 -0.0202256 0.030354 0.00186011 -0.0167226 0.00791129 0.000377812 0.00828067 -0.0159136 -0.00661296 -0.0120991 0.0113241 0.0136084 -0.00123407 -0.0119836 -0.00258743 -0.00900613 0.00595456 0.0221395 0.0273813 0.0168077
internal_weight=2852.57 1473.58 937.183 536.397 1378.99 243.101 858.371 569.756 392.254 520.622 491.306 544.929 288.615 324.037 164.179 208.927 97.9794 293.296 110.947 211.211 141.149 183.327 32.6183 205.323 245.72 171.309 98.9769 166.678 102.406 150.709
internal_count=11965 6133 3887 2246 5832 993 3570 2384 1589 2262 2139 2298 1186 1379 667 851 395 1253 456 892 572 738 131 868 1005 724 401 677 417 607
cat_boundaries=0 1 2
cat_threshold=46 32
is_linear=0
shrinkage=0.03


Tree=19
num_leaves=31
num_cat=4
split_feature=20 26 20 3 22 26 12 26 26 15 3 20 3 12 2 5 3 3 22 20 13 21 22 23 20 3 10 12 23 9
split_gain=363.328 219.027 156.588 46.0582 42.8739 30.2697 28.734 25.4506 21.1398 35.9602 21.9027 16.5482 14.8002 14.7543 13.6951 16.3299 12.1247 10.5395 9.83805 8.9846 8.42779 8.37352 9.24464 7.94938 7.09866 6.87616 6.86661 6.69582 6.87642 6.328
threshold=70.166666666666671 0 55.750000000000007 4.5000000000000009 1.0000000180025095e-35 1 1.0000000180025095e-35 2 3 15.500000000000002 16.500000000000004 39.750000000000007 12.500000000000002 10.500000000000002 2.5000000000000004 -2.2999465644436232 246.50000000000003 1.0000000180025095e-35 103.25000000000001 88.833333333333357 13.500000000000002 12.500000000000002 -0.74999999999999989 -121.49999999999999 92.416666666666671 19.500000000000004 46.500000000000007 28.500000000000004 -129.49999999999997 14.500000000000002
decision_type=10 1 10 2 10 1 2 1 1 2 2 10 2 2 2 2 2 2 10 10 2 8 10 10 10 2 2 2 10 2
left_child=1 2 11 6 5 13 -3 12 9 -6 -10 17 -4 21 -5 -16 23 -1 24 -12 -13 -2 -23 25 -11 -9 -7 28 -22 -25
right_child=4 3 7 14 8 26 -8 16 10 18 19 20 -14 -15 15 -17 -18 -19 -20 -21 27 22 -24 29 -26 -27 -28 -29 -30 -31
leaf_value=0.037538693663077771 -0.014667595856854492 0.018093776954614806 0.0043859240889097947 -0.0024851477073367595 0.0013941653662259126 -0.0079769904860014541 -0.0036041335170128746 0.017418212153002655 -0.010452615093993646 -0.0093116346606369055 -0.021726806724046845 0.011344831851014453 -0.011812000216351114 -0.0059371336886201486 0.012613859519646846 -0.019931683420155309 -0.016508256297372129 0.026939407286932414 -0.025138821201146733 -0.033843330745715099 0.0075735855827048244 0.024042974245940162 0.0053814121676471335 0.023858802692959244 -0.025831042973342808 -0.0069161346915234002 -0.026441896934110243 0.0073098589316624848 0.032212026182484803 0.012107535185364025
leaf_weight=196.47783033549786 13.777172967791556 81.167509987950325 113.39200046658516 70.177314326167107 156.94070313870907 28.007532969117165 164.94890058040619 14.890867024660109 143.60185648500919 130.14872106909752 257.64283590018749 57.595043390989304 90.376053422689438 149.38742280006409 14.227325752377508 203.41603511571884 12.321667253971098 177.87992912530899 86.27490371465683 75.737636804580688 12.513192310929297 28.918915182352066 123.57732173800468 58.28447812795639 28.334132000803947 29.556832939386368 57.095777913928032 15.863957047462462 79.072046399116516 154.94872514903545
leaf_count=862 56 330 459 293 649 115 675 60 607 562 1125 234 376 618 59 881 50 757 381 339 51 117 503 235 126 119 245 64 323 624
internal_value=-2.35394e-05 0.00975487 0.0178409 -0.00581819 -0.011846 -0.00370225 0.00359595 0.00541426 -0.0155519 -0.00957777 -0.0199352 0.0290555 -0.0026895 0.000857543 -0.0140543 -0.0177562 0.0112033 0.0325875 -0.0169798 -0.0245724 0.0208959 0.00701245 0.00905391 0.0130202 -0.0124085 0.00144023 -0.0183922 0.0258637 0.0289639 0.015416
internal_weight=2826.55 1547.11 1013.17 533.937 1279.44 400.764 246.116 473.771 878.681 401.698 476.982 539.402 203.768 315.661 287.821 217.643 270.003 374.358 244.758 333.38 165.044 166.273 152.496 257.681 158.483 44.4477 85.1033 107.449 91.5852 213.233
internal_count=11895 6452 4214 2238 5443 1654 1005 1923 3789 1718 2071 2291 835 1294 1233 940 1088 1619 1069 1464 672 676 620 1038 688 179 360 438 374 859
cat_boundaries=0 1 2 3 4
cat_threshold=46 42 2 32
is_linear=0
shrinkage=0.03


Tree=20
num_leaves=31
num_cat=3
split_feature=18 20 20 3 26 20 15 24 26 2 14 6 8 20 4 5 9 26 8 3 8 12 13 8 5 9 14 23 13 5
split_gain=377.813 218.671 80.6942 39.97 51.7349 30.1728 27.4278 21.4657 17.4404 16.5816 15.8935 14.5701 13.768 12.5529 11.1423 9.9112 9.52179 11.5856 11.8947 9.35488 10.9663 9.17197 9.09214 8.5471 8.50424 7.93079 7.87683 7.58372 7.51375 7.45538
threshold=1.0000000180025095e-35 61.750000000000007 82.125000000000014 3.5000000000000004 0 49.250000000000007 11.500000000000002 1.0000000180025095e-35 1 1.5000000000000002 13.500000000000002 2.5000000000000004 86.500000000000014 72.750000000000014 19.500000000000004 -1.4742786727706911 127.50000000000001 2 65.500000000000014 246.50000000000003 135.50000000000003 6.5000000000000009 53.500000000000007 15.500000000000002 -1.4466156768912344 133.50000000000003 1.5000000000000002 -12.499999999999998 62.500000000000007 0.18232155679395481
decision_type=2 8 10 2 1 10 2 2 1 2 2 8 2 10 2 2 2 1 2 2 2 2 2 2 2 2 2 10 2 2
left_child=1 5 3 8 6 -1 -5 10 14 -6 16 -2 24 19 23 26 17 18 29 20 22 -19 -8 -3 -11 -24 -10 -13 -20 -4
right_child=11 2 7 4 9 -7 13 -9 15 12 -12 27 -14 -15 -16 -17 -18 21 28 -21 -22 -23 25 -25 -26 -27 -28 -29 -30 -31
leaf_value=0.027502999231127683 0.016881971677715411 0.0046748524744128061 -0.00042995603662737962 0.01062142994847063 -0.0033796137608581561 0.010158856667286954 0.013406630018094957 -0.0012859671659790385 -0.0010777686956471074 -0.0012752500472866851 -0.02625902237689124 0.033892046500341104 -0.023138987355303734 -0.0095594020030865656 -0.01123207516951495 0.030253853534315044 -0.022751653739979644 -0.0086395132022863471 -0.020187013751729977 -0.020972601928160233 0.021380470511985165 -0.023887032249877458 -0.015890187279899406 -0.015394923988645429 -0.014131845520193117 0.0089715828544925987 0.016939887280283079 0.009871095273618305 -0.00058568075821170879 0.026613728333776093
leaf_weight=145.38316184282303 68.689777731895447 213.29327899217606 23.594849035143852 161.2261620759964 131.91418713331223 240.9308885037899 27.806659653782845 70.489537298679352 37.419113799929619 55.651700973510742 178.96598413586617 259.48084522783756 145.31835575401783 183.51964826881886 62.947301372885704 26.390116631984711 108.22353552281857 59.373480513691902 35.273847624659538 12.170874938368796 28.578706458210945 93.924503803253174 33.578162327408791 19.990948155522346 281.04223850369453 16.54892435669899 51.061988040804863 13.439307287335394 34.30976040661335 13.979037865996359
leaf_count=608 287 865 96 655 548 974 112 299 151 232 800 1145 643 777 260 110 479 251 148 50 116 409 136 83 1198 67 207 59 147 57
internal_value=7.77924e-05 -0.00398037 -0.00778632 -0.00399728 -0.00703231 0.0167402 0.000652455 -0.0168891 0.00395423 -0.0126301 -0.0188914 0.0296175 -0.015411 -0.00466199 -0.000128976 0.013261 -0.0152536 -0.012063 -0.00308798 0.00292745 0.00582812 -0.0169756 -7.36265e-05 0.00289663 -0.0120169 -0.0076674 0.00939324 0.0327495 -0.0106674 0.0100605
internal_weight=2834.52 2492.91 2106.59 1488.46 1077.36 386.314 463.429 618.135 411.103 613.926 547.645 341.61 482.012 302.203 296.232 114.871 368.679 260.455 107.157 118.683 106.512 153.298 77.9337 233.284 336.694 50.1271 88.4811 272.92 69.5836 37.5739
internal_count=11969 10478 8896 6210 4534 1582 1913 2686 1676 2621 2387 1491 2073 1258 1208 468 1587 1108 448 481 431 660 315 948 1430 203 358 1204 295 153
cat_boundaries=0 1 2 3
cat_threshold=40 67 32
is_linear=0
shrinkage=0.03


Tree=21
num_leaves=31
num_cat=2
split_feature=18 20 1 20 26 11 20 26 3 20 15 3 22 4 1 3 22 22 3 11 13 15 11 9 3 0 0 20 20 24
split_gain=380.727 204.208 102.439 57.8633 37.7629 27.4681 25.1479 23.2809 21.0332 19.4643 17.6056 17.4264 15.0762 14.7647 13.9221 12.4867 11.9904 11.3666 10.2965 10.1333 9.71492 8.94341 10.3745 8.1572 7.76965 7.74285 7.52726 8.71179 6.94424 8.06269
threshold=1.0000000180025095e-35 68.250000000000014 13.500000000000002 48.250000000000007 0 51.500000000000007 86.833333333333357 1 3.5000000000000004 71.750000000000014 1.5000000000000002 14.500000000000002 1.0000000180025095e-35 27.500000000000004 28.500000000000004 8.5000000000000018 0.75000000000000011 -0.74999999999999989 23.500000000000004 98.500000000000014 37.500000000000007 46.500000000000007 13.500000000000002 13.500000000000002 231.50000000000003 68.500000000000014 9.5000000000000018 71.750000000000014 80.750000000000014 1.0000000180025095e-35
decision_type=2 8 2 10 1 2 8 1 2 10 2 2 8 2 2 2 10 10 2 2 2 2 2 2 2 2 2 8 10 2
left_child=1 3 4 -1 5 9 10 11 26 -3 -4 -5 25 -2 17 -15 -9 -12 19 -7 -20 22 23 -18 -8 -10 -6 -28 29 -14
right_child=13 2 6 7 8 18 24 16 12 -11 14 -13 28 15 -16 -17 21 -19 20 -21 -22 -23 -24 -25 -26 -27 27 -29 -30 -31
leaf_value=0.02827377112649514 0.032845895085336918 0.033959375526303882 -0.021366135213867449 0.0066410121575883659 0.0084787854661769729 -0.0022870804094784329 -0.019785526002612418 0.020750382118654886 0.014780965839669299 0.0093883013718992665 0.013935708560163927 -0.0084128668796641954 -0.014449908368980259 0.035122242400444724 -0.017604701430506794 0.0069113599308044367 0.021461653409330234 -0.0071924906219748659 -0.017795482681951462 0.021268236677639323 0.0078399189986877709 -0.012183621496748533 0.027032584565073972 -0.0027949344732113982 -0.031782695337636564 -0.0057302280745361233 0.014531631500419069 -0.0048099033942818796 -0.025019772290554392 0.009105712538673285
leaf_weight=131.53688749670982 271.45065140724182 40.842848658561707 132.53159525990486 155.14831520617008 69.540506064891815 48.431608721613884 344.04964868724346 106.75704318284988 18.868168860673904 98.755692899227142 23.927255660295486 123.29885983467102 154.62317895889282 20.469876393675804 118.56299743056297 43.220661357045174 16.128103733062744 294.08246870338917 46.77938412129879 23.752411618828773 17.771980077028275 18.340046644210815 23.366153419017792 45.28545118868351 59.99025259912014 99.068248361349106 22.459617599844933 197.43779213726521 53.869151249527931 13.611982613801954
leaf_count=554 1205 169 578 627 279 196 1540 432 76 397 98 511 652 91 519 180 65 1249 196 96 73 74 94 182 275 402 91 812 235 57
internal_value=-0.000200994 -0.00423166 -0.00915673 0.0106882 -0.00189225 0.00719648 -0.0159097 0.00590315 -0.00590762 0.0167676 -0.01181 -3.01502e-05 -0.0110493 0.0297749 -0.0088668 0.016381 0.0131172 -0.00556409 -0.00210331 0.00564858 -0.0107257 0.00635116 0.010456 0.003817 -0.0216409 -0.00235204 -5.32378e-05 -0.00277758 -0.0156362 -0.0125015
internal_weight=2833.96 2498.82 1878.96 619.861 905.813 276.334 973.144 488.324 629.479 139.599 569.104 278.447 340.041 335.141 436.573 63.6905 209.877 318.01 136.735 72.184 64.5514 103.12 84.7797 61.4136 404.04 117.936 289.438 219.897 222.104 168.235
internal_count=12005 10529 7990 2539 3731 1127 4259 1985 2604 566 2444 1138 1422 1476 1866 271 847 1347 561 292 269 415 341 247 1815 478 1182 903 944 709
cat_boundaries=0 1 2
cat_threshold=48 7
is_linear=0
shrinkage=0.03


Tree=22
num_leaves=31
num_cat=3
split_feature=20 26 3 20 1 26 22 2 22 9 26 3 5 24 15 20 20 5 3 4 15 22 23 3 5 24 23 22 1 23
split_gain=303.007 160.151 88.3731 82.706 50.5012 35.268 30.1719 23.9152 19.8497 14.7793 14.5568 26.6666 13.7213 13.6392 12.586 12.2096 11.7057 11.1355 11.1091 11.595 10.3905 9.75873 9.49294 8.94828 8.9083 10.0886 8.85434 8.54021 8.26878 8.04286
threshold=72.750000000000014 0 5.5000000000000009 58.750000000000007 15.500000000000002 1 1.7500000000000002 1.0000000180025095e-35 1.0000000180025095e-35 2.5000000000000004 2 156.50000000000003 -2.3954971866666237 1.0000000180025095e-35 72.500000000000014 55.250000000000007 86.416666666666671 0.14928365656572543 1.5000000000000002 31.500000000000004 12.500000000000002 3.7500000000000004 -20.499999999999996 44.500000000000007 -3.0425343635336026 1.0000000180025095e-35 -22.499999999999996 -1.0000000180025095e-35 22.500000000000004 -32.499999999999993
decision_type=10 1 2 10 2 1 10 2 8 2 1 2 2 2 2 8 10 2 2 2 2 10 10 2 2 2 10 10 2 10
left_child=1 3 5 18 8 6 9 -4 22 -3 11 17 -9 -10 24 -14 27 20 -1 29 -6 -22 -2 -17 -5 -26 -7 -12 -13 -20
right_child=4 2 7 14 10 26 -8 12 13 -11 16 28 15 -15 -16 23 -18 -19 19 -21 21 -23 -24 -25 25 -27 -28 -29 -30 -31
leaf_value=0.035159419773088556 0.0051858829674792531 0.029433129894274879 0.0037390747559940167 0.024416246305376234 0.00751244780206556 -0.0037137720100388089 -0.0077124251010786283 0.0166506929182745 -0.011429175732151955 0.013891700569791122 -0.0036143567421171403 -0.0077720734970018277 0.0053639504250137787 0.0072528715116402633 -0.020317344476054901 -0.010686340695909033 -0.029276501788201556 0.011611122492645381 0.035509128543554883 0.017948409529264211 -0.0035923401322747175 -0.021432244487718466 -0.015957951054992502 -0.020830037580934036 0.0044342167459026196 0.022002870172807155 0.011384005964852189 -0.020070622867304676 -0.025117871853933438 0.018521919038382757
leaf_weight=142.00512114167213 183.52064406871796 105.67265543341637 106.21792353689671 28.202227279543877 32.995864525437355 154.39382906258106 37.266551479697227 13.279692828655241 270.56285080313683 121.07661060988903 33.911578595638275 33.805957779288292 27.86801452934742 39.710615590214729 13.213665664196013 183.44863897562027 125.21772533655167 34.589292153716087 94.895885735750198 134.52008697390556 63.35651707649231 48.580008938908577 20.343684479594231 141.827113494277 218.09985987842083 33.179980427026749 44.10921348631382 190.23873892426491 104.72383934259415 39.20916748046875
leaf_count=636 748 456 442 114 138 632 152 55 1144 504 142 147 113 166 54 781 571 148 408 559 272 216 83 628 883 134 180 842 474 169
internal_value=0.00024076 0.00858945 0.000342642 0.0192602 -0.011334 0.00965842 0.0165097 -0.00876753 -0.0042555 0.021232 -0.0167723 -0.0107924 -0.0123932 -0.00902252 0.00731307 -0.0135293 -0.0212552 -0.00346317 0.0282056 0.0244128 -0.00711569 -0.011456 0.00300834 -0.0151595 0.0086872 0.00683207 -0.00030345 -0.0176081 -0.0209709 0.0307163
internal_weight=2820.04 1638.49 935.16 703.326 1181.56 462.519 264.016 472.641 514.138 226.749 667.42 318.051 366.423 310.273 292.696 353.144 349.368 179.522 410.63 268.625 144.932 111.937 203.864 325.276 279.482 251.28 198.503 224.15 138.53 134.105
internal_count=11991 6900 3943 2957 5091 1924 1112 2019 2141 960 2950 1395 1577 1310 1185 1522 1555 774 1772 1136 626 488 831 1409 1131 1017 812 984 621 577
cat_boundaries=0 1 2 3
cat_threshold=44 18 32
is_linear=0
shrinkage=0.03


Tree=23
num_leaves=31
num_cat=3
split_feature=18 1 22 26 0 22 6 22 8 26 1 26 23 24 15 8 5 2 13 2 4 5 24 8 8 4 8 22 6 0
split_gain=339.494 108.23 52.6648 50.6634 28.4225 19.761 18.163 20.06 21.4232 16.0201 15.7837 18.2699 12.7655 11.3341 10.4499 10.4365 9.56192 9.32161 11.6654 9.22937 9.06166 9.95883 9.77148 8.71753 8.62041 8.3918 8.10859 8.095 7.70848 7.39726
threshold=1.0000000180025095e-35 13.500000000000002 1.0000000180025095e-35 0 76.500000000000014 0.75000000000000011 15.500000000000002 1.2500000000000002 4.5000000000000009 1 30.500000000000004 2 -134.49999999999997 1.0000000180025095e-35 15.500000000000002 29.500000000000004 -3.0425343635336026 24.500000000000004 54.500000000000007 2.5000000000000004 16.500000000000004 0.63857388164897888 1.0000000180025095e-35 195.50000000000003 230.50000000000003 127.50000000000001 104.50000000000001 -2.4999999999999996 1.5000000000000002 493.50000000000006
decision_type=2 2 8 1 2 8 8 8 2 1 2 1 10 2 2 2 2 2 2 2 2 2 2 2 2 2 2 10 10 2
left_child=1 3 9 4 -1 15 7 8 12 20 11 14 -5 -2 17 28 -11 -4 -19 -7 -3 22 -22 29 -18 -13 -20 -14 -6 -12
right_child=13 2 10 6 5 19 -8 -9 -10 16 23 25 27 -15 -16 -17 24 18 26 -21 21 -23 -24 -25 -26 -27 -28 -29 -30 -31
leaf_value=0.025631384824652274 0.032565825337913058 0.022434850085891921 -0.014749046692441845 -0.023900131792087231 -0.0062743478098757771 0.009761973773868584 0.0071419054237335834 -0.011129893954402363 -0.015881841022425441 0.016513850018669729 -0.037225402811084926 -0.021588019208293664 0.021177333936365242 0.020394260129072146 -0.01035898221772461 0.021084603024955014 -0.0069731432605360686 0.015946744491684397 -0.014963478993304111 -0.0027894999678825414 0.0036002902079042081 -0.0091259708538745602 0.02588927093699022 -0.028879995472822509 -0.029069669196815418 -0.010255988349483226 0.0090591790372320218 0.0039544022620200594 0.011477404115815349 -0.012325947588478376
leaf_weight=82.588972136378288 222.78193141520023 23.572556108236313 27.787320852279663 12.445102885365484 27.434956818819046 73.623059511184692 131.19369789958 266.7637537419796 57.374992445111275 12.797542154788969 11.668595120310782 198.01196028292179 27.457487970590591 110.37072601914406 274.11002011597157 88.998039737343788 135.18231417238712 43.484296336770058 29.522145166993141 178.74486660957336 117.1321614086628 44.922028735280037 19.958171665668488 83.997867852449417 17.231884852051735 87.737832844257355 20.719302892684937 185.63940727710724 100.23362946510315 90.151363492012024
leaf_count=344 1001 97 117 51 112 301 530 1119 237 54 52 886 111 494 1194 363 574 182 125 737 486 186 82 385 76 398 88 762 414 408
internal_value=0.000225654 -0.00361163 -0.00987332 0.00268085 0.00933241 0.00661256 -0.00280948 -0.00524428 0.00032495 -0.000407919 -0.0139154 -0.0117698 0.00449966 0.0286066 -0.00694753 0.0132361 -0.00710374 0.000202719 0.00474445 0.000896207 0.0050793 0.00299881 0.00700919 -0.0216781 -0.00964457 -0.0175446 -0.00507321 0.00626212 0.00764358 -0.0155137
internal_weight=2803.64 2470.49 1237.99 1232.5 551.624 469.035 680.874 549.681 282.917 370.797 867.191 681.373 225.542 333.153 395.623 216.667 165.212 121.513 93.7257 252.368 205.585 182.012 137.09 185.818 152.414 285.75 50.2414 213.097 127.669 101.82
internal_count=11966 10471 5390 5081 2271 1927 2810 2280 1161 1555 3835 2990 924 1495 1706 889 704 512 395 1038 851 754 568 845 650 1284 213 873 526 460
cat_boundaries=0 1 2 3
cat_threshold=60 40 40
is_linear=0
shrinkage=0.03


Tree=24
num_leaves=31
num_cat=3
split_feature=18 20 1 20 26 10 26 3 20 22 13 6 3 20 8 4 5 22 4 20 9 4 6 13 15 26 3 5 12 12
split_gain=305.943 185.89 82.101 62.0147 26.9892 24.9585 17.5061 25.7943 17.0587 15.3355 13.9034 13.891 13.573 12.4471 12.3423 12.2581 12.0146 9.74713 9.69157 8.7986 10.1351 8.74908 8.66675 8.46226 7.75537 7.45713 7.55193 8.46738 7.38835 7.18455
threshold=1.0000000180025095e-35 70.750000000000014 13.500000000000002 55.250000000000007 0 6.5000000000000009 1 42.500000000000007 84.416666666666671 1.0000000180025095e-35 1.5000000000000002 2.5000000000000004 9.5000000000000018 39.750000000000007 85.500000000000014 122.50000000000001 -2.4061937933760205 -2.4999999999999996 27.500000000000004 57.750000000000007 43.500000000000007 15.500000000000002 1.5000000000000002 24.500000000000004 12.500000000000002 2 166.50000000000003 -0.84662355145155688 1.0000000180025095e-35 7.5000000000000009
decision_type=2 8 2 10 1 2 1 2 8 10 2 10 2 10 2 2 2 8 2 10 2 2 8 2 2 1 2 2 2 2
left_child=1 3 4 13 5 -3 7 19 9 15 -6 21 -2 -1 -7 -4 -10 -12 -14 -5 -21 -8 24 28 -15 -11 27 -27 -16 -20
right_child=12 2 8 6 10 14 11 -9 16 25 17 -13 18 22 23 -17 -18 -19 29 20 -22 -23 -24 -25 -26 26 -28 -29 -30 -31
leaf_value=0.033105808495011886 0.031442562461847019 0.037433243648981297 0.0048819265382521243 -0.019127235627137969 0.0039670978144104828 0.0079626067129951929 0.023276467019204137 -0.017754829860603092 0.0015446878168484974 -0.018730781738018811 0.016297213992732085 0.019542147891945156 0.025359004048562523 -0.0017064516089500368 0.0017375939034462891 -0.014898589582742689 -0.019910388487027673 -0.0088691944575031607 -0.008894380339968257 0.0097015652454148608 -0.0038660979669925869 0.00084158496983080359 0.021562992636160874 0.0030424978914651004 0.024123724977462301 -0.013219649693103897 -0.017050129938947289 0.0047651135486558313 -0.025334827508875842 0.016001113090215947
leaf_weight=64.553361088037491 225.56081366539001 19.992637068033218 84.18267422914505 13.842072248458861 106.85297100245953 169.85465767979622 17.107062622904778 67.596033051609993 24.619090437889099 158.83567287027836 13.424375727772711 82.47478611767292 66.309266820549965 33.277245566248894 13.634872809052466 41.163315996527672 455.41375380754471 426.29872491955757 15.706658959388731 135.2304532378912 77.184258446097374 115.6531285494566 125.15570946037769 42.911072954535484 14.179695054888724 39.403343737125397 50.518825590610504 55.650514855980873 25.409255042672157 27.323405861854553
leaf_count=282 1042 86 349 56 432 687 69 287 107 713 54 334 293 135 57 173 2080 1787 66 548 321 466 516 175 58 168 222 239 107 114
internal_value=0.000329988 -0.00331572 -0.00871778 0.00918923 -0.00181922 0.00578575 0.00327101 -0.00158246 -0.0149144 -0.0105305 -0.00560794 0.00950745 0.0271961 0.0218259 0.00336381 -0.00168045 -0.0188091 -0.00806565 0.0182302 0.0032364 0.00477652 0.00388488 0.0174411 -0.00614844 0.00634993 -0.0141572 -0.00729741 -0.00275025 -0.0160734 0.00691824
internal_weight=2809.32 2474.42 1728.17 746.254 818.379 271.802 509.088 293.853 909.787 429.754 546.576 215.235 334.9 237.166 251.81 125.346 480.033 439.723 109.339 226.257 212.415 132.76 172.613 81.9552 47.4569 304.408 145.573 95.0539 39.0441 43.0301
internal_count=12023 10508 7436 3072 3385 1112 2081 1212 4051 1864 2273 869 1515 991 1026 522 2187 1841 473 925 869 535 709 339 193 1342 629 407 164 180
cat_boundaries=0 1 2 3
cat_threshold=48 7 11
is_linear=0
shrinkage=0.03


Tree=25
num_leaves=31
num_cat=3
split_feature=18 20 22 3 26 20 26 20 10 14 25 22 13 5 20 20 24 9 21 26 8 3 8 5 11 20 20 23 23 20
split_gain=311.88 186.856 70.0445 56.1297 30.8174 24.9713 20.8575 17.831 17.0648 15.7566 15.006 14.803 14.568 13.5447 14.7238 13.2741 12.1853 11.9385 11.2212 15.1561 17.5257 9.8809 9.51372 9.31582 9.17547 9.13223 8.91783 8.44274 8.32746 8.08689
threshold=1.0000000180025095e-35 55.750000000000007 1.0000000180025095e-35 5.5000000000000009 0 77.833333333333357 1 75.583333333333357 6.5000000000000009 5.5000000000000009 147.50000000000003 42.500000000000007 12.500000000000002 -0.31588814233130108 70.750000000000014 39.750000000000007 1.0000000180025095e-35 37.500000000000007 -1.0000000180025095e-35 2 71.500000000000014 12.500000000000002 25.500000000000004 0.2116839062784617 27.500000000000004 71.166666666666671 73.166666666666671 -16.499999999999996 -96.499999999999986 64.250000000000014
decision_type=2 8 8 2 1 8 1 10 2 2 2 10 2 2 10 10 2 2 10 1 2 2 2 2 2 8 10 10 10 10
left_child=1 15 4 6 7 11 8 22 -4 18 27 16 -8 14 -6 -1 29 -9 19 20 -7 -2 -3 -23 -24 -14 -13 -11 -19 -5
right_child=21 2 3 5 13 9 12 17 -10 10 -12 26 25 -15 -16 -17 -18 28 -20 -21 -22 23 24 -25 -26 -27 -28 -29 -30 -31
leaf_value=0.033243408686303537 0.030957807392458025 0.0065352470779905586 0.037601319518796777 -0.0020507640906832305 0.0067146701115900582 0.011767634367332466 -0.0016557988327776218 0.0086697456020784179 0.005568740066212617 -0.021803565041356492 0.0041056384987051111 0.024690656281684126 -0.00031840804678783739 -0.024972241722451518 -0.014547252188165801 0.016967910746364563 0.0070209392062902847 0.010169399696261506 -0.031759826964694732 -0.015676661487129675 -0.0098447188118393168 0.0049389045620889405 0.022884075260390949 0.025193508409991093 -0.0020025081293050125 -0.025692106581694737 -0.0043925089102100669 0.00055378220324428095 -0.0084500951072289995 -0.013616453774215696
leaf_weight=63.429494589567184 223.63114389777184 158.03943163156509 16.688798457384109 71.331291943788528 53.312798619270325 52.589591041207314 248.65834766626358 83.696321383118629 100.89352053403854 437.88644500076771 22.116710901260376 18.934145480394363 18.294743329286575 39.804694429039955 62.92335943877697 170.55250220000744 37.608668476343155 25.089955970644951 21.332996174693108 153.63052788376808 90.354475975036621 29.92432926595211 77.155443966388702 67.611325666308403 15.891401544213293 41.436356440186501 17.616918846964836 15.696226984262465 127.97520352900028 233.8622432500124
leaf_count=280 1044 640 73 294 217 216 1018 340 411 2011 96 77 75 171 270 703 157 105 93 674 393 127 312 296 64 178 75 71 537 999
internal_value=-0.00034241 -0.0039526 -0.00661662 -0.00997926 0.00173613 -0.0133641 -0.000649379 0.00542012 0.00958562 -0.0163905 -0.0198556 -0.00700623 -0.00472717 -0.00948392 -0.00482118 0.0215027 -0.00894484 -0.000379532 -0.0111596 -0.00957606 -0.00174568 0.0274249 0.0110837 0.0190925 0.0186576 -0.0180537 0.0109294 -0.0210304 -0.00535185 -0.0109288
internal_weight=2797.97 2476.8 2242.82 1598.93 643.889 1172.96 425.972 487.848 117.582 793.607 475.699 379.353 308.389 156.041 116.236 233.982 342.802 236.761 317.908 296.575 142.944 321.167 251.086 97.5357 93.0468 59.7311 36.5511 453.583 153.065 305.194
internal_count=12017 10550 9567 6911 2656 5156 1755 1998 484 3554 2178 1602 1271 658 487 983 1450 982 1376 1283 609 1467 1016 423 376 253 152 2082 642 1293
cat_boundaries=0 1 2 3
cat_threshold=42 56 48
is_linear=0
shrinkage=0.03


Tree=26
num_leaves=31
num_cat=0
split_feature=20 25 6 20 20 22 8 24 22 8 5 20 13 3 15 13 20 11 8 11 22 12 9 24 20 8 6 11 3 3
split_gain=272.838 71.6708 80.024 46.4596 35.7891 34.4158 33.4069 23.5905 20.352 20.0491 17.6709 16.0156 15.7489 13.1625 13.0718 12.3623 12.0792 11.9624 11.4875 11.0734 10.1294 9.87569 9.83283 9.51295 8.8599 8.41359 8.25493 8.13714 9.69242 7.4911
threshold=70.166666666666671 52.500000000000007 2.5000000000000004 55.750000000000007 54.250000000000007 1.2500000000000002 56.500000000000007 1.0000000180025095e-35 -2.4999999999999996 92.500000000000014 2.9040712449902224 69.750000000000014 2.5000000000000004 6.5000000000000009 3.5000000000000004 36.500000000000007 61.750000000000007 28.500000000000004 207.50000000000003 103.50000000000001 1.2500000000000002 1.0000000180025095e-35 12.500000000000002 1.0000000180025095e-35 82.416666666666671 67.500000000000014 22.500000000000004 1.0000000180025095e-35 138.50000000000003 90.500000000000014
decision_type=10 2 8 10 8 10 2 2 10 2 2 8 2 2 2 2 10 2 2 2 10 2 2 2 10 2 8 2 2 2
left_child=1 12 4 6 -3 7 26 8 -2 16 18 27 -1 -7 22 21 17 20 24 25 -6 -8 -5 -18 29 -14 -4 -11 -29 -10
right_child=5 2 3 14 9 13 15 -9 10 11 -12 -13 19 -15 -16 -17 23 -19 -20 -21 -22 -23 -24 -25 -26 -27 -28 28 -30 -31
leaf_value=0.0045787713122149619 0.016887995079817766 0.018381475382747325 0.024257984066473372 0.011702389151600932 0.017946103528818369 -0.0045213849971029235 0.013967228842703757 0.00813042327232745 -0.0079568734405979832 -0.013431437113410173 0.015694625590283933 -0.021179242016504708 -0.0089665626275505731 -0.0180407496585431 0.019247259822992704 0.025913580096470316 -0.0067042455349891035 -0.007680061877034473 -0.023768325678696276 0.0079445109182131168 -0.0072279185112522669 -0.012681081987476374 -0.0022097875622746231 0.016035812841163608 -0.013444367213039174 -0.02740863212172602 0.034385057421350292 0.028909268789089674 -0.0041241888845170022 0.0041304928027841425
leaf_weight=121.59822446107864 26.778200402855873 98.636069536209106 279.23836579918861 77.738861158490181 87.562028974294662 75.952084317803383 18.836428239941597 89.715138614177704 225.48734153807163 20.586968004703522 23.313415855169296 69.25785131752491 157.13117988407612 475.13025312125683 64.435887649655342 16.969332411885262 116.24183824658394 28.921039149165154 52.577181786298752 29.429156973958015 16.607617229223251 33.002592533826828 108.42784257233143 18.311482936143875 231.2921139895916 25.453736796975136 110.2579417526722 13.200029626488687 17.802881956100464 57.278398528695107
leaf_count=497 111 414 1243 315 369 320 80 373 941 88 96 315 667 2148 263 75 480 121 235 128 68 143 445 75 1007 114 514 53 72 242
internal_value=-0.000226137 0.00828197 0.0117095 0.0181351 0.00234039 -0.0105737 0.0238081 -0.00617664 -0.00826768 -0.00176909 -0.00943616 -0.011859 -0.00400422 -0.016189 0.00770692 0.0044625 0.00281391 0.00918991 -0.010496 -0.00892527 0.0139021 -0.00291697 0.0036311 -0.00351406 -0.00909496 -0.0116728 0.0272055 0.000818063 0.0104042 -0.00550247
internal_weight=2787.17 1529.65 1196.04 708.907 487.128 1257.52 458.305 706.442 616.727 388.492 589.948 120.848 333.612 551.082 250.603 68.8084 267.644 133.091 566.635 212.014 104.17 51.839 186.167 134.553 514.058 182.585 389.496 51.5899 31.0029 282.766
internal_count=12012 6539 5133 3078 2055 5473 2055 3005 2632 1641 2521 528 1406 2468 1023 298 1113 558 2425 909 437 223 760 555 2190 781 1757 213 125 1183
is_linear=0
shrinkage=0.03


Tree=27
num_leaves=31
num_cat=0
split_feature=20 25 9 20 3 22 20 15 4 1 1 3 22 6 0 15 20 6 23 2 20 24 5 22 23 20 19 12 23 15
split_gain=228.728 69.8691 78.7305 58.2071 36.6843 32.3203 19.0985 17.4191 19.1333 16.8983 16.0765 15.6238 15.3833 12.3242 11.9594 11.6224 10.7336 11.5723 10.5215 9.97377 9.66712 9.07635 12.5895 9.84257 8.79805 8.7584 8.57623 8.45676 8.22932 7.74255
threshold=72.750000000000014 52.500000000000007 4.5000000000000009 55.250000000000007 12.500000000000002 1.0000000180025095e-35 48.250000000000007 3.5000000000000004 15.500000000000002 30.500000000000004 16.500000000000004 5.5000000000000009 11.250000000000002 1.5000000000000002 145.50000000000003 2.5000000000000004 56.250000000000007 2.5000000000000004 -25.499999999999996 152.50000000000003 92.416666666666671 1.0000000180025095e-35 -1.7931237265546567 1.7500000000000002 -22.499999999999996 86.833333333333357 1.0000000180025095e-35 10.500000000000002 -12.499999999999998 1.0000000180025095e-35
decision_type=10 2 2 8 2 10 10 2 2 2 2 2 8 10 2 2 10 10 10 2 10 2 2 10 10 10 2 2 10 2
left_child=1 11 6 -4 12 10 28 14 -9 20 15 18 -5 -8 -6 27 19 -18 -1 -10 21 29 -23 -24 -12 -17 -16 -2 -3 -7
right_child=5 2 3 4 7 9 13 8 16 -11 24 -13 -14 -15 26 25 17 -19 -20 -21 -22 22 23 -25 -26 -27 -28 -29 -30 -31
leaf_value=-0.0040450842233609452 0.0019672158765329508 0.028463925041299319 0.022247992240771237 0.0053507294453040369 0.0028412109776111754 -0.017431065818171533 -0.01108828677397407 0.023708509031184027 -0.0031932986218668291 -0.022873996067151771 -0.01280631861411608 -0.012257240439054724 0.020163970534798889 0.016319820861893423 -0.015093248361438914 0.016824749133509391 -0.00035042675527112362 0.017683855068758109 0.011040937285222594 -0.030119732981752786 -0.022313313790733806 0.025537900312582545 0.009470686271717382 -0.016264335869729515 0.0084935390894073336 -0.0030657971498774905 0.0026087939099871723 -0.014920289449399847 0.0033033201497368997 -0.0091090082040814011
leaf_weight=124.78056368231773 85.796692624688148 238.98875716328621 165.46932069957256 144.10479545593262 66.979070514440536 138.53534431755543 17.060267612338066 34.615610301494598 46.729271918535233 136.51945096254349 130.19974054396152 141.08862544596195 112.66635389626026 85.673629149794579 142.0838730931282 63.988400131464005 134.39580920338631 41.025060832500458 61.182924136519432 15.986986592411993 63.687787607312202 13.201747313141821 21.296774670481682 32.779114276170731 19.423308834433556 28.337774246931076 29.429381370544434 37.614367961883545 12.594176739454268 384.74589805305004
leaf_count=514 350 1097 698 588 281 612 69 147 205 650 562 617 512 349 624 259 549 167 250 74 290 55 91 143 84 117 121 157 57 1693
internal_value=0.00031316 0.00760421 0.0107473 0.00616486 0.00267532 -0.0098686 0.0227689 -0.0019737 0.00320017 -0.0132749 -0.00248018 -0.00476708 0.0119035 0.0117053 -0.00787947 0.00275947 0.000132399 0.00394352 0.0009508 -0.0104221 -0.01124 -0.0100101 0.000358151 -0.00614115 -0.0100032 0.0107523 -0.0120583 -0.00325847 0.0272225 -0.0113413
internal_weight=2770.98 1614.85 1287.8 933.486 768.016 1156.13 354.317 511.245 272.753 790.766 365.36 327.052 256.771 102.734 238.492 215.737 238.137 175.421 185.963 62.7163 654.247 590.559 67.2776 54.0759 149.623 92.3262 171.513 123.411 251.583 523.281
internal_count=11982 6919 5538 3966 3268 5063 1572 2168 1142 3534 1529 1381 1100 418 1026 883 995 716 764 279 2884 2594 289 234 646 376 745 507 1154 2305
is_linear=0
shrinkage=0.03


Tree=28
num_leaves=31
num_cat=0
split_feature=1 22 25 22 1 6 13 5 24 24 25 13 11 22 23 11 17 22 23 6 12 9 3 23 5 11 22 9 5 0
split_gain=152.974 57.8755 48.1208 89.9887 26.0285 19.2808 16.396 15.5061 15.0087 14.3767 14.2864 13.0492 12.0062 24.7246 10.8445 10.6838 10.4652 10.3556 11.7648 11.0813 10.0665 9.7855 15.0805 9.35874 9.20097 8.14535 9.00489 8.06869 7.85255 7.67855
threshold=9.5000000000000018 1.0000000180025095e-35 52.500000000000007 -1.2499999999999998 21.500000000000004 23.500000000000004 1.5000000000000002 -2.1965466111306506 1.0000000180025095e-35 1.0000000180025095e-35 92.500000000000014 38.500000000000007 99.500000000000014 -0.74999999999999989 -24.499999999999996 56.500000000000007 1.0000000180025095e-35 0.75000000000000011 -38.499999999999993 8.5000000000000018 2.5000000000000004 111.50000000000001 130.50000000000003 -46.499999999999993 -1.1539904220291606 2.5000000000000004 111.25000000000001 37.500000000000007 -0.76590749908646683 133.50000000000003
decision_type=2 8 2 10 2 8 2 2 2 2 2 2 2 10 10 2 2 10 10 10 2 2 2 10 2 2 10 2 2 2
left_child=2 7 6 5 9 15 14 -2 17 11 28 -3 13 -9 -1 -4 -13 27 23 -20 -10 -15 -23 -19 -17 -18 -27 29 -6 -5
right_child=1 4 3 8 10 -7 -8 12 20 -11 -12 16 -14 21 -16 24 25 18 19 -21 -22 22 -24 -25 -26 26 -28 -29 -30 -31
leaf_value=-3.5772275599307633e-05 0.015274214492059009 -0.010854357327085909 0.021875572905878812 0.0070401526170353829 -0.0092712918188986651 0.034307045006896401 -0.0091547947026845034 0.013970892687321053 0.00019229383725515318 0.0063609215456957736 -0.0056121011404259673 0.01682598858048058 -0.010256807545094275 0.001971309575356068 0.02222469956056047 0.013275741313687715 -0.010262457335627834 -0.00065524580025933118 -0.020037780323871286 0.0023268556585416249 0.023781026343178781 -0.018800202649717584 0.005709672733838037 0.024647911731426098 -0.015245871678445393 0.0042464069691244173 -0.017746790170713591 -0.005891386287148517 -0.020347327846651806 0.02783705989905122
leaf_weight=61.700239107012749 73.66415448486805 365.54463343322277 222.33471390604973 89.862066939473152 76.504447147250175 100.4522201269865 146.19459044933319 119.26959177851677 24.951699063181877 78.23950020968914 113.76638373732567 23.076926350593567 76.294516071677208 165.88908614218235 27.929727971553802 48.465033516287804 102.00718522071838 125.37856166064739 54.883024707436562 30.703068241477013 45.950382575392723 61.655054569244385 34.739145219326019 13.691855177283285 11.924915775656698 112.41205461323261 18.662224978208542 33.179729208350182 269.04875628650188 18.78638644516468
leaf_count=250 306 1612 1001 368 352 480 613 500 103 338 510 105 325 690 113 202 446 522 231 126 189 261 149 57 50 480 81 135 1245 77
internal_value=-1.97845e-06 -0.00559666 0.00894927 0.0123784 -0.00935248 0.0229731 -0.00298459 0.00259719 0.00306565 -0.00569791 -0.0148971 -0.00722326 0.000528716 0.00270654 0.00706953 0.0188394 -0.00201952 0.000605258 -0.00339759 -0.0120805 0.0155979 -0.00244937 -0.00999925 0.0019941 0.00748711 -0.00394929 0.00100438 0.00692519 -0.017929 0.0108572
internal_weight=2747.16 1690.77 1056.39 820.564 1159.26 383.177 235.825 531.512 437.387 699.943 459.32 621.703 457.847 381.553 89.63 282.725 256.158 366.485 224.657 85.5861 70.9021 262.283 96.3942 139.07 60.3899 233.081 131.074 141.828 345.553 108.648
internal_count=11917 7400 4517 3541 5169 1733 976 2231 1808 3062 2107 2724 1925 1600 363 1253 1112 1516 936 357 292 1100 410 579 252 1007 561 580 1597 445
is_linear=0
shrinkage=0.03


Tree=29
num_leaves=31
num_cat=2
split_feature=20 26 20 1 13 22 22 20 22 8 26 3 20 5 11 11 20 9 14 25 20 15 5 15 20 22 22 3 12 22
split_gain=238.842 152.723 116.052 41.3674 38.2922 20.7064 23.2062 16.0479 14.6891 14.4277 13.8434 22.9621 10.8538 10.8482 8.72466 11.2894 9.76535 11.0906 8.70162 9.8137 8.20839 8.18498 9.50152 7.98498 7.85371 11.0272 7.69539 7.60705 7.57924 7.54587
threshold=72.750000000000014 0 47.250000000000007 13.500000000000002 1.5000000000000002 1.2500000000000002 17.500000000000004 92.416666666666671 1.0000000180025095e-35 143.50000000000003 1 156.50000000000003 91.833333333333357 -4.0371688470447564 46.500000000000007 69.500000000000014 55.250000000000007 54.500000000000007 1.5000000000000002 52.500000000000007 80.750000000000014 1.0000000180025095e-35 0.098847515454296722 3.5000000000000004 86.416666666666671 1.0000000180025095e-35 -2.4999999999999996 1.0000000180025095e-35 7.5000000000000009 3.7500000000000004
decision_type=10 1 10 2 2 10 10 10 10 2 1 2 8 2 2 2 10 2 2 2 10 2 2 2 10 10 10 2 2 10
left_child=1 2 27 8 18 14 -7 10 26 -6 11 12 -5 -10 16 -16 -4 21 19 -3 -15 22 -18 -19 25 -12 -2 -1 -17 -22
right_child=3 4 5 7 9 6 -8 -9 13 -11 24 -13 -14 20 15 28 17 23 -20 -21 29 -23 -24 -25 -26 -27 -28 -29 -30 -31
leaf_value=0.031510457605845546 0.021104963959481561 0.0048160873954469895 0.022145630456998237 -0.0027950332333564875 -0.0070325060563198481 -0.0061839395422158515 0.025271600912869792 -0.025404923371643441 0.01563367804955686 -0.020266944910825029 -0.0060463768859608412 -0.018423483877420016 0.023783345569829997 -0.0034810220443195752 -0.022044534875936894 0.023842592626483437 0.014036968780545564 -0.0051698926951564451 -0.014426947038763993 0.023087217980457146 -0.010164136159784842 0.020620812243061594 -0.0066643400381076242 0.0094151888467270909 -0.025377886999943644 -0.019167159351129455 0.0014480480153303654 0.022817243234856156 0.00095608667097491905 -0.027667376393167627
leaf_weight=185.03915013372898 19.284614697098732 91.42905929684639 66.130213648080826 160.12720489501953 297.03716354072094 161.05824711918831 23.275145813822746 108.12986758351326 15.940982848405836 98.773065328598022 89.187009617686272 101.33722595870495 14.126898050308226 112.35755467414856 14.53295414149761 15.752660796046255 65.511179834604263 60.36381559073925 13.488775834441183 36.675721496343613 86.619370758533478 90.750392138957977 27.79937806725502 74.35627692937851 84.517483815550804 168.73387315869331 155.7152498960495 215.89805670082569 58.905914828181267 29.970113769173622
leaf_count=900 78 370 275 697 1265 669 96 512 65 457 380 466 62 472 59 64 265 252 58 157 373 370 113 302 399 783 633 969 239 129
internal_value=3.56377e-05 0.00753374 0.0140599 -0.0104089 -0.00549248 0.00642692 -0.00209723 -0.0147386 -0.00290374 -0.0103779 -0.0128344 -0.00689482 -0.000516893 -0.00763432 0.00973859 0.00126714 0.0116932 0.00946242 0.00775593 0.0101853 -0.00931535 0.0142313 0.0078643 0.00289013 -0.016888 -0.014671 0.00372181 0.0268977 0.00603636 -0.0148605
internal_weight=2742.82 1596.78 1059.37 1146.05 537.404 658.436 184.333 726.16 419.888 395.81 618.03 275.591 174.254 244.888 474.103 89.1915 384.911 318.781 141.594 128.105 228.947 184.061 93.3106 134.72 342.438 257.921 175 400.937 74.6586 116.589
internal_count=11929 6880 4573 5049 2307 2704 765 3299 1750 1722 2787 1225 759 1039 1939 362 1577 1302 585 527 974 748 378 554 1562 1163 711 1869 303 502
cat_boundaries=0 1 2
cat_threshold=46 32
is_linear=0
shrinkage=0.03


Tree=30
num_leaves=31
num_cat=0
split_feature=18 20 1 20 20 15 6 20 15 8 20 15 1 8 19 20 23 6 3 13 0 19 5 21 24 6 15 5 12 0
split_gain=239.635 149.278 67.304 30.0233 28.025 17.3023 16.9253 11.8512 13.799 10.6971 10.0617 10.2785 9.30241 9.20527 9.20506 9.01175 8.80403 8.66969 7.84636 8.10239 7.83958 7.632 7.5956 8.73432 7.57399 7.31793 7.11882 10.3859 8.06349 7.53062
threshold=1.0000000180025095e-35 62.750000000000007 14.500000000000002 82.125000000000014 53.750000000000007 1.5000000000000002 15.500000000000002 79.583333333333357 3.5000000000000004 100.50000000000001 29.500000000000004 2.5000000000000004 29.500000000000004 11.500000000000002 1.0000000180025095e-35 94.583333333333357 -108.49999999999999 1.5000000000000002 3.5000000000000004 10.500000000000002 1130.5000000000002 1.0000000180025095e-35 -2.1332705098011391 -6.4999999999999991 1.0000000180025095e-35 3.5000000000000004 2.5000000000000004 -0.71480980686774653 1.0000000180025095e-35 148.50000000000003
decision_type=2 8 2 8 10 2 8 8 2 2 10 2 2 2 2 10 10 10 2 2 2 2 2 10 2 8 2 2 2 2
left_child=1 4 6 5 10 14 7 8 21 24 -1 18 15 -10 -4 20 -6 -15 -12 -20 -5 -3 -9 26 25 -2 28 -28 -24 -30
right_child=9 2 3 12 16 -7 -8 22 13 -11 11 -13 -14 17 -16 -17 -18 -19 19 -21 -22 -23 23 -25 -26 -27 27 -29 29 -31
leaf_value=0.036487900183616848 0.019823501831549191 -0.0043708122973032783 -0.021574193839695024 -0.014318853620352437 -0.0068332653471565421 -0.0035762832098590438 0.0086185443419889221 0.00011235982026190103 -0.01111208450815912 0.00054280645315698379 0.021920167829931982 0.027396130283682641 -0.02451452129522155 -0.0043702684893559768 -0.0022883917258195441 -0.029310312223113685 0.0085314850523651332 0.01954271732923514 -0.012247917006907472 0.01159320281323757 0.0082833733491791389 0.0086591524272504501 0.0026282379669468497 -0.028098616619684203 0.018731330964513702 0.033328608196459428 -0.014845054261617394 0.0050611763056376304 -0.0080246619089187916 -0.020053076108640749
leaf_weight=32.320135667920113 56.295130461454391 229.80236592888832 89.110440671443939 300.56029732525349 41.387446016073227 351.26553019881248 132.64239890873432 152.10694687068462 13.77458882331848 15.39590138196945 42.834217518568039 65.341410398483276 130.74861751496792 16.698606535792351 29.927572682499886 35.252101868391037 163.11959058046341 66.476627200841904 16.55532331764698 47.339920550584793 13.853684112429617 48.093849837779999 41.644305631518364 17.246203705668449 91.987017080187798 141.85564361512661 31.773809924721718 83.179946526885033 158.57923087477684 67.205279320478439
leaf_count=149 253 953 406 1388 169 1507 543 625 57 66 183 280 642 68 127 165 666 271 70 198 66 194 176 74 440 702 135 353 672 294
internal_value=-4.07691e-05 -0.00320631 -0.00656847 -0.0123586 0.0132962 -0.00694804 -0.00136472 -0.0028016 0.00131296 0.0249488 0.0211281 0.018049 -0.0176299 0.010997 -0.016785 -0.014993 0.0054039 0.014747 0.0121253 0.0053224 -0.0132999 -0.00209283 -0.00559433 -0.00776127 0.0262375 0.0296106 -0.00677312 -0.000521582 -0.00944837 -0.0116776
internal_weight=2724.37 2418.84 2009.94 950.718 408.898 470.304 1059.22 926.582 374.846 305.534 204.391 172.071 480.415 96.9498 119.038 349.666 204.507 83.1752 106.729 63.8952 314.414 277.896 551.736 399.629 290.138 198.151 382.383 114.954 267.429 225.785
internal_count=11892 10431 8716 4301 1715 2040 4415 3872 1543 1461 880 731 2261 396 533 1619 835 339 451 268 1454 1147 2329 1704 1395 955 1630 488 1142 966
is_linear=0
shrinkage=0.03


Tree=31
num_leaves=31
num_cat=3
split_feature=18 20 1 20 20 26 11 22 22 3 5 26 20 11 3 6 22 4 20 11 22 9 0 8 26 6 8 14 20 10
split_gain=209.616 142.183 53.408 28.9927 24.9691 16.8969 21.1839 16.882 12.4683 12.3358 11.2845 10.8063 9.74959 9.56343 10.2322 9.50932 11.8698 8.6913 8.30596 9.81014 8.19332 11.4543 8.18096 7.80828 7.46761 8.34488 8.23441 7.17555 7.08773 7.30929
threshold=1.0000000180025095e-35 69.750000000000014 13.500000000000002 50.750000000000007 84.416666666666671 0 52.500000000000007 1.0000000180025095e-35 -2.4999999999999996 9.5000000000000018 -2.4789185542646419 1 73.166666666666671 98.500000000000014 27.500000000000004 9.5000000000000018 1.2500000000000002 12.500000000000002 29.500000000000004 101.50000000000001 23.500000000000004 83.500000000000014 335.50000000000006 23.500000000000004 2 1.5000000000000002 18.500000000000004 15.500000000000002 80.750000000000014 29.500000000000004
decision_type=2 8 2 10 8 1 2 8 8 2 2 1 10 2 2 8 8 2 10 2 8 2 2 2 1 10 2 2 10 2
left_child=1 3 5 18 24 6 12 11 -7 -2 -6 -5 -3 -8 -15 16 -10 -11 -1 -20 21 22 -9 -17 26 -26 -4 -12 29 -18
right_child=9 2 4 7 10 8 13 20 15 17 27 -13 -14 14 -16 23 28 -19 19 -21 -22 -23 -24 -25 25 -27 -28 -29 -30 -31
leaf_value=0.033529528630568718 0.027299637826090229 0.023784600339029911 -0.0083972965799786695 0.013892570457598546 0.0031092553402565118 0.020357410482625279 -0.01093758127226315 0.0010046712945601674 -0.0033836518155376124 0.023886774155606919 -0.015706679323457127 -0.0028187409811604976 0.0066907463384845841 0.020760587880430774 -0.0071334823137028033 0.0016177642071846534 -0.015494799646689908 0.0059984750734060873 0.019546998804503297 -0.0010340665929994429 0.02270778527487265 -0.009838456116877 0.023108292004659463 -0.02212781212163473 -0.0090864241606907741 0.00094726671629409467 -0.022622922496258416 -0.023965997327100242 -0.025977349145512557 -0.0016467644984313576
leaf_weight=29.992413356900215 206.44801792502403 43.573220461606979 104.51791383326054 174.7214390039444 22.288883492350578 15.905504435300825 80.307112753391266 130.52128271758556 204.61309821903706 44.547035127878189 283.45164908468723 45.101530328392982 95.92393547296524 21.441688939929008 24.255061760544777 168.96278285980225 103.52232180535793 54.749715685844421 120.44654385745525 25.045158371329308 12.101908698678015 92.91351655125618 16.05348040163517 12.449566930532454 160.62354449927807 138.23149947822094 57.226131394505501 152.63091336190701 34.683348074555397 51.447745680809021
leaf_count=140 1032 186 476 713 98 64 332 533 853 207 1334 186 387 87 103 688 440 238 518 106 49 389 66 52 704 593 259 744 157 223
internal_value=-0.000265871 -0.00322258 -0.0076077 0.00880992 -0.0126279 -0.00221657 0.0039967 0.00491472 -0.00499034 0.0230995 -0.0175834 0.0109681 0.0121615 -0.00475227 0.00611919 -0.0058113 -0.00842116 0.0141818 0.0191867 0.0160213 -0.000396833 -0.00165393 0.00356573 -0.000124168 -0.007669 -0.00431392 -0.0127548 -0.0186457 -0.0138098 -0.0109375
internal_weight=2728.7 2422.95 1776.06 646.897 918.971 857.085 265.501 471.413 591.584 305.745 458.371 219.823 139.497 126.004 45.6968 575.679 394.267 99.2968 175.484 145.492 251.59 239.488 146.575 181.412 460.599 298.855 161.744 436.083 189.653 154.97
internal_count=11957 10480 7780 2700 4208 3572 1095 1936 2477 1477 2176 899 573 522 190 2413 1673 445 764 624 1037 988 599 740 2032 1297 735 2078 820 663
cat_boundaries=0 1 2 3
cat_threshold=48 42 7
is_linear=0
shrinkage=0.03


Tree=32
num_leaves=31
num_cat=3
split_feature=18 20 1 20 26 20 26 26 9 6 6 10 1 6 25 23 4 8 23 22 8 10 10 11 4 20 10 15 23 1
split_gain=200.099 124.661 61.4548 40.5466 29.6299 21.0741 16.4635 16.1417 14.7106 11.769 11.5982 11.4901 11.2427 10.8773 10.5532 10.0864 9.62899 8.66036 8.20678 8.1067 8.11393 7.87543 8.15775 7.75549 8.42282 7.35455 7.32858 7.25812 7.24143 7.15818
threshold=1.0000000180025095e-35 71.750000000000014 9.5000000000000018 45.250000000000007 0 82.125000000000014 1 2 3.5000000000000004 12.500000000000002 2.5000000000000004 57.500000000000007 20.500000000000004 2.5000000000000004 117.50000000000001 -22.499999999999996 81.500000000000014 17.500000000000004 -121.49999999999999 1.2500000000000002 67.500000000000014 16.500000000000004 28.500000000000004 43.500000000000007 118.50000000000001 55.750000000000007 44.500000000000007 68.500000000000014 -37.499999999999993 11.500000000000002
decision_type=2 8 2 10 1 8 1 1 2 8 10 2 2 8 2 10 2 2 10 10 2 2 2 2 2 10 2 2 10 2
left_child=1 3 6 -1 11 7 8 17 16 -8 27 19 26 -2 -14 23 -3 -4 -12 20 25 -21 -23 -10 -25 -5 -7 -6 -20 -9
right_child=13 2 5 4 10 12 9 29 15 -11 18 -13 14 -15 -16 -17 -18 -19 28 21 -22 22 -24 24 -26 -27 -28 -29 -30 -31
leaf_value=0.024065579837088097 0.011739745006158176 0.032628340278622256 -0.01094711013933277 0.01775280234784922 0.0089060349147051191 -0.017904523302713637 -0.0060375122894209534 0.012368346174817071 0.014877277760462616 0.0050905172099514938 0.0005198121046919227 -0.0090815739604936697 -0.022054003325556529 0.025919898220837539 -0.0081061663934006312 -0.019787721500225019 0.0036117867850629613 -0.028175938484671249 0.030789838913756046 -0.019030013572114392 -0.017407623359743361 0.018555475875175493 -0.0088217013126178443 -0.015391073147262679 0.010575153573625118 0.0035880956735793936 -0.0083804262928194959 -0.013966497359647759 0.013135233701423466 -0.0036231843104893068
leaf_weight=108.67081201076508 64.177342221140862 31.009430795907974 110.80968238413334 41.294145807623863 152.2532419860363 104.54242527484894 272.93359303474426 26.791080847382545 48.308392181992531 123.48198899626732 16.836166232824326 113.85043950378895 241.13271400332451 239.9997368901968 63.142739981412888 13.996230840682982 15.572670534253119 34.653113305568695 50.955349907279015 26.934402272105217 12.520600542426108 14.928012773394583 24.470325723290443 21.574010446667671 21.434800177812576 153.62698583304882 247.78208196163177 12.706672236323355 39.125151664018631 270.44858294725418
leaf_count=489 283 135 500 170 621 455 1151 109 196 500 69 485 1180 1200 296 57 63 160 211 110 52 62 103 88 87 623 1121 52 162 1165
internal_value=8.63682e-05 -0.00280408 -0.00745605 0.00717043 0.00435428 -0.0115449 0.000747697 -0.00646454 0.00878427 -0.00250408 0.0116993 -0.00108739 -0.0149552 0.0229763 -0.0191956 0.00307249 0.0232077 -0.0142433 0.0197932 0.00221841 0.00513474 -0.00684261 0.00175404 0.00675267 -0.00250374 0.00666419 -0.0112491 0.00707065 0.0233502 -0.00207559
internal_weight=2719.96 2415.79 1647.61 768.172 659.501 1099.3 548.311 442.702 151.896 396.416 271.877 387.625 656.6 304.177 304.275 105.313 46.5821 145.463 106.917 273.774 207.442 66.3327 39.3983 91.3172 43.0088 194.921 352.325 164.96 90.0805 297.24
internal_count=11955 10472 7263 3209 2720 4986 2277 1934 626 1651 1115 1605 3052 1483 1476 428 198 660 442 1120 845 275 165 371 175 793 1576 673 373 1274
cat_boundaries=0 1 2 3
cat_threshold=7 48 3
is_linear=0
shrinkage=0.03


Tree=33
num_leaves=31
num_cat=0
split_feature=18 20 1 20 20 15 3 13 5 20 11 2 23 5 1 9 6 23 13 15 2 3 15 6 9 15 15 3 10 13
split_gain=197.141 119.091 49.0512 31.0879 21.4055 19.1713 13.5829 13.1125 11.2994 9.6909 11.7582 10.205 8.46983 12.1953 8.07558 7.25365 8.16899 9.11194 9.12461 7.69409 11.424 9.09486 6.95778 6.78041 6.76539 6.55836 9.1837 6.81629 6.54028 6.45711
threshold=1.0000000180025095e-35 66.750000000000014 14.500000000000002 48.250000000000007 84.166666666666671 1.5000000000000002 12.500000000000002 2.5000000000000004 4.0971146524099096 80.750000000000014 72.500000000000014 16.500000000000004 -55.499999999999993 0.2116839062784617 25.500000000000004 54.500000000000007 1.5000000000000002 -134.49999999999997 14.500000000000002 5.5000000000000009 1.0000000180025095e-35 199.50000000000003 1.0000000180025095e-35 1.5000000000000002 26.500000000000004 35.500000000000007 4.5000000000000009 222.50000000000003 97.500000000000014 90.500000000000014
decision_type=2 8 2 10 8 2 2 2 2 8 2 2 10 2 2 2 10 10 2 2 2 2 2 10 2 2 2 2 2 2
left_child=1 3 7 -1 5 -4 -2 -3 9 10 22 -12 24 -14 23 16 -5 -18 -19 20 -17 -21 -9 -7 -8 26 -6 -28 -25 -30
right_child=6 2 4 15 25 14 12 8 -10 -11 11 -13 13 -15 -16 19 17 18 -20 21 -22 -23 -24 28 -26 -27 27 -29 29 -31
leaf_value=0.022710382400879279 0.027156501882701276 0.0048628193406520656 -0.017977060897231643 -0.0019019771726133865 -0.020001082736031052 -0.0060249742265276515 0.034157067974547164 -0.0066923960400492024 0.018973462595552871 -0.0071719649035577393 0.00053727262155548719 0.033810972989212505 -0.019489821403917605 0.013389043045788775 -0.0093268649035251928 0.019059107920131973 -0.0062960261292689156 0.0071671759509123155 0.021124664511855927 0.011724076077871485 -0.010434343582096212 -0.013178732786010309 0.0023778929294740471 -0.00020407237184106664 0.010527603890888798 -0.022480038365755427 -0.0072488067456788546 -0.026038975174718117 0.025367923039478567 0.00088261382300955425
leaf_weight=123.35219512879848 205.8078930824995 206.03537191450596 111.08410434424877 49.943675145506859 131.49247163534164 97.919785305857658 21.690887957811356 153.30722992122173 18.45026108622551 429.78914727270603 17.27980899810791 15.014350578188894 13.100588977336882 35.483398571610451 141.69066339731216 13.204092025756834 21.935970693826675 88.193869560956955 82.605991527438164 69.476524740457535 70.707799628376961 15.362899467349051 149.44159817695618 84.398490324616432 23.505548492074013 118.65785619616508 155.70489205420017 18.858343452215195 21.062065228819847 17.422559008002281
leaf_count=556 1052 851 508 203 634 424 101 641 76 1832 70 61 57 162 634 54 90 360 342 283 297 63 615 360 102 589 733 94 91 75
internal_value=-8.42689e-05 -0.00292662 -0.00646702 0.00955858 -0.0115382 -0.00712905 0.0228315 -0.00185542 -0.00362654 -0.00419579 -0.000368016 0.0165579 0.0131535 0.00430905 -0.00376443 0.00557 0.008881 0.0116706 0.0140013 0.000784226 -0.00562355 0.00711363 -0.00222207 -0.000169014 0.0223619 -0.0164264 -0.0140138 -0.00941549 0.00450829 0.0145862
internal_weight=2721.98 2422.39 1887.61 534.783 898.291 473.578 299.588 989.318 783.282 764.832 335.043 32.2942 93.7804 48.584 362.494 411.431 242.68 192.736 170.8 168.751 83.9119 84.8394 302.749 220.803 45.1964 424.714 306.056 174.563 122.883 38.4846
internal_count=12010 10536 8288 2248 4142 2092 1474 4146 3295 3219 1387 131 422 219 1584 1692 995 792 702 697 351 346 1256 950 203 2050 1461 827 526 166
is_linear=0
shrinkage=0.03


Tree=34
num_leaves=31
num_cat=4
split_feature=18 20 1 20 26 20 10 26 22 25 15 3 20 26 11 26 3 3 3 22 23 8 10 11 20 8 8 20 22 23
split_gain=195.027 103.747 50.3066 32.6162 23.3527 21.626 20.33 16.1127 13.7833 13.5335 11.7639 11.3956 11.3941 13.1369 21.6289 10.7082 12.2972 10.3549 9.92605 9.62191 9.45396 9.10864 8.52334 8.5156 8.30431 7.88848 11.0121 10.6195 9.86728 7.77941
threshold=1.0000000180025095e-35 61.750000000000007 14.500000000000002 77.833333333333357 0 39.750000000000007 9.5000000000000018 1 1.0000000180025095e-35 132.50000000000003 12.500000000000002 4.5000000000000009 92.416666666666671 2 44.500000000000007 3 111.50000000000001 249.50000000000003 32.500000000000007 1.7500000000000002 -23.499999999999996 8.5000000000000018 120.50000000000001 15.500000000000002 80.750000000000014 35.500000000000007 27.500000000000004 78.166666666666671 4.7500000000000009 -18.499999999999996
decision_type=2 8 2 8 1 10 2 1 8 2 2 2 10 1 2 1 2 2 2 10 10 2 2 2 10 2 2 8 10 10
left_child=1 5 4 7 6 -1 -3 -4 29 12 -2 -6 13 14 22 18 -17 -9 19 21 24 -7 -5 -23 25 26 27 -10 -27 -8
right_child=10 2 3 9 11 15 8 17 20 -11 -12 -13 -14 -15 -16 16 -18 -19 -20 -21 -22 23 -24 -25 -26 28 -28 -29 -30 -31
leaf_value=0.028511285670607001 0.024860074640407428 0.027336183551744612 -0.011587967069347107 0.014960156660754639 -0.00083080452483092371 0.016113661319831097 0.013124319120944972 0.0045240855539653404 -0.01095945754160467 0.0029331869101448249 0.0044921444970877486 -0.0088708783953098825 -0.025053273160200167 -0.017307548893751155 -0.013170505934221562 0.022206207849106326 -0.00053079962688080029 -0.018917369328102302 -0.0071820071535052205 -0.0086896989742548583 -0.015780511040186237 -0.020579159299011641 -0.010113185844198576 0.012279439312140551 -0.0071039710172064981 -0.0028604542568396681 0.032146432594665555 0.022416768567632729 0.023300832474533652 -0.011071078664130289
leaf_weight=58.819771975278854 272.43360951542854 31.484917566180229 100.90104924142361 44.501622691750526 341.82504613697529 89.422928363084793 117.14989764988422 195.83401682972908 18.783027574419975 38.588421925902367 28.694332733750343 295.45725907385349 92.179176062345505 311.14286547899246 134.87836191058159 89.242506146430969 28.006271541118622 17.572550073266029 52.911568209528923 24.945934668183327 33.527936771512032 12.79241067171097 15.875479668378828 13.679615184664724 77.471736654639244 104.02500700950623 18.638085201382637 14.186196297407148 13.804737731814383 12.548242166638373
leaf_count=278 1372 139 462 191 1405 370 477 813 77 170 126 1271 458 1494 635 378 116 75 219 102 140 52 73 57 331 435 76 58 56 51
internal_value=0.000224276 -0.00263406 -0.0052968 -0.0103215 -0.00086015 0.0119597 0.0043873 -0.00240259 0.00267009 -0.0142179 0.0229405 -0.00449597 -0.0153266 -0.0135102 -0.00620367 0.00874791 0.0155054 0.00240256 0.00361808 0.0079526 -0.00107618 0.0115785 0.00831005 -0.00377034 0.00097613 0.0046906 0.0143499 0.00363901 0.000374851 0.0107166
internal_weight=2701.32 2400.2 2030.38 951.474 1078.9 369.821 441.62 314.308 410.135 637.166 301.128 637.282 598.578 506.398 195.255 311.001 117.249 213.407 193.752 140.841 280.437 115.895 60.3771 26.472 246.909 169.437 51.6073 32.9692 117.83 129.698
internal_count=11957 10459 8887 4371 4516 1572 1840 1350 1701 3021 1498 2676 2851 2393 899 1294 494 888 800 581 1173 479 264 109 1033 702 211 135 491 528
cat_boundaries=0 1 2 3 4
cat_threshold=56 3 32 7
is_linear=0
shrinkage=0.03


Tree=35
num_leaves=31
num_cat=2
split_feature=18 20 1 26 26 11 20 3 6 25 20 1 8 10 12 19 0 20 0 4 20 10 12 2 23 8 20 23 5 20
split_gain=191.248 108.446 39.7662 30.8976 19.9183 26.8008 18.3483 17.2093 15.4282 13.9444 13.8609 13.2205 12.9275 11.0033 10.2115 9.92466 12.928 8.77916 9.21233 9.13673 8.69455 8.4213 8.39754 8.35122 8.30057 9.13495 8.20444 8.70788 7.82364 7.57459
threshold=1.0000000180025095e-35 69.750000000000014 21.500000000000004 0 1 49.500000000000007 81.750000000000014 12.500000000000002 1.5000000000000002 147.50000000000003 77.833333333333357 7.5000000000000009 55.500000000000007 32.500000000000007 6.5000000000000009 1.0000000180025095e-35 26.500000000000004 82.125000000000014 630.50000000000011 86.500000000000014 61.750000000000007 9.5000000000000018 44.500000000000007 116.50000000000001 -6.4999999999999991 39.500000000000007 29.500000000000004 -174.49999999999997 0.28768207245178107 58.750000000000007
decision_type=2 8 2 1 1 2 10 2 8 2 8 2 2 2 2 2 2 8 2 2 10 2 2 2 10 2 10 10 2 10
left_child=1 3 4 7 5 11 15 -1 29 10 -4 -3 13 -7 -8 16 21 18 19 -14 -9 -6 -18 -11 25 -2 -10 -28 -17 -5
right_child=24 2 9 8 6 12 14 20 26 23 -12 -13 17 -15 -16 28 22 -19 -20 -21 -22 -23 -24 -25 -26 -27 27 -29 -30 -31
leaf_value=0.0070538698326846998 0.026030837747214319 0.020204008349260203 -0.0050160282086119104 0.013191357018591806 5.4935295676668833e-05 -0.0024930763399660431 -0.006298816834221138 0.00044004349427193468 0.036881187031493949 -0.01172726755262057 -0.018136016459776746 0.0039991472687228302 0.013503840877965063 0.025500300740694065 -0.019905830915008658 0.011794355968650581 -0.0088050351030565938 -0.011556155446840955 0.021530534723497155 -0.018030383760478025 -0.015238898918270849 0.023507121462179741 0.01562742652166426 0.020771100966170512 -0.0032384776864724536 0.010229182538150416 -0.0073706972252626747 0.018186579735164753 -0.0076889624959870888 -0.0014226800617252919
leaf_weight=149.56699155271053 245.22775448858738 66.120591193437576 93.181768968701363 59.525611907243729 103.66318564116955 32.813581869006157 85.5723035633564 59.65008082985878 19.790151059627533 11.80682845413685 340.76033763587475 141.54990069568157 12.542268812656401 19.393817707896233 121.60563218593597 56.642656430602074 399.36852525174618 167.75770597159863 15.139573097229002 20.471527263522148 67.120620980858803 14.893695577979086 12.189586117863653 15.223982512950895 10.31959083676338 40.068014085292816 12.241312071681021 199.92893078923225 26.526025846600533 67.168493375182152
leaf_count=615 1253 280 411 255 419 133 375 248 98 51 1675 587 52 81 557 232 1727 757 65 86 292 61 54 67 50 183 52 845 109 271
internal_value=0.000179331 -0.00263694 -0.006476 0.00798044 -0.00377912 0.00114006 -0.00656366 0.000176397 0.0135933 -0.014035 -0.0153367 0.00923074 -0.00509521 0.00818962 -0.0143429 -0.00402349 -0.0055351 -0.00833044 0.00291387 -0.00600542 -0.0079157 0.00317309 -0.00804527 0.00666413 0.0229015 0.0238551 0.0185584 0.0166844 0.00556277 0.00549307
internal_weight=2687.83 2392.22 1757.22 634.992 1296.25 475.789 820.462 276.338 358.654 460.973 433.942 207.67 268.118 52.2074 207.178 613.284 530.115 215.911 48.1534 33.0138 126.771 118.557 411.558 27.0308 295.615 285.296 231.96 212.17 83.1687 126.694
internal_count=11941 10455 7779 2676 5575 2041 3534 1155 1521 2204 2086 867 1174 214 932 2602 2261 960 203 138 540 480 1781 118 1486 1436 995 897 341 526
cat_boundaries=0 1 2
cat_threshold=3 48
is_linear=0
shrinkage=0.03


Tree=36
num_leaves=31
num_cat=3
split_feature=18 20 20 8 26 24 6 13 10 3 12 8 26 15 8 23 19 12 5 20 26 8 10 0 12 25 20 13 19 15
split_gain=176.763 108.171 43.1225 26.4236 21.0387 20.2245 20.1707 15.7261 14.4333 13.2909 10.904 10.3947 13.5262 10.0551 9.83735 11.5302 9.99992 10.5009 9.50898 9.8475 8.93202 18.0321 10.736 7.41487 9.84685 7.31246 7.21704 6.97286 8.62261 7.64793
threshold=1.0000000180025095e-35 58.750000000000007 82.125000000000014 207.50000000000003 0 1.0000000180025095e-35 21.500000000000004 11.500000000000002 27.500000000000004 23.500000000000004 39.500000000000007 63.500000000000007 1 30.500000000000004 1.5000000000000002 -53.499999999999993 1.0000000180025095e-35 14.500000000000002 0.66079911157425786 37.250000000000007 2 87.500000000000014 46.500000000000007 131.50000000000003 23.500000000000004 72.500000000000014 72.166666666666671 80.500000000000014 1.0000000180025095e-35 16.500000000000004
decision_type=2 8 10 2 1 2 8 2 2 2 2 2 1 2 2 10 2 2 2 10 1 2 2 2 2 2 8 2 2 2
left_child=1 7 3 4 27 8 11 18 -4 -2 -9 12 13 -6 23 16 -16 -18 19 -1 21 22 -10 -14 -25 -15 -5 28 29 -3
right_child=9 2 5 26 6 -7 -8 10 20 -11 -12 -13 14 25 15 -17 17 -19 -20 -21 -22 -23 -24 24 -26 -27 -28 -29 -30 -31
leaf_value=0.033604261863345794 0.025528291625205916 0.0065909940494691529 0.00052528485691126026 -0.0041148248029043398 0.0066014034574551211 0.0039114319371670028 0.01150230595890879 0.021723149171598857 -0.01438214465746962 0.0099762767727206991 -0.007394468030775439 -0.010515634540867099 0.0025284429005051523 -0.014732799218064901 -0.01753595729259504 -0.0031695924124405602 0.015796060467223812 -0.017195884943163119 -0.014572783482369584 0.0040389558648333528 -0.020216758122790352 -0.014929301416671804 0.013589490198474117 -0.011048401596610845 0.013668643466513699 0.0090563852816729525 -0.019477958323466635 0.018544839418436401 0.025595494678739145 -0.0077952617483939566
leaf_weight=11.476779401302336 226.84204578399658 127.92630435526371 55.573137894272804 39.669042810797691 198.76003150641918 64.223559081554413 82.763191029429436 177.88710783421993 17.205440998077393 65.485947325825691 11.906517550349234 172.43022885918617 203.61596249043941 38.767251044511795 133.24238283932209 197.336679905653 18.152694433927536 14.885401934385298 17.921973064541817 56.131776586174965 225.68551184237003 173.33243201673031 37.664497196674347 90.771467715501785 16.347574695944786 15.649821847677229 93.835586294531822 40.502191171050072 15.548104450106619 43.892067864537239
leaf_count=57 1192 523 234 170 824 284 341 776 71 296 50 773 839 167 584 851 74 62 76 237 1094 833 162 398 72 67 446 172 64 186
internal_value=0.000109553 -0.00258359 -0.00488499 -0.00227234 -0.0010601 -0.0119009 -0.00267185 0.0150723 -0.0138979 0.0220903 0.0198673 -0.00377209 -0.00250847 0.00334473 -0.0046878 -0.00809984 -0.013897 0.000862962 0.00432541 0.00947441 -0.0156612 -0.0097786 0.00471806 -0.000832279 -0.00718477 -0.00785129 -0.0149775 0.00708764 0.00490196 0.00289209
internal_weight=2685.43 2393.1 2117.78 1544.1 1410.59 573.685 1182.72 275.324 509.461 292.328 189.794 1099.96 927.529 253.177 674.352 363.617 166.28 33.0381 85.5305 67.6086 453.888 228.202 54.8699 310.735 107.119 54.4171 133.505 227.869 187.366 171.818
internal_count=11975 10487 9291 6613 5997 2678 5052 1196 2394 1488 826 4711 3938 1058 2880 1571 720 136 370 294 2160 1066 233 1309 470 234 616 945 773 709
cat_boundaries=0 1 2 3
cat_threshold=32 24 32
is_linear=0
shrinkage=0.03


Tree=37
num_leaves=31
num_cat=3
split_feature=18 20 1 20 26 15 26 10 22 20 8 22 26 12 9 20 0 6 20 15 23 22 10 15 12 20 19 22 15 22
split_gain=177.072 93.1817 44.7669 21.7612 16.9038 23.5702 16.099 18.6905 16.6041 12.8037 14.2589 12.3763 10.627 10.1946 13.7348 9.94062 9.26079 8.91024 8.84697 8.87262 8.77676 8.72717 8.91706 8.4684 8.02367 7.63607 7.22159 7.06867 6.78609 8.64321
threshold=1.0000000180025095e-35 55.250000000000007 13.500000000000002 77.833333333333357 0 28.500000000000004 1 9.5000000000000018 1.0000000180025095e-35 75.583333333333357 14.500000000000002 1.0000000180025095e-35 2 8.5000000000000018 5.5000000000000009 39.750000000000007 159.50000000000003 7.5000000000000009 66.250000000000014 12.500000000000002 -139.49999999999997 109.75000000000001 90.500000000000014 15.500000000000002 6.5000000000000009 66.750000000000014 1.0000000180025095e-35 -3.4999999999999996 2.5000000000000004 1.7500000000000002
decision_type=2 8 2 8 1 2 1 2 8 10 2 10 1 2 2 10 2 8 8 2 10 10 2 2 2 10 2 8 2 10
left_child=1 15 6 12 5 21 7 -3 25 10 20 -6 16 -12 -15 -1 -4 18 -2 -20 -8 22 -5 -24 26 -9 -11 -22 29 -17
right_child=17 2 3 4 11 -7 9 8 -10 24 13 -13 -14 14 -16 28 -18 -19 19 -21 27 -23 23 -25 -26 -27 -28 -29 -30 -31
leaf_value=0.026912943806027066 0.037964444030809702 0.0266759158714595 0.015288294575607774 -0.001002787925286758 -0.011351809193978279 -0.014487379327111652 -0.016748664019490826 0.026972403321341758 -0.0017175207477247018 -0.0081382947577599285 -0.023506851804631079 -0.022144307679583738 0.00072141092364673214 -0.019707201645917251 0.010738673594089752 0.011109795551040859 -0.011727088107512823 0.027420008253486245 0.017280592112285786 -0.0042302466869544716 0.020895547485989496 -0.013420808150426632 0.029072259837593581 0.0043352094708628327 -0.017493257584897188 0.0079621269580000351 0.013392833949364538 0.0018236536180385478 0.020436367353511689 -0.012550838277633831
leaf_weight=56.071199879050255 14.704626336693762 30.924146220088005 11.54352258145809 69.704815357923508 208.36361975967884 144.05953893065453 21.032337948679924 22.748983964323997 251.17559349536896 74.430206820368767 36.215418323874474 183.04208640754223 252.03309418261051 23.063814878463745 28.955870389938354 90.550331011414528 144.28422127664089 151.6663203984499 99.972765520215034 20.397293284535408 17.351819142699242 24.300965741276741 21.862956002354622 28.284102395176888 74.046275705099106 104.42826494574547 16.276521265506744 380.80279186367989 57.281274378299713 15.522398814558981
leaf_count=273 68 138 50 301 994 704 87 96 1046 320 153 918 1047 100 125 383 647 824 490 90 70 115 97 132 325 424 66 1568 249 64
internal_value=0.000136488 -0.00254103 -0.00442787 -0.00872294 -0.0120075 -0.00574964 -0.000104792 0.00451723 0.00275966 -0.00294496 -0.000622763 -0.0160339 -0.00323395 -0.011513 -0.00287712 0.0160451 -0.00906319 0.0223697 0.0165392 0.0136307 0.00169147 0.00262598 0.00596374 0.0154775 -0.0102278 0.0115465 -0.00417081 0.00270509 0.0121737 0.00756248
internal_weight=2675.1 2388.36 2168.93 1087.48 679.618 288.212 1081.45 409.277 378.353 672.175 507.422 391.406 407.861 88.2351 52.0197 219.425 155.828 286.741 135.075 120.37 419.187 144.153 119.852 50.1471 164.753 127.177 90.7067 398.155 163.354 106.073
internal_count=11964 10492 9523 5005 3261 1349 4518 1704 1566 2814 2103 1912 1744 378 225 969 697 1472 648 580 1725 645 530 229 711 520 386 1638 696 447
cat_boundaries=0 1 2 3
cat_threshold=32 56 7
is_linear=0
shrinkage=0.03


Tree=38
num_leaves=31
num_cat=2
split_feature=18 22 3 26 22 22 6 6 12 24 25 15 2 12 24 11 8 26 11 8 14 12 13 5 8 13 11 1 15 6
split_gain=152.708 56.9552 48.4965 20.1125 17.2318 15.715 14.8137 12.2725 11.7729 11.6059 11.0396 10.6072 9.69264 9.27307 8.67899 8.10732 7.66963 7.50129 11.7356 6.72664 7.81783 6.7266 6.05866 6.60125 5.86004 5.79966 5.76753 6.62515 7.16488 6.84378
threshold=1.0000000180025095e-35 1.0000000180025095e-35 5.5000000000000009 0 1.2500000000000002 -2.4999999999999996 1.5000000000000002 1.5000000000000002 1.0000000180025095e-35 1.0000000180025095e-35 107.50000000000001 12.500000000000002 1.5000000000000002 12.500000000000002 1.0000000180025095e-35 69.500000000000014 10.500000000000002 1 50.500000000000007 26.500000000000004 7.5000000000000009 4.5000000000000009 32.500000000000007 0.35667494393873261 19.500000000000004 27.500000000000004 100.50000000000001 16.500000000000004 5.5000000000000009 20.500000000000004
decision_type=2 8 2 1 8 10 10 10 2 2 2 2 2 2 2 2 2 1 2 2 2 2 2 2 2 2 2 2 2 10
left_child=1 3 8 -1 9 -5 15 10 -3 17 12 14 24 19 -2 -7 -9 18 -4 20 -8 -12 -19 -24 -6 -22 27 28 29 -10
right_child=11 2 4 5 7 6 13 16 26 -11 21 -13 -14 -15 -16 -17 -18 22 -20 -21 25 -23 23 -25 -26 -27 -28 -29 -30 -31
leaf_value=-0.012166261392693251 0.026886172790786332 0.011723032699405205 0.0087351379391026034 0.019483102688635328 0.014366088601477112 0.0016080732315648099 0.0099259060647065734 -0.014763534782539884 -0.0027366081652456277 0.010887699315006008 -0.025416262338043446 0.0037663471588164038 -0.019227733291148096 0.0014544132637728381 0.014817373291170192 -0.011099472717904301 -0.0051195023932091663 -0.0035208803460349851 -0.010821915200840287 0.017365325334140685 0.004687848776904935 -0.0022719450400365397 -0.020089996178125683 -0.0039679345783678478 -0.013143831715646852 -0.020951251536662933 0.019830952966960084 -0.019825712627443117 0.015034014892909108 0.011291432971996569
leaf_weight=51.839575096964836 171.86388522386551 106.50694069266319 71.080758213996887 67.397458523511887 12.303720593452455 159.75286071002483 179.00399029254913 96.588763386011124 246.0876017510891 45.693039327859879 12.232996448874472 29.234569787979126 275.37599810957909 152.9998939037323 84.572771444916725 61.898521304130554 319.35324420034885 96.071384280920029 43.775040239095688 90.279211550951004 18.053590238094333 79.256566643714905 61.451252937316895 36.983049780130386 13.635392457246779 12.784755051136015 12.08659780025482 14.190537184476851 26.673705369234085 34.846250474452972
leaf_count=229 912 444 305 281 54 679 758 435 1029 197 56 130 1333 653 440 271 1442 429 199 380 76 369 287 167 61 54 50 65 110 141
internal_value=0.000338569 -0.00213424 -0.00538577 0.00443356 -0.00859243 0.00569492 0.00437521 -0.0110094 0.0030886 -0.00307164 -0.0148144 0.0210328 -0.0175821 0.00747881 0.0229789 -0.00197456 -0.00738905 -0.00516189 0.00115278 0.010535 0.00752797 -0.0056079 -0.00850165 -0.0141336 -4.61302e-05 -0.00626564 0.0003075 -0.000484956 0.000468623 -0.000962731
internal_weight=2683.87 2398.2 1604.19 794.01 1163.8 742.17 674.773 808.747 440.392 355.055 392.805 285.671 301.315 453.121 256.437 221.651 415.942 309.361 114.856 300.122 209.842 91.4896 194.506 98.4343 25.9391 30.8383 333.885 321.798 307.608 280.934
internal_count=12036 10554 7173 3381 5334 3152 2871 3750 1839 1584 1873 1482 1448 1921 1352 950 1877 1387 504 1268 888 425 883 454 115 130 1395 1345 1280 1170
cat_boundaries=0 1 2
cat_threshold=1 32
is_linear=0
shrinkage=0.03


Tree=39
num_leaves=31
num_cat=2
split_feature=20 26 20 1 26 3 20 22 22 13 22 0 22 5 23 24 6 9 6 1 11 10 13 15 10 21 20 5 6 0
split_gain=129.149 79.344 86.7487 31.9968 23.3093 27.7817 18.8254 14.8853 17.7808 14.7621 12.7598 11.9173 11.6235 12.592 11.3726 11.4049 10.2228 10.0955 8.20098 8.03141 7.97808 7.77153 7.699 7.67429 10.5144 7.51338 7.41887 7.12732 6.8886 10.0972
threshold=72.750000000000014 0 49.250000000000007 10.500000000000002 1 131.50000000000003 79.166666666666671 1.2500000000000002 4.7500000000000009 1.5000000000000002 -1.0000000180025095e-35 154.50000000000003 1.7500000000000002 -0.10110072102849464 -134.49999999999997 1.0000000180025095e-35 2.5000000000000004 36.500000000000007 2.5000000000000004 27.500000000000004 99.500000000000014 111.50000000000001 49.500000000000007 12.500000000000002 67.500000000000014 -2.4999999999999996 85.833333333333357 2.2700080454041536 2.5000000000000004 214.50000000000003
decision_type=10 1 10 2 1 2 10 10 10 2 10 2 10 2 10 2 10 2 8 2 2 2 2 2 2 10 10 2 10 2
left_child=1 2 18 9 5 12 10 14 -9 -3 -6 -8 13 21 17 16 22 -4 -1 25 -11 -2 -16 24 -14 -7 -27 -12 -5 -30
right_child=4 3 7 28 6 19 11 8 -10 20 27 -13 23 -15 15 -17 -18 -19 -20 -21 -22 -23 -24 -25 -26 26 -28 -29 29 -31
leaf_value=0.014471315567587297 -0.0003427603592405942 0.0093901845072523454 -0.021762745045826523 -0.018342892722760448 0.01429103051644888 -0.0012361052016470124 -0.0068498099180816091 -0.010834064749338254 0.0082157452192296223 -0.0052756149103763425 -0.009004496209362103 -0.018517775445418778 -0.0031558899235410993 0.021268344753625698 -0.0044684332923115013 0.020313332795459847 0.010938756198418711 0.0058891399055270256 0.024577147918929801 -0.019369107378094934 0.017718788256878695 0.021165750087522323 0.0085627686059890074 -0.010102782641329463 0.025372052244976771 -0.0050262196665023734 -0.038399696103216606 0.012206032507954349 -0.024050310681464442 0.00069143642782453158
leaf_weight=106.51306095719337 100.20116756856441 128.04344414174557 21.962982431054115 119.34700131416321 26.714948877692223 70.215357139706612 107.39802554249763 114.36955636739731 70.472736716270447 185.83716569840908 188.08488231897354 312.63531796634197 43.663238227367401 46.334420964121819 102.07282787561417 58.129229933023453 181.95971776545048 23.940001428127289 268.99389415979385 77.505786880850792 13.67295980453491 16.799578681588173 66.551480919122696 73.69869165122509 14.761884599924086 13.487514302134516 10.324649333953856 14.563941851258276 19.847805172204971 51.37243814766407
leaf_count=491 413 533 90 581 110 320 464 481 294 785 837 1512 182 193 422 240 753 99 1424 397 56 74 273 343 64 61 51 62 88 235
internal_value=-0.000234109 0.00541666 0.0102306 -0.00413261 -0.00799195 -0.00264277 -0.0116095 0.00359857 -0.00356603 0.00147936 -0.00484696 -0.0155578 0.00287754 0.00820749 0.00651306 0.008104 0.00602759 -0.00752324 0.0217567 -0.012266 -0.00361924 0.00289874 0.000694792 -0.00372364 0.00435774 -0.00626882 -0.020461 -0.00742769 -0.0139517 -0.00644119
internal_weight=2649.48 1533.09 1014.97 518.121 1116.39 466.992 649.397 639.459 184.842 327.554 229.364 420.033 295.459 163.335 454.616 408.713 350.584 45.903 375.507 171.533 199.51 117.001 168.624 132.124 58.4251 94.0275 23.8122 202.649 190.567 71.2202
internal_count=11928 6845 4567 2278 5083 2098 2985 2652 775 1374 1009 1976 1269 680 1877 1688 1448 189 1915 829 841 487 695 589 246 432 112 899 904 323
cat_boundaries=0 1 2
cat_threshold=46 32
is_linear=0
shrinkage=0.03


Tree=40
num_leaves=31
num_cat=4
split_feature=18 20 6 20 25 20 22 2 26 3 26 3 8 0 26 20 5 22 24 26 15 20 9 24 2 23 11 11 15 23
split_gain=146.831 84.592 31.0276 24.0619 23.5357 16.7288 16.7035 17.5361 15.1229 15.0302 14.3801 13.5284 13.4439 11.7956 11.6848 10.9844 10.5504 10.54 9.46957 9.25375 8.92206 8.57583 8.33955 8.15152 7.82816 7.79331 7.53846 7.50105 7.49199 7.31239
threshold=1.0000000180025095e-35 66.750000000000014 2.5000000000000004 49.250000000000007 132.50000000000003 84.166666666666671 1.0000000180025095e-35 7.5000000000000009 0 134.50000000000003 1 23.500000000000004 14.500000000000002 24.500000000000004 2 70.166666666666671 0.18232155679395481 3.2500000000000004 1.0000000180025095e-35 3 6.5000000000000009 81.750000000000014 13.500000000000002 1.0000000180025095e-35 44.500000000000007 -11.499999999999998 31.500000000000004 1.0000000180025095e-35 20.500000000000004 -24.499999999999996
decision_type=2 8 8 10 2 10 8 2 1 2 1 2 2 2 1 8 2 10 2 1 2 10 2 2 2 10 2 2 2 10
left_child=1 3 4 -1 6 10 14 -8 9 26 13 18 16 -4 -3 20 24 23 -2 22 -15 28 -5 -7 25 -12 -9 -26 -10 -20
right_child=11 2 5 19 -6 17 7 8 21 -11 12 -13 -14 15 -16 -17 -18 -19 29 -21 -22 -23 -24 -25 27 -27 -28 -29 -30 -31
leaf_value=0.019110468664197102 0.028364219686179283 0.00078374859240851831 0.03172437966858687 0.022740124385540499 0.0092356958721810101 -0.0088225315300567292 -0.0017545753430783921 0.012992764902147973 -0.018839777632922754 -0.015193694355172165 0.0019054323580967284 0.0082528611841211075 -0.013638524645051759 0.0029643701655427497 -0.013336278067433621 0.0019812354874950877 -0.012499926077326889 -0.024818593222566059 0.019881526050291209 0.000222339707785605 0.034177436617308397 -0.026849873012972984 0.0063842130127405384 0.01461395437264329 -0.025778961272700445 0.021555173330991415 -0.0047651456750787656 0.00495111513793759 -0.0044193180258142719 -0.0025262420827708134
leaf_weight=130.57661870121956 143.85375407338142 172.30301803350449 13.815651088953016 35.398651972413063 56.967770099639893 117.34569776058197 106.23274381458759 28.873359486460686 186.07469081878662 124.16548676788807 249.9152792096138 66.486209973692894 86.349947318434715 15.167336493730543 65.663251221179962 243.87404888868332 54.425295874476433 34.007816538214684 55.067219391465187 233.32877285778522 17.606842651963234 106.63383947312832 128.86234483122826 14.144423529505728 16.137705743312839 18.616955295205116 75.897774890065193 11.790149152278898 40.103618815541267 16.833545237779617
leaf_count=611 800 730 67 150 246 522 472 125 897 616 1034 307 382 62 300 1030 234 159 298 966 72 558 530 60 71 76 349 52 183 90
internal_value=-0.000172811 -0.0025977 -0.00561185 0.00798538 -0.00934478 -0.00158159 -0.0105221 -0.0129514 -0.0150619 -0.00783548 0.000380646 0.0202487 -0.00303781 0.00543691 -0.00367725 0.00421041 -0.000484049 -0.0101601 0.0238902 0.00429289 0.020248 -0.019185 0.00945321 -0.00621019 0.00175648 0.00334264 0.00020524 -0.0130831 -0.0163136 0.0146727
internal_weight=2666.52 2384.28 1856.11 528.166 962.916 893.197 905.948 667.982 561.749 228.937 727.699 282.241 437.235 290.464 237.966 276.648 350.885 165.498 215.755 397.59 32.7742 332.812 164.261 131.49 296.46 268.532 104.771 27.9279 226.178 71.9008
internal_count=12049 10554 8297 2257 4476 3821 4230 3200 2728 1090 3080 1495 1849 1231 1030 1164 1467 741 1188 1646 134 1638 680 582 1233 1110 474 123 1080 388
cat_boundaries=0 1 2 3 4
cat_threshold=32 56 42 40
is_linear=0
shrinkage=0.03


Tree=41
num_leaves=31
num_cat=2
split_feature=18 20 1 20 26 0 22 20 24 20 1 20 4 20 22 26 5 13 24 23 20 22 5 0 21 22 13 10 22 5
split_gain=136.67 94.1634 36.0173 22.2981 18.8224 20.4519 15.2674 14.6889 11.7428 10.7468 10.6003 10.4832 9.94848 9.08242 8.80031 8.36289 8.23853 8.95747 8.42269 6.91292 6.90295 6.38053 12.2842 7.47557 6.30329 6.24414 6.18415 6.13803 6.13493 6.10505
threshold=1.0000000180025095e-35 68.750000000000014 20.500000000000004 45.250000000000007 0 105.50000000000001 1.2500000000000002 79.166666666666671 1.0000000180025095e-35 85.583333333333357 7.5000000000000009 86.166666666666671 10.500000000000002 86.416666666666671 5.2500000000000009 1 0.12341160612581305 19.500000000000004 1.0000000180025095e-35 -139.49999999999997 71.166666666666671 1.0000000180025095e-35 -2.0811278839191552 140.50000000000003 3.5000000000000004 4.7500000000000009 49.500000000000007 16.500000000000004 -0.74999999999999989 -0.93023247154921418
decision_type=2 8 2 10 1 2 10 10 2 8 2 8 2 8 10 1 2 2 2 10 8 10 2 2 10 10 2 2 10 2
left_child=1 3 4 -1 5 11 15 16 12 26 27 -3 -2 24 -15 -5 18 -18 19 -6 -19 22 -12 -24 -7 -8 -4 -9 -28 -14
right_child=8 2 9 6 7 13 25 10 -10 -11 21 -13 29 14 -16 -17 17 20 -20 -21 -22 -23 23 -25 -26 -27 28 -29 -30 -31
leaf_value=0.020402554639191616 0.029111643172200632 0.00089409107957009418 -0.016134656602404956 -0.0060961268457665214 -0.019519759983943619 0.0062937458969599619 -0.0090829083123517944 -0.0098491126682067956 0.010710747928955036 -0.017773496420229438 0.012734101352195501 0.030096760921849833 0.023750048552827082 -0.0028721748968999514 -0.022791752922380178 0.0091454932148409135 -0.014259306339736589 -0.016813053776469758 0.015106854163107756 -0.0013469216316368815 0.0065712900233894384 -0.020209113521499702 0.0059376956456719636 -0.0198533494940509 -0.01088206173657975 0.0046099444638459256 0.010808158415709977 0.0088074629226560838 -0.0077170682704544875 0.0047108185689210148
leaf_weight=98.740596801042557 118.72915077209473 17.187357515096664 77.012649357318878 31.347473740577698 18.965375885367393 156.39372701942921 80.936251178383827 33.969731017947197 92.652504041790962 235.09784930944443 17.445627152919769 30.372098609805107 28.456084936857224 201.08938068151474 21.22178141772747 338.32085700333118 106.88344922661781 14.393280446529387 25.691870287060738 338.32019820809364 42.380085915327072 114.71410065889359 11.969590425491331 52.816301435232162 20.98389258980751 46.481792166829109 16.793135762214661 28.078820660710335 179.460015848279 32.515409648418427
leaf_count=472 668 70 364 135 81 649 339 142 487 1221 75 138 153 881 98 1405 465 60 107 1426 183 557 50 232 90 192 72 120 828 149
internal_value=-0.000523517 -0.00285112 -0.00633814 0.00744971 -0.00360005 0.00136371 0.00484098 -0.00629287 0.0195574 -0.0130659 -0.0122438 0.019779 0.0240341 -0.000837416 -0.00486724 0.00792233 -0.00357102 -0.00918327 -0.00115509 -0.00236336 0.000454449 -0.0156357 -0.00908954 -0.0150705 0.00421222 -0.00409079 -0.00896582 -0.00140067 -0.00608513 0.0138365
internal_weight=2629.42 2357.07 1761.24 595.827 1252.88 447.248 497.086 805.628 272.353 508.364 258.994 47.5595 179.701 399.689 222.311 369.668 546.634 163.657 382.977 357.286 56.7734 196.946 82.2315 64.7859 177.378 127.418 273.266 62.0486 196.253 60.9715
internal_count=11909 10452 7909 2543 5424 1926 2071 3498 1457 2485 1176 208 970 1718 979 1540 2322 708 1614 1507 243 914 357 282 739 531 1264 262 900 302
cat_boundaries=0 1 2
cat_threshold=48 1
is_linear=0
shrinkage=0.03


Tree=42
num_leaves=31
num_cat=2
split_feature=18 20 1 20 26 26 20 25 3 25 20 4 8 0 6 6 3 19 3 4 23 20 24 10 24 2 8 20 4 3
split_gain=144.037 92.3809 42.005 26.3128 23.642 20.6904 13.4903 12.726 11.6417 11.2267 10.7214 10.6281 10.4291 10.2216 9.99657 9.50122 9.27254 9.27244 9.0602 11.6444 8.52405 8.24568 7.77901 7.41568 7.31791 9.02923 7.09607 6.03041 7.06986 6.00608
threshold=1.0000000180025095e-35 61.750000000000007 10.500000000000002 86.833333333333357 0 1 45.250000000000007 117.50000000000001 179.50000000000003 142.50000000000003 83.833333333333357 1.5000000000000002 15.500000000000002 131.50000000000003 2.5000000000000004 2.5000000000000004 22.500000000000004 1.0000000180025095e-35 32.500000000000007 103.50000000000001 -139.49999999999997 73.166666666666671 1.0000000180025095e-35 53.500000000000007 1.0000000180025095e-35 1.0000000180025095e-35 85.500000000000014 66.250000000000014 12.500000000000002 154.50000000000003
decision_type=2 8 2 8 1 1 10 2 2 2 10 2 2 2 10 10 2 2 2 2 10 10 2 2 2 2 2 8 2 2
left_child=1 6 4 5 11 7 -1 14 -9 15 12 -3 20 -14 -4 -5 22 18 19 -7 -6 -16 -2 24 25 -13 -27 -18 -29 -20
right_child=16 2 3 9 10 17 -8 8 -10 -11 -12 23 13 -15 21 -17 27 -19 29 -21 -22 -23 -24 -25 -26 26 -28 28 -30 -31
leaf_value=0.021048579059341131 0.028360275767415795 0.019179593955030876 -0.007276148543585958 -0.017942359234440639 -0.018799205249735568 -0.011329396359398166 0.0081353655557035963 0.0089464716055184194 -0.015403599162181911 0.0076696573125685074 -0.016046952672902941 0.011023612156077091 -0.020802934673090797 0.0064793526506005394 0.014662378645861758 -0.007776412972023276 0.030287126063823389 0.0072300941067165976 -0.022921856096214156 0.01792965804645736 0.0013155296563670206 -0.0023971467474351088 0.015806274145023891 0.022147125266571574 0.017657298299634406 -0.0011239561576836085 -0.022482270793400989 0.018810291383461488 -0.0026630922787137935 -0.0047665980985626315
leaf_weight=100.47759632766247 133.82669542729855 61.580203473567963 286.47603221237659 294.91609810292721 18.971348002552986 97.654624134302139 267.31934301555157 135.22377929091454 19.379674300551414 19.942392140626907 49.611848101019859 48.490696579217911 42.444427892565727 16.720680356025696 36.892950117588043 118.12079872190952 10.880546838045118 19.539528116583824 96.416858643293381 13.066457182168959 373.86318223178387 77.292381644248962 73.679692089557648 19.27458781003952 25.073798477649689 88.627247184514999 15.653750985860823 23.01386059820652 31.943238899111748 20.451477840542793
leaf_count=485 767 267 1272 1508 80 444 1117 571 87 90 217 199 184 72 151 554 51 85 468 60 1549 335 403 80 103 364 65 115 141 103
internal_value=0.000302177 -0.00208538 -0.00463252 -0.00804478 0.000915097 -0.00481857 0.0117106 -0.00144631 0.00581479 -0.0139987 -0.00289385 0.0080834 -0.0014818 -0.0131131 -0.00429166 -0.0150609 0.0208787 -0.0118244 -0.014002 -0.00774689 0.000298852 0.00319418 0.0239999 0.00494565 0.00296797 0.000457919 -0.00451317 0.0108293 0.00650457 -0.0198122
internal_weight=2636.83 2363.48 1995.68 1235.37 760.312 802.394 367.797 555.265 154.603 432.979 501.611 258.7 452 59.1651 400.661 413.037 273.344 247.129 227.589 110.721 392.835 114.185 207.506 197.12 177.845 152.772 104.281 65.8376 54.9571 116.868
internal_count=11987 10510 8908 5728 3180 3576 1602 2416 658 2152 2102 1078 1885 256 1758 2062 1477 1160 1075 504 1629 486 1170 811 731 628 429 307 256 571
cat_boundaries=0 1 2
cat_threshold=56 44
is_linear=0
shrinkage=0.03


Tree=43
num_leaves=31
num_cat=4
split_feature=18 22 3 26 26 3 10 22 26 15 15 24 10 5 23 25 2 3 8 5 5 26 5 10 2 12 22 21 4 5
split_gain=122.331 50.9979 28.7315 19.7954 17.0842 22.8942 16.0656 10.8127 10.0087 9.70094 9.2689 8.97171 8.80144 8.22223 7.86363 8.37798 7.11173 9.47211 6.7999 7.04831 6.44172 6.3058 14.732 10.4568 10.1619 7.24431 6.75659 11.8262 8.75553 8.98101
threshold=1.0000000180025095e-35 1.0000000180025095e-35 1.0000000180025095e-35 0 1 170.50000000000003 74.500000000000014 -2.4999999999999996 2 12.500000000000002 20.500000000000004 1.0000000180025095e-35 218.50000000000003 0.28768207245178107 -25.499999999999996 72.500000000000014 1.0000000180025095e-35 39.500000000000007 168.50000000000003 -0.89452759934920978 0.098847515454296722 3 0.5399976512303214 62.500000000000007 1.0000000180025095e-35 11.500000000000002 -0.74999999999999989 -5.4999999999999991 20.500000000000004 1.1024733117150651
decision_type=2 8 2 1 1 2 2 10 1 2 2 2 2 2 10 2 2 2 2 2 2 1 2 2 2 2 10 10 2 2
left_child=1 3 8 -1 5 10 16 13 -3 11 -4 -2 20 -5 15 -10 17 -6 19 -8 -12 24 23 -23 -9 -25 -26 28 29 -28
right_child=9 2 4 7 6 -7 18 21 14 -11 12 -13 -14 -15 -16 -17 -18 -19 -20 -21 -22 22 -24 25 26 -27 27 -29 -30 -31
leaf_value=-0.011983510560794716 0.025468293341258996 0.01478456842739486 0.0071029917786862226 0.027689479048835845 -0.0052488249533562412 -0.012754268105042028 -0.0022848859319803904 0.022173016811326298 -0.0058444849405827207 0.0025374680469678417 -0.010534475856470056 0.012889538579637837 0.019536006079574706 0.0061013170396535619 0.0085486348325573801 0.0096604939474304301 -0.0085633216284003322 0.013414321986353901 -0.024907015742415675 -0.015555085362093435 0.0086947832982280076 0.0070303593829461062 -0.015606088590281572 -0.023124509251640769 0.015503655037751061 -0.00088698562094628687 0.038507896684322807 -0.014329997531580145 0.0022459254309569071 0.0092563783155652606
leaf_weight=53.736516416072845 156.54866003990173 41.891083240509033 169.6213266402483 32.318741768598557 94.635254859924316 123.27015660703182 44.560097873210907 36.822649046778679 156.03094919025898 28.153185725212097 81.506796464323997 80.872788026928902 11.775149330496786 31.716249987483025 76.257920116186142 38.241900354623795 432.83773340284824 31.893824249505997 55.385914519429207 195.78676387667656 18.553378656506538 215.50136531889439 39.547799810767174 16.125347703695297 49.709518015384674 57.673621699213982 11.712394043803213 28.683461114764214 152.07609240710735 40.908362284302711
leaf_count=241 885 185 721 136 407 611 217 159 646 127 379 437 57 133 313 159 1960 140 293 965 85 923 170 72 212 258 50 126 644 174
internal_value=3.29694e-05 -0.00216083 -0.00525298 0.0041801 -0.00727141 -0.00197878 -0.00963556 0.00550449 0.0028835 0.0192883 0.00269898 0.0212556 -0.00398437 0.0172552 0.000432567 -0.00275854 -0.00673812 -0.000476161 -0.0153995 -0.0131145 -0.00691819 0.0044046 0.00129832 0.0036997 0.00731525 -0.00599016 0.00556889 0.00339568 0.00593711 0.0163639
internal_weight=2604.36 2338.78 1572.25 766.532 1259.83 404.727 855.1 712.796 312.422 265.575 281.457 237.421 111.835 64.035 270.531 194.273 559.367 126.529 295.733 240.347 100.06 648.761 328.848 289.3 319.912 73.799 283.09 233.38 204.697 52.6208
internal_count=11885 10436 7138 3298 5835 1853 3982 3057 1303 1449 1242 1322 521 269 1118 805 2507 547 1475 1182 464 2788 1423 1253 1365 330 1206 994 868 224
cat_boundaries=0 1 2 3 4
cat_threshold=1 32 16 40
is_linear=0
shrinkage=0.03


Tree=44
num_leaves=31
num_cat=3
split_feature=18 22 1 26 26 15 6 24 26 0 6 23 5 5 11 5 22 10 0 3 24 21 1 25 1 1 4 9 1 3
split_gain=115.451 57.1518 29.6163 16.2516 15.5609 15.2144 13.5054 10.8452 10.6937 13.8858 8.2902 9.23929 8.22798 8.01719 9.52583 9.8683 12.1983 7.98107 8.75369 8.29221 7.79295 7.77647 7.47105 7.44758 7.32289 6.78958 6.7121 6.36551 5.91371 7.62294
threshold=1.0000000180025095e-35 1.0000000180025095e-35 10.500000000000002 0 1 28.500000000000004 2.5000000000000004 1.0000000180025095e-35 2 40.500000000000007 6.5000000000000009 -45.499999999999993 -2.0749572066884552 -3.2720997869755908 41.500000000000007 3.2619279743942671 -0.74999999999999989 67.500000000000014 397.50000000000006 177.50000000000003 1.0000000180025095e-35 -5.4999999999999991 30.500000000000004 82.500000000000014 2.5000000000000004 27.500000000000004 82.500000000000014 187.50000000000003 28.500000000000004 104.50000000000001
decision_type=2 8 2 1 1 2 8 2 1 2 8 10 2 2 2 2 10 2 2 2 2 10 2 2 2 2 2 2 2 2
left_child=1 4 8 5 12 17 -2 13 9 -3 24 -12 -1 -6 15 16 -15 18 26 -19 -8 22 27 -5 -10 -7 -4 -18 -25 -30
right_child=6 2 3 23 7 25 20 -9 10 -11 11 -13 -14 14 -16 -17 21 19 -20 -21 -22 -23 -24 28 -26 -27 -28 -29 29 -31
leaf_value=0.0062909539676568333 0.0060255907656333371 0.028354405994043732 0.0088523337194678954 -0.013998485008858313 0.013774078574905771 -0.0037614722628097333 0.026398245805547723 0.015097455778087866 0.013764458376119887 0.0028952493246581336 -0.0058278608161186993 0.0062608377968072955 -0.019234318753775952 0.012935945080667331 -0.0032690652029543662 0.023925564373733617 0.0026481641054360672 0.011049635829879239 -0.019966002452913183 -0.0090076974857045133 0.013623502749092905 -0.015569750184894258 0.023923798401746774 -0.0038723559233785699 -0.009145221596583767 -0.015783218356769341 -0.011583774812215434 -0.015560682551450943 -0.032608137018918841 -0.0027249154897962691
leaf_weight=15.557751849293707 59.986961528658867 20.834615111351013 37.87818156182766 424.79851847887039 70.739572733640671 82.23926155269146 139.14808133244514 97.012046724557877 12.637454271316527 167.75494149327278 100.99756024777889 127.72746515274048 37.455810233950615 104.72331722080708 152.09040729701519 23.708034187555313 213.31412735581398 94.520192414522171 23.604722961783409 22.218541756272316 67.504098489880562 22.579563274979591 12.789158523082731 140.72271592915058 176.63228595256805 87.83466961979866 22.04405203461647 17.798897355794907 15.227889746427538 14.967381805181502
leaf_count=66 284 102 158 2070 308 384 814 410 53 694 419 524 173 444 669 101 898 417 104 107 373 101 55 659 771 451 93 78 75 74
internal_value=1.779e-05 -0.00211583 -0.00539036 -0.00864988 0.00458977 -0.00336423 0.0186834 0.00573744 -0.000193496 0.00554987 -0.00285612 0.000920728 -0.0099277 0.00433822 0.00309505 0.00554809 0.00431323 0.00214783 -0.00489823 0.0071881 0.022311 0.000888945 0.00246998 -0.0116727 -0.00755125 -0.0100261 0.00126761 0.00118483 -0.0065233 -0.0183576
internal_weight=2607.05 2340.41 1572.64 966.056 767.769 370.34 266.639 714.755 606.584 188.59 417.995 228.725 53.0136 617.743 547.004 394.913 371.205 200.266 83.527 116.739 206.652 266.482 243.902 595.717 189.27 170.074 59.9222 231.113 170.918 30.1953
internal_count=11929 10458 7155 4592 3303 1714 1471 3064 2563 796 1767 943 239 2654 2346 1677 1576 879 355 524 1187 1132 1031 2878 824 835 251 976 808 149
cat_boundaries=0 1 2 3
cat_threshold=32 1 56
is_linear=0
shrinkage=0.03


Tree=45
num_leaves=31
num_cat=3
split_feature=18 22 1 26 3 26 8 6 2 6 4 1 0 3 6 26 22 25 24 12 8 13 8 2 8 1 5 10 12 13
split_gain=107.853 46.8994 24.0009 17.1153 15.8724 12.5406 12.4584 9.94205 9.30283 8.6543 8.12884 8.09309 8.97689 8.18197 7.39432 6.9979 7.22294 6.74933 9.36809 7.82682 7.60839 7.09575 6.90237 6.49235 6.33255 12.3063 11.3104 6.93533 6.12014 6.10326
threshold=1.0000000180025095e-35 1.0000000180025095e-35 10.500000000000002 0 9.5000000000000018 1 170.50000000000003 23.500000000000004 19.500000000000004 1.5000000000000002 27.500000000000004 27.500000000000004 980.50000000000011 109.50000000000001 1.5000000000000002 2 -1.2499999999999998 72.500000000000014 1.0000000180025095e-35 1.0000000180025095e-35 14.500000000000002 15.500000000000002 56.500000000000007 6.5000000000000009 12.500000000000002 26.500000000000004 0.51987545928590884 21.500000000000004 5.5000000000000009 53.500000000000007
decision_type=2 8 2 1 2 1 2 8 2 8 2 2 2 2 10 1 10 2 2 2 2 2 2 2 2 2 2 2 2 2
left_child=1 3 7 -1 -2 6 -4 -3 -7 15 14 12 -8 -13 -6 -5 -17 18 19 -10 21 -19 -22 -9 26 29 27 -11 -12 -26
right_child=4 2 5 9 10 8 11 23 17 24 28 13 -14 -15 -16 16 -18 20 -20 -21 22 -23 -24 -25 25 -27 -28 -29 -30 -31
leaf_value=-0.011399629491654123 0.023492029260553562 -0.00146437991075237 0.002066436199283218 -0.0075617003255542331 -0.0025608015074674714 -0.0033932742660108661 -0.007432753583145873 0.0058970307454541361 0.0023068235088894609 0.013691784903671497 -0.018708563753222853 0.0045052891737800051 0.015716478917864617 -0.019642927740436463 0.022111747425455779 0.017342361718297665 0.0012330079940668095 0.0028715745372868053 0.0078047262210332808 -0.017270107800854279 0.0066530636535862778 -0.021896982124783866 -0.0098415277177376827 0.028861523312778373 0.016447427070999776 -0.013082616154121665 -0.0094723722041523181 0.0023879804308063308 0.0057500870650448246 0.0057418064540213911
leaf_weight=49.074819773435593 176.11105065047741 528.41456289589405 196.71520315110683 56.290114253759384 14.570706099271773 130.79152056574821 68.766694098711014 59.159039974212646 19.394923821091652 86.804639562964439 12.330066308379172 14.920868948101996 18.250433623790741 70.816666975617409 40.578006908297539 29.027654722332954 152.23791036009789 13.592901781201361 15.024929136037825 287.40727449953556 44.919708505272865 40.655175179243088 44.449318245053291 12.882920280098913 154.23564600944519 16.614019319415092 42.778105333447456 111.28821881115437 28.829605430364609 71.494906336069107
leaf_count=221 1046 2237 869 251 71 605 313 248 98 369 56 73 87 369 215 122 650 64 70 1431 207 197 217 54 663 74 180 479 129 305
internal_value=0.000321496 -0.00176439 -0.0047437 0.00429494 0.0181491 -0.00766968 -0.00301313 -3.29569e-05 -0.010322 0.00546013 0.00823799 -0.00894923 -0.00245418 -0.0154369 0.0156636 0.00084201 0.00369122 -0.0124789 -0.0148956 -0.0160291 -0.0069978 -0.0157511 -0.00156894 0.0103426 0.00783681 0.0112558 0.00436457 0.00738522 -0.00184687 0.0130969
internal_weight=2608.43 2336.01 1566.16 769.846 272.419 965.706 369.47 600.457 596.236 720.771 96.3084 172.755 87.0171 85.7375 55.1487 237.556 181.266 465.444 321.827 306.802 143.617 54.2481 89.369 72.042 483.216 242.345 240.871 198.093 41.1597 225.731
internal_count=11970 10453 7139 3314 1517 4600 1711 2539 2889 3093 471 842 400 442 286 1023 772 2284 1599 1529 685 261 424 302 2070 1042 1028 848 185 968
cat_boundaries=0 1 2 3
cat_threshold=1 32 4
is_linear=0
shrinkage=0.03


Tree=46
num_leaves=31
num_cat=1
split_feature=18 22 6 26 24 12 2 3 24 25 15 22 8 9 5 6 25 5 14 22 4 9 2 12 21 12 9 3 15 9
split_gain=106.365 45.1895 25.2058 18.8684 17.1404 14.1318 11.4784 10.484 10.7475 10.2079 9.86852 9.37834 8.44775 11.4211 11.0838 9.05151 8.12727 7.53172 7.35387 7.24794 6.96954 6.132 5.94817 8.55712 5.94507 5.71182 7.29566 5.53258 5.42654 5.30547
threshold=1.0000000180025095e-35 1.0000000180025095e-35 2.5000000000000004 0 1.0000000180025095e-35 1.5000000000000002 6.5000000000000009 9.5000000000000018 1.0000000180025095e-35 147.50000000000003 2.5000000000000004 -2.4999999999999996 25.500000000000004 41.500000000000007 2.1766420829041144 1.5000000000000002 82.500000000000014 -3.131127375944772 7.5000000000000009 130.16666666666671 16.500000000000004 22.500000000000004 4.5000000000000009 12.500000000000002 7.5000000000000009 6.5000000000000009 111.50000000000001 120.50000000000001 1.5000000000000002 17.500000000000004
decision_type=2 8 8 1 2 2 2 2 2 2 2 10 2 2 2 10 2 2 2 8 2 2 2 2 10 2 2 2 2 2
left_child=1 3 4 -1 6 16 -3 8 -2 10 -8 -5 13 15 17 22 -4 -14 -12 24 -15 -9 -13 -24 -20 26 -22 -27 -23 -18
right_child=7 2 5 11 -6 -7 9 21 -10 -11 18 12 14 20 -16 -17 29 -19 19 -21 25 28 23 -25 -26 27 -28 -29 -30 -31
leaf_value=-0.012010673129675549 0.028237991767286943 -0.00085781531896052688 0.0031450102887159701 0.016224859858640084 0.005060712143464082 -0.0031812854181575236 -0.018309456951630131 0.018730869392171726 0.012301749191776455 0.0074500901936178079 -0.0035677646381453518 -0.019854320908650917 0.021037253932011991 -0.020748371455314062 0.028020249796849733 0.008306857980724662 0.026722946182922723 0.0046404801130205094 -0.011394414345241303 -0.023288081257389841 0.018256440908945893 -0.016054248116229655 0.014723514234208706 -0.014690711985108455 0.0076698415057706434 -0.010156238885660652 -0.0086420562726919059 0.010643921079782096 0.0077570607681429144 0.0026986103818684489
leaf_weight=51.182514756917953 110.3953890055418 108.25042515993118 154.92585368454456 65.199026226997375 75.894162937998772 572.90340894460678 171.63346898555756 39.827205792069435 61.635875642299652 24.04171946644783 124.50589494407177 16.840571522712708 27.537365719676018 21.321407034993172 22.664006933569908 194.06261031329632 24.031101703643799 227.46643240749836 232.17186717689037 45.286547258496284 21.312485620379448 9.7042556554079038 18.743400484323502 15.217715352773665 15.039684325456617 68.970867082476616 14.508496820926664 12.92553851008415 43.579951032996178 12.721914902329443
leaf_count=232 681 481 653 274 343 2506 842 207 353 107 575 71 118 90 98 839 104 976 1145 249 89 46 80 67 73 300 63 58 202 55
internal_value=0.000270269 -0.0017735 -0.00471568 0.00413015 -0.00844594 -0.000822155 -0.00987287 0.0182414 0.0226324 -0.0114617 -0.0122454 0.005373 0.00436175 0.00147143 0.00833829 0.00536307 0.0062089 0.00648639 -0.00971171 -0.0123059 -0.00537158 0.00997424 -0.00582549 0.00150002 -0.0102084 -0.00243517 0.00742298 -0.00678459 0.00320463 0.0186988
internal_weight=2604.5 2339.36 1561.41 777.952 796.824 764.582 720.93 265.143 172.031 612.679 588.637 726.77 661.571 383.903 277.668 244.864 191.679 255.004 417.004 292.498 139.039 93.1114 50.8017 33.9611 247.212 117.717 35.821 81.8964 53.2842 36.753
internal_count=11977 10488 7133 3355 3815 3318 3472 1489 1034 2991 2884 3123 2849 1657 1192 1057 812 1094 2042 1467 600 455 218 147 1218 510 152 358 248 159
cat_boundaries=0 1
cat_threshold=1
is_linear=0
shrinkage=0.03


Tree=47
num_leaves=31
num_cat=3
split_feature=20 26 8 6 26 8 6 23 1 11 20 22 25 20 20 4 5 24 20 20 5 5 1 23 22 22 26 20 12 12
split_gain=106.209 74.9874 34.3945 32.3253 18.6983 23.9296 16.9419 14.5904 13.3808 11.048 10.4543 10.1084 9.23786 8.4304 7.94038 7.77426 11.9946 7.70329 7.53752 7.06351 6.89287 6.88935 7.83063 9.17931 7.0705 6.8861 6.63768 10.6694 9.1118 8.00011
threshold=73.166666666666671 0 67.500000000000014 1.5000000000000002 1 95.500000000000014 18.500000000000004 -183.49999999999997 15.500000000000002 97.500000000000014 63.250000000000007 113.25000000000001 52.500000000000007 58.750000000000007 90.833333333333357 149.50000000000003 0.12341160612581305 1.0000000180025095e-35 49.250000000000007 92.416666666666671 -2.3954971866666237 -0.69314718055994529 2.5000000000000004 -31.499999999999996 1.2500000000000002 1.7500000000000002 2 55.750000000000007 25.500000000000004 15.500000000000002
decision_type=10 1 2 8 1 2 8 8 2 2 10 10 2 8 10 2 2 2 10 10 2 2 2 8 8 10 1 10 2 2
left_child=1 3 6 13 5 15 9 18 17 21 -9 19 -8 -1 -10 16 -2 -6 -5 -7 -4 24 23 -23 -3 -18 27 -24 -28 -29
right_child=4 2 20 7 8 11 12 10 14 -11 -12 -13 -14 -15 -16 -17 25 -19 -20 -21 -22 22 26 -25 -26 -27 28 29 -30 -31
leaf_value=0.012272085105692889 -0.0024705859732143997 0.0088159081288230658 0.00023850122936991259 0.010486645970044129 -0.0082103403780448836 -0.0030158835478373515 0.004044812972161276 0.021921758648551684 -0.013102131491323469 0.02479824808172798 0.011441751873844318 -0.020990887347459495 0.019593582304445519 -0.00089572637366262559 -0.026616310820554271 0.021934130404008347 0.022961428335790453 0.0058346915692081783 -0.023201711468303143 -0.016921917285511439 -0.014880549121974545 0.024292941629712472 0.010079174984429232 -0.0073440053827190203 -0.0010654173038782615 -7.2883398810199749e-05 -0.016161152948042119 -0.0017778473531326283 0.012108570270789997 -0.019383663135067019
leaf_weight=62.042634204030037 97.65248703956604 108.38986973464489 33.098385691642761 11.480028703808786 271.63743841648102 198.68579426407814 69.562427893280983 294.33399869501591 244.81513333320618 14.935704946517943 126.14681871235371 43.334095299243927 68.306056663393974 142.6586734354496 47.373897060751915 23.714110866189003 34.041063591837883 39.620764777064323 10.583651989698408 38.563402816653252 148.94324199855328 17.333673477172852 49.745496138930321 14.34857088327408 160.76711528003216 17.51164174079895 80.133448794484138 91.399316817522049 11.007462441921232 30.254936963319778
leaf_count=274 404 452 141 63 1204 918 283 1515 1224 62 521 225 371 602 259 103 141 168 44 200 734 77 221 63 714 75 357 392 52 136
internal_value=0.000131128 0.00514189 -0.000532687 0.0128161 -0.00719354 -0.0023697 0.00242444 0.0175656 -0.0105944 0.000164689 0.0188123 -0.00782124 0.011834 0.00313555 -0.0153766 0.00633395 0.003725 -0.00640956 -0.00597853 -0.00533776 -0.0121454 -0.000531151 -0.0036982 0.0101786 0.00293171 0.0152845 -0.00540505 -0.00141795 -0.0114138 -0.00627868
internal_weight=2602.42 1545.47 898.226 647.246 1056.95 453.503 716.184 442.544 603.447 578.316 420.481 280.583 137.868 204.701 292.189 172.919 149.205 311.258 22.0637 237.249 182.042 563.38 294.223 31.6822 269.157 51.5527 262.541 171.4 91.1409 121.654
internal_count=11995 7074 4055 3019 4921 2066 3180 2143 2855 2526 2036 1343 654 876 1483 723 620 1372 107 1118 875 2464 1298 140 1166 216 1158 749 409 528
cat_boundaries=0 1 2 3
cat_threshold=44 32 18
is_linear=0
shrinkage=0.03


Tree=48
num_leaves=31
num_cat=1
split_feature=18 20 22 24 26 13 20 22 21 6 6 23 5 15 25 5 23 20 22 6 15 4 24 20 20 3 14 20 20 10
split_gain=94.0463 68.4893 25.8446 17.4467 16.473 24.7942 14.0021 12.6799 12.6092 11.6207 10.6112 10.4318 9.90702 9.59392 9.36468 7.75802 7.59735 7.46863 9.08807 8.22119 8.74064 6.96526 7.33882 6.87777 6.86508 6.51681 6.45958 6.39791 6.30152 6.17732
threshold=1.0000000180025095e-35 62.750000000000007 1.0000000180025095e-35 1.0000000180025095e-35 0 1.5000000000000002 29.500000000000004 -0.74999999999999989 -5.4999999999999991 1.5000000000000002 1.5000000000000002 -184.49999999999997 1.1462673785702726 3.5000000000000004 147.50000000000003 -2.1332705098011391 -21.499999999999996 72.750000000000014 5.2500000000000009 3.5000000000000004 3.5000000000000004 45.500000000000007 1.0000000180025095e-35 57.250000000000007 80.750000000000014 74.500000000000014 1.5000000000000002 75.583333333333357 88.583333333333357 70.500000000000014
decision_type=2 8 10 2 1 2 10 10 10 10 8 10 2 2 2 2 10 10 10 10 2 2 2 10 10 2 2 10 10 2
left_child=1 6 4 9 7 26 -1 -3 27 14 12 -8 -2 -13 28 -7 17 18 19 20 -11 22 -12 -15 -17 -25 -6 -9 -4 -19
right_child=10 2 3 -5 5 15 11 8 -10 16 21 13 -14 23 -16 24 -18 29 -20 -21 -22 -23 -24 25 -26 -27 -28 -29 -30 -31
leaf_value=0.029398278185831198 0.014493133951171133 0.013477543058488488 -0.011966491512728701 0.0038679671231181207 0.0090706804411869613 -0.00025118290540091388 -0.014700422007192352 0.007835952627417625 -0.019402412899134056 -0.022908983857813949 0.02562706309316375 0.0050891113989246809 -0.017874617759818221 0.021001993035542458 0.010166248083803965 -0.0084962828563037943 -0.019425338056519838 -0.0107254223733047 0.018620697950686157 0.0050695314214695107 0.0027899745105971581 0.0044243848575955466 0.013294821981904372 0.016488107027720213 -0.023479769508193082 -0.0053263102879700201 -0.012773676872815229 -0.0011636380799316377 -0.021531615000252552 -0.0023022266386277805
leaf_weight=27.998312458395958 19.549122676253319 91.348118424415588 268.43192079663277 101.12369324266911 122.07338477671146 96.95570370554924 16.986235409975052 121.12552060186863 24.49241104722023 26.307692468166351 126.45009517669678 227.00980687141418 13.530540332198141 76.558555245399475 14.003792271018026 310.03206840157509 35.60011425614357 205.58378958702087 20.953160315752029 56.517697438597679 20.77845498919487 25.606179237365723 71.919925421476364 25.378118202090263 29.714064478874207 22.429399386048317 12.645549222826956 169.61688300967216 83.304210305213928 127.32050678133965
leaf_count=150 89 378 1300 451 512 409 73 497 108 117 779 974 66 345 63 1438 161 921 88 236 86 128 412 106 148 92 57 718 464 622
internal_value=-0.0001687 -0.00206774 -0.00439224 -0.00788653 -0.000957994 -0.00420027 0.00927994 0.00361232 0.000834251 -0.00927351 0.0170174 0.00767534 0.00111777 0.00879568 -0.0133251 -0.0077413 -0.0062473 -0.00518164 0.00107952 -0.00261216 -0.0117462 0.0193502 0.0212451 0.0154668 -0.00987179 0.00635421 0.00694122 0.00259967 -0.0142865 -0.00752048
internal_weight=2591.35 2334.29 1937.93 959.925 978.004 571.421 396.36 406.583 315.235 858.801 257.056 368.362 33.0797 351.376 365.74 436.702 493.061 457.461 124.557 103.604 47.0861 223.976 198.37 124.366 339.746 47.8075 134.719 290.742 351.736 332.904
internal_count=11988 10514 8774 4509 4265 2564 1740 1701 1323 4058 1474 1590 155 1517 1827 1995 2231 2070 527 439 203 1319 1191 543 1586 198 569 1215 1764 1543
cat_boundaries=0 1
cat_threshold=42
is_linear=0
shrinkage=0.03


Tree=49
num_leaves=31
num_cat=4
split_feature=20 18 20 1 26 6 26 26 5 11 25 1 23 23 24 20 26 22 22 23 4 22 6 10 11 2 2 12 0 20
split_gain=97.2934 58.5159 39.3998 19.3514 18.127 16.2963 21.986 15.3982 15.262 13.1909 10.7143 10.2781 10.0958 9.70792 8.82069 8.64646 8.40515 8.23694 8.42215 7.9428 7.84099 7.67965 7.58789 7.49432 7.48848 7.09349 8.69874 13.1535 8.49533 6.83133
threshold=75.166666666666671 1.0000000180025095e-35 55.250000000000007 23.500000000000004 0 2.5000000000000004 1 2 0.098847515454296722 50.500000000000007 147.50000000000003 10.500000000000002 -20.499999999999996 -64.499999999999986 1.0000000180025095e-35 39.750000000000007 3 98.750000000000014 1.2500000000000002 -75.499999999999986 2.5000000000000004 4.7500000000000009 1.5000000000000002 38.500000000000007 68.500000000000014 1.5000000000000002 17.500000000000004 7.5000000000000009 101.50000000000001 65.750000000000014
decision_type=10 2 8 2 1 8 1 1 2 2 2 2 10 10 2 10 1 10 10 10 2 10 8 2 2 2 2 2 2 10
left_child=1 2 15 4 9 7 25 11 13 -2 12 -4 -5 29 19 -1 -17 18 23 20 -6 -20 -18 -13 -11 -7 27 28 -27 -8
right_child=3 -3 5 10 14 6 8 -9 -10 24 -12 17 -14 -15 -16 16 22 -19 21 -21 -22 -23 -24 -25 -26 26 -28 -29 -30 -31
leaf_value=0.0249100201594986 0.0068299127537785349 0.017830672109284441 0.011179258664534147 -0.017126675606455664 0.018901555819862116 0.019518369557427005 -0.010802222124127138 -0.010382866660070465 -0.012874188961737046 -0.021390491125189568 0.008916285728409282 -0.01824707621041274 0.0068321488551485341 0.0052353824446756698 0.0032772090299551071 0.018218295848231474 -0.0089992235655248099 0.015835372391215439 -0.016685593554265812 -0.013848933983784489 -0.0067165968433746306 0.0013336077948420157 0.0089914692528542707 0.0030848636067342056 -0.0024829492977512936 0.0070968744518655792 0.01187497662178362 0.0186501958514151 -0.020581084529706781 0.0044959519545779694
leaf_weight=49.60900217294693 161.49269738793373 253.86109113693237 61.192759916186333 245.03394563496113 11.09987862408161 57.814132750034332 74.242060348391533 192.78721901774406 80.024403855204582 22.983350291848183 16.45877368748188 15.742302656173704 16.400955945253372 224.19438664615154 45.929267197847366 63.425855919718742 28.596952080726624 19.581574603915215 64.083279266953468 227.8199904859066 97.511982068419456 31.425528883934021 73.053114578127861 128.31428045034409 89.733514845371246 14.69743239879608 129.43414852023125 18.506418704986572 27.606157347559929 39.664518117904663
leaf_count=261 677 1477 254 1297 49 254 311 927 349 101 73 65 84 932 199 291 118 82 286 1060 461 139 315 539 404 64 552 77 115 169
internal_value=0.000228342 0.00461267 0.00219448 -0.00749976 -0.00467868 3.83055e-05 0.00313139 -0.00397567 -0.00115141 0.00130258 -0.0141243 0.000216981 -0.0156033 0.00161905 -0.00876567 0.0139837 0.0105699 -0.00239624 -0.00394608 -0.0106744 -0.00394993 -0.0108043 0.00354635 0.000644017 -0.00649246 0.00997194 0.00750537 -0.00183699 -0.0110232 -0.00548233
internal_weight=2582.32 1647.86 1394 934.464 656.571 1179.31 666.184 513.127 418.125 274.21 277.894 320.34 261.435 338.101 382.361 214.685 165.076 259.147 239.565 336.432 108.612 95.5088 101.65 144.057 112.717 248.058 190.244 60.81 42.3036 113.907
internal_count=11982 7577 6100 4405 2951 5115 2823 2292 1761 1182 1454 1365 1381 1412 1769 985 724 1111 1029 1570 510 425 433 604 505 1062 808 256 179 480
cat_boundaries=0 1 2 3 4
cat_threshold=32 60 42 40
is_linear=0
shrinkage=0.03


Tree=50
num_leaves=31
num_cat=3
split_feature=18 20 20 1 26 26 20 3 8 26 3 22 15 8 8 23 5 20 20 10 10 5 3 11 11 4 5 23 5 2
split_gain=93.7082 60.7452 24.9975 24.4242 22.397 15.1817 17.9152 17.0863 11.51 11.3999 10.1108 9.372 9.18598 11.0012 8.76174 10.4845 8.15569 10.2171 8.15393 7.92133 7.4873 8.99852 8.39879 7.84555 7.81126 7.40006 7.07521 8.80475 6.94497 6.7305
threshold=1.0000000180025095e-35 70.750000000000014 39.750000000000007 7.5000000000000009 0 1 88.833333333333357 155.50000000000003 213.50000000000003 2 43.500000000000007 109.75000000000001 3.5000000000000004 46.500000000000007 100.50000000000001 -6.4999999999999991 -2.1965466111306506 77.583333333333357 79.166666666666671 6.5000000000000009 108.50000000000001 0.27311985439885494 96.500000000000014 47.500000000000007 93.500000000000014 155.50000000000003 0.083306131544387277 -21.499999999999996 0.023834507652869878 97.500000000000014
decision_type=2 8 10 2 1 1 10 2 2 1 2 10 2 2 2 10 2 8 10 2 2 2 2 2 2 2 2 10 2 2
left_child=1 2 -1 9 10 7 8 11 16 26 25 12 -5 -14 15 -2 -7 -18 -13 -11 21 23 -23 -15 -25 29 27 -3 -21 -4
right_child=14 3 4 5 -6 6 -8 -9 -10 19 -12 18 13 20 -16 -17 17 -19 -20 28 -22 22 -24 24 -26 -27 -28 -29 -30 -31
leaf_value=0.025094552950544805 0.019827600568065245 -0.0022072801402152069 0.001491232061771807 -0.013593724626931054 0.010175769499080082 0.0028211435622127528 -0.020705537499789047 -0.011567767892369558 -0.021787595938837379 0.027628705265544621 -0.010397549904396319 0.0097829058818267676 0.02266334896091456 0.0020023930934821763 -0.0051184353078305676 -0.012312735919755121 -0.0015628945105534136 -0.010824874761768705 -0.019174925504417208 -7.4774448211289683e-05 0.011957821674560609 -0.0015810440721976831 0.031451961000971036 -0.022333450310511756 0.0028116595302129636 0.019193175280335165 -0.010344112760832165 0.013044740359754449 0.016434167444342434 -0.01715560489047311
leaf_weight=52.75098118185997 231.39594025909901 197.79807968437672 265.63838870823383 24.561382189393044 271.28552566468716 69.564118400216103 118.08694203197956 133.18173758685589 49.29237212240696 17.175215214490891 80.289663955569267 11.258844107389448 27.992895528674126 71.5953598767519 14.482835561037062 8.8700241446495038 152.61935514211655 362.15048414468765 31.561142817139626 62.833912923932076 57.450084045529366 13.889722093939783 12.64142197370529 30.812033221125603 16.779199227690697 18.917053833603859 70.647290527820587 40.109876215457916 35.107364803552628 17.639331102371216
leaf_count=280 1375 821 1109 101 1150 303 621 679 270 87 352 48 116 301 67 48 687 1764 153 258 267 58 54 137 75 80 310 165 145 77
internal_value=-3.27212e-07 -0.00190437 0.00542208 -0.00512662 0.00379886 -0.00733789 -0.00987735 -0.00261492 -0.00798553 0.00105285 -0.000978669 0.001317 0.00350156 0.0053687 0.0172321 0.0185949 -0.006786 -0.00808723 -0.0115114 0.00864898 0.00288647 -0.000747086 0.0147291 -0.00428599 -0.0135926 0.00151758 -0.00201425 0.000407959 0.0059492 0.000273854
internal_weight=2568.38 2313.63 706.521 1607.11 653.77 1183.44 751.713 431.724 633.626 423.672 382.484 298.542 255.722 231.161 254.749 240.266 584.334 514.77 42.82 115.116 203.168 145.718 26.5311 119.187 47.5912 302.195 308.555 237.908 97.9413 283.278
internal_count=11958 10468 3048 7420 2768 5634 3645 1989 3024 1786 1618 1310 1109 1008 1490 1423 2754 2451 201 490 892 625 112 513 212 1266 1296 986 403 1186
cat_boundaries=0 1 2 3
cat_threshold=7 32 71
is_linear=0
shrinkage=0.03


Tree=51
num_leaves=31
num_cat=3
split_feature=18 20 24 20 26 15 12 26 3 3 26 20 23 23 21 20 3 24 8 4 15 1 10 12 20 11 15 9 25 8
split_gain=83.4787 68.4549 24.9693 26.3469 14.5571 11.3947 10.6659 11.4291 14.5404 10.1945 9.69211 9.35514 10.0579 9.20877 8.35179 8.22465 8.0039 7.51533 7.39268 7.23758 7.10275 6.94425 14.6115 6.68064 7.20446 6.60067 7.32301 6.15983 6.11524 6.07764
threshold=1.0000000180025095e-35 55.750000000000007 1.0000000180025095e-35 82.125000000000014 0 35.500000000000007 1.0000000180025095e-35 1 26.500000000000004 9.5000000000000018 2 66.250000000000014 -71.499999999999986 -105.49999999999999 -3.4999999999999996 39.750000000000007 20.500000000000004 1.0000000180025095e-35 89.500000000000014 51.500000000000007 2.5000000000000004 12.500000000000002 31.500000000000004 19.500000000000004 57.750000000000007 78.500000000000014 19.500000000000004 170.50000000000003 82.500000000000014 1.0000000180025095e-35
decision_type=2 8 2 10 1 2 2 1 2 2 1 8 8 10 10 10 2 2 2 2 2 2 2 2 10 2 2 2 2 2
left_child=1 15 3 4 28 10 -6 21 16 17 14 -11 -13 19 18 -1 -9 -2 -5 -4 -17 22 -8 24 -15 27 -27 -20 -3 -10
right_child=9 2 13 5 6 -7 7 8 29 11 -12 12 -14 23 -16 20 -18 -19 25 -21 -22 -23 -24 -25 -26 26 -28 -29 -30 -31
leaf_value=0.024582602168274303 0.025335689775747579 -0.02390254314899927 -0.016288451418275018 0.0087368016295627932 0.0051215506359658285 -0.019200337267217312 -0.0035410117337222858 -0.0038393968320504773 0.0015978473707940395 0.031368213555929621 -0.012290708051537709 0.016559976264998343 -0.005322349809836909 -0.0060809118854679963 -0.016538739182471281 0.0058120644342761476 0.011068369517382791 0.011686832488857386 -0.016849162372132249 0.0062439240104061053 0.018990661565375971 -0.0018901529357044163 0.014446262137254952 -0.0029162186932207793 0.015092921428042876 -0.010531455573936123 0.022065243345358785 0.0075059266389152753 -0.0021891683156417328 -0.014420745737403533
leaf_weight=51.970526173710823 105.46203228831291 45.165055379271507 24.781501233577728 59.820254907011986 168.19531555473804 110.78600773215294 80.157378196716309 405.46574105322361 24.0874113291502 11.938782811164854 207.79938304424286 31.116291239857674 45.122321143746376 15.966577276587484 29.000656858086586 100.24887552857399 34.259081840515137 59.441295951604843 39.444961935281754 24.741367802023888 58.481103181838989 381.27887405455112 80.799439653754234 30.900187909603119 115.39572681486607 10.383937641978266 12.889040216803549 11.515041455626486 15.912825182080267 172.56570561230183
leaf_count=280 695 219 106 252 732 617 332 1733 111 61 1042 159 228 69 143 434 157 356 176 111 265 1640 335 138 491 50 66 55 73 856
internal_value=-0.000202341 -0.00199528 -0.00363187 -0.00472707 -0.0026513 -0.0107767 -0.00191109 -0.00293438 -0.00561215 0.0161204 -0.00821547 0.00776242 0.00370755 0.00611573 -0.00210136 0.0142664 -0.00265545 0.0205159 0.000965718 -0.00513062 0.010756 0.000310449 0.00552195 0.00955854 0.0124928 -0.00532946 0.00768656 -0.0113073 -0.015823 -0.0124605
internal_weight=2565.09 2312.01 2101.31 1889.53 1407.89 481.639 1346.81 1178.61 636.378 253.081 370.853 88.1774 76.2386 211.785 163.054 210.701 439.725 164.903 134.053 49.5229 158.73 542.236 160.957 162.262 131.362 74.233 23.273 50.96 61.0779 196.653
internal_count=11982 10483 9504 8589 6188 2401 5896 5164 2857 1499 1784 448 387 915 742 979 1890 1051 599 217 699 2307 667 698 560 347 116 231 292 967
cat_boundaries=0 1 2 3
cat_threshold=1 44 32
is_linear=0
shrinkage=0.03


Tree=52
num_leaves=31
num_cat=2
split_feature=18 1 26 8 22 26 22 4 11 5 24 24 6 22 8 5 2 22 22 10 23 6 2 24 0 4 22 23 23 1
split_gain=83.7975 29.4796 20.3147 19.2645 15.3752 14.2235 15.4746 13.4407 15.2396 11.7653 11.6783 11.3392 10.4899 8.38572 20.3108 7.87191 7.77791 7.65847 7.42004 7.20806 12.4837 8.31336 8.1427 8.54772 9.61414 7.12925 6.92539 6.85711 6.98426 8.20238
threshold=1.0000000180025095e-35 21.500000000000004 0 4.5000000000000009 1.7500000000000002 1 -0.74999999999999989 1.0000000180025095e-35 35.500000000000007 -1.2255847043044843 1.5000000000000002 1.0000000180025095e-35 2.5000000000000004 -0.74999999999999989 15.500000000000002 0.5399976512303214 40.500000000000007 1.2500000000000002 -5.4999999999999991 95.500000000000014 -66.499999999999986 2.5000000000000004 1.0000000180025095e-35 1.0000000180025095e-35 138.50000000000003 251.50000000000003 -2.4999999999999996 -95.499999999999986 -140.49999999999997 13.500000000000002
decision_type=2 2 1 2 10 1 8 2 2 2 2 2 8 8 2 2 2 8 10 2 10 10 2 2 2 2 8 10 10 2
left_child=1 2 7 4 11 6 -3 8 -1 25 13 15 -2 14 -9 26 -11 -18 -5 21 -21 -15 -23 24 -24 -8 -4 28 -26 -30
right_child=12 5 3 18 -6 -7 9 10 -10 16 -12 -13 -14 19 -16 -17 17 -19 -20 20 -22 22 23 -25 27 -27 -28 -29 29 -31
leaf_value=0.019933739054090311 0.0051469454165322011 0.018800297740054081 0.021312362600493979 -0.0050409736191245483 -0.0084517310902403921 -0.017563629714089906 -0.00019541144130140231 -0.0011959281406405903 -0.013071591520607719 -0.020072976329844595 0.024813562411494568 0.016240351980940641 0.019880576667042387 -0.0052834152778214859 0.019053078232969412 -0.0088150259091526687 -0.0013891195836018555 -0.010462711029346953 -0.015139496794428046 0.022377646668902115 -0.0019039844928179896 0.012137236004669063 -0.015218295651889154 0.015698349057053709 -0.003632343284786425 0.025436987473453035 0.0018264860843802855 -0.0024250170687057605 0.035795188747286683 0.0018452297777956834
leaf_weight=71.88868659734726 57.399413928389549 21.943139657378197 16.480743557214737 133.93151980638504 147.38653174042702 102.08020862936974 29.945389375090599 109.21170422434807 14.492079779505728 43.109155133366585 18.64834351837635 48.850625813007355 190.27500446140766 261.81261569261551 74.2083340883255 60.449130296707153 145.4572694003582 197.36160604655743 130.0104113817215 32.005508363246918 44.750984355807304 56.677026316523552 40.859409555792809 25.760231465101242 16.948691859841347 13.481101498007773 274.79936699569225 145.23351094126701 13.662554711103441 11.575121268630026
leaf_count=326 280 95 70 598 670 535 139 492 62 204 80 205 1193 1175 333 259 687 1029 592 147 206 242 172 111 74 64 1160 631 57 53
internal_value=-4.45169e-05 -0.0018302 7.98974e-05 -0.00337039 -0.000200208 -0.00785872 -0.00512787 0.00307082 0.0143102 -0.00651077 0.00195102 0.00284929 0.0165004 0.00140987 0.00705533 0.000948671 -0.00817787 -0.00662804 -0.0100536 -0.000193348 0.00837842 -0.00135513 0.00196121 -0.000347786 -0.00221909 0.00815524 0.00299815 0.000680599 0.0111808 0.020888
internal_weight=2550.7 2303.02 1749.64 811.908 547.966 553.378 451.298 937.735 86.3808 429.355 851.354 400.58 247.674 832.706 183.42 351.729 385.928 342.819 263.942 649.286 76.7565 572.529 310.717 254.04 228.279 43.4265 291.28 187.42 42.1864 25.2377
internal_count=11941 10468 7715 3554 2364 2753 2218 4161 388 2123 3773 1694 1473 3693 825 1489 1920 1716 1190 2868 353 2515 1340 1098 987 203 1230 815 184 110
cat_boundaries=0 1 2
cat_threshold=60 106
is_linear=0
shrinkage=0.03


Tree=53
num_leaves=31
num_cat=3
split_feature=20 26 6 22 6 8 23 5 22 11 22 20 20 21 26 26 23 20 24 5 23 0 0 23 22 5 20 24 22 8
split_gain=72.7017 43.4955 27.0134 22.6684 21.9212 13.5429 10.8668 9.6947 9.3535 9.17081 9.2638 8.90848 8.6689 9.31602 7.81399 7.333 11.296 8.80685 7.23541 10.7458 7.18116 9.37075 6.73496 6.72772 6.67695 6.60876 6.26962 6.79395 6.46248 6.18264
threshold=73.166666666666671 0 8.5000000000000018 1.0000000180025095e-35 2.5000000000000004 35.500000000000007 -190.49999999999997 -2.3954971866666237 -2.4999999999999996 38.500000000000007 1.0000000180025095e-35 92.416666666666671 69.250000000000014 -1.4999999999999998 1 2 -25.499999999999996 55.750000000000007 1.0000000180025095e-35 -0.22288101520946443 -60.499999999999993 675.50000000000011 546.50000000000011 -47.499999999999993 2.2500000000000004 3.2619279743942671 57.750000000000007 1.0000000180025095e-35 18.500000000000004 11.500000000000002
decision_type=10 1 8 10 8 2 8 2 10 2 8 10 10 8 1 1 10 10 2 2 10 2 2 10 10 2 10 2 10 2
left_child=1 4 5 8 26 9 -6 -7 -2 10 -3 18 13 -8 -10 17 -17 23 20 -20 21 22 -5 -4 -22 -16 29 28 -28 -1
right_child=3 2 15 11 6 7 12 -9 14 -11 -12 -13 -14 -15 25 16 -18 -19 19 -21 24 -23 -24 -25 -26 -27 27 -29 -30 -31
leaf_value=-0.0019799368439655037 0.016810561001636547 0.0071259930239605945 0.02406107616919639 -0.0040161038184251393 -0.010297773820449458 0.0062874764130127457 -0.0055447784590290086 -0.012550659175150346 0.0056722572449673797 0.024121158887253691 -0.0040680778044538714 -0.018390941831760762 0.0043118797541319108 0.020491597360602895 -0.0057555896294320327 -0.0039686024681569584 0.01331213938316903 0.002464525866819482 0.012428561889404624 -0.011080423213087377 -0.0082834668362432983 -0.014735214579253791 0.012831297272443096 0.008164566443451135 -0.017649855040678016 0.016513661647703414 -0.0026217701691308294 0.016647767502467419 0.019063935515016422 0.01349581430049592
leaf_weight=30.096141263842583 27.300071567296982 86.95472215116024 57.26463583111763 159.24321100115776 12.923097670078276 27.838093161582947 12.623081743717192 179.60790206491947 93.414453789591789 12.190261051058767 272.46705070137978 83.020697459578514 41.490313559770584 245.7234248816967 203.55822411179543 99.797270312905312 50.433413922786713 55.581480145454407 35.835727959871292 32.345666170120239 162.85435371100903 68.453764975070953 23.654018208384514 43.230945989489555 121.90441900491714 11.785835221409796 152.12765474617481 21.64202007651329 12.456477805972098 97.524921655654907
leaf_count=149 116 361 319 753 65 118 57 893 391 50 1227 457 171 1338 909 415 207 226 159 148 770 364 118 239 603 49 627 89 51 454
internal_value=8.75598e-05 0.00426599 -7.34501e-05 -0.00608398 0.010226 -0.00388407 0.0159997 -0.0100047 0.000302005 -0.00044968 -0.00134764 -0.00920229 0.0171636 0.019203 -0.00120722 0.00711712 0.00176557 0.0113869 -0.0079116 0.0012768 -0.00908037 -0.00535217 -0.00177931 0.0173706 -0.0123409 -0.00426878 0.00476457 0.00123918 -0.000875278 0.00985924
internal_weight=2535.34 1511.97 885.366 1023.37 626.607 579.058 312.76 207.446 336.059 371.612 359.422 687.312 299.837 258.347 308.759 306.308 150.231 156.077 604.291 68.1814 536.11 251.351 182.897 100.496 284.759 215.344 313.847 186.226 164.584 127.621
internal_count=11893 7056 4055 4837 3001 2649 1631 1011 1465 1638 1588 3372 1566 1395 1349 1406 622 784 2915 307 2608 1235 871 558 1373 958 1370 767 678 603
cat_boundaries=0 1 2 3
cat_threshold=44 32 18
is_linear=0
shrinkage=0.03


Tree=54
num_leaves=31
num_cat=0
split_feature=20 18 20 22 22 6 22 24 23 23 23 4 20 15 12 20 22 6 8 10 23 6 15 0 22 8 1 20 23 24
split_gain=72.4506 38.6243 30.0706 15.8002 10.7445 13.1457 10.9236 12.2131 9.475 11.876 11.7333 11.4154 9.09204 10.3853 8.82723 8.82633 8.59801 8.49082 8.41154 8.17383 8.11089 7.9567 7.79982 7.77045 7.20866 7.65223 7.6317 7.18426 7.98034 6.95382
threshold=73.166666666666671 1.0000000180025095e-35 53.750000000000007 1.0000000180025095e-35 23.500000000000004 2.5000000000000004 1.2500000000000002 1.0000000180025095e-35 -38.499999999999993 -63.499999999999993 -25.499999999999996 44.500000000000007 20.500000000000004 2.5000000000000004 26.500000000000004 92.416666666666671 4.7500000000000009 18.500000000000004 24.500000000000004 80.500000000000014 -12.499999999999998 7.5000000000000009 35.500000000000007 379.50000000000006 -2.4999999999999996 27.500000000000004 7.5000000000000009 66.250000000000014 -98.499999999999986 1.0000000180025095e-35
decision_type=10 2 8 10 10 8 8 2 10 8 10 2 10 2 2 10 10 10 2 2 10 8 2 2 10 2 2 8 10 2
left_child=1 2 12 22 5 6 7 19 9 11 -10 -7 -1 -14 -15 29 -8 18 -12 23 21 27 24 -4 -2 -26 -27 -3 -29 -5
right_child=3 20 4 15 -6 8 16 -9 10 -11 17 -13 13 14 -16 -17 -18 -19 -20 -21 -22 -23 -24 -25 25 26 -28 28 -30 -31
leaf_value=0.031445280507261253 0.014844267965773029 0.030885608835621747 -0.0044298258293633819 -0.009061286535224972 0.021376176416557945 -0.0033295168477422399 -0.011253052163867015 0.018666856632072421 -0.0092846908579514564 0.01319368698533052 -0.0042416181870084304 0.010948053163946021 0.0044231702656291286 0.025605700823788977 -0.0035517932075926958 -0.018274351504873367 0.0058337976847316151 0.021632893100807227 0.012562103742238932 0.0052635166740413837 -0.0070257473202289793 0.02149980390457552 -0.015253206822521754 -0.027819363821870859 -0.0058551388580913317 0.025178661079556398 0.0015477223211370164 0.020268852591294802 0.0014428276766494017 0.0008601625117941106
leaf_weight=20.262935653328896 26.460035651922226 12.217999696731566 101.53325773775578 540.44815793633461 19.204899787902832 150.59730376303196 204.163125410676 27.291215002536774 114.19599907100201 116.63174965977669 91.45370714366436 74.522007077932358 101.05497294664383 48.654453799128532 11.233722597360609 83.86922824382782 29.806096479296684 19.056037321686745 36.763747930526733 74.237148821353912 13.967340677976607 117.93664772808552 31.631804808974266 13.734940096735953 151.06189148128033 12.717026501893995 120.73474019765854 28.058526188135147 67.538125157356262 71.851578891277313
leaf_count=116 112 65 422 2640 79 646 992 113 484 498 385 318 458 236 51 467 130 78 160 320 79 796 144 58 658 53 528 157 365 324
internal_value=-0.000497867 0.00373189 0.00161824 -0.00657946 -0.000294615 -0.000709371 -0.0045798 0.000275481 0.00218566 0.00546773 -0.00210863 0.00142435 0.0128866 0.0103703 0.0201679 -0.00917207 -0.00906074 0.00348079 0.000636437 -0.0024572 0.0147395 0.0161112 -0.00129995 -0.00743214 0.000163695 -0.00124882 0.00397011 0.0100733 0.00712107 -0.00789753
internal_weight=2532.89 1494.12 1254.4 1038.77 1073.19 1053.99 450.766 216.797 603.221 341.751 261.469 225.119 181.206 160.943 59.8882 696.169 233.969 147.273 128.217 189.505 239.719 225.751 342.605 115.268 310.974 284.514 133.452 107.815 95.5967 612.3
internal_count=11932 7006 5544 4926 4683 4604 2035 913 2569 1462 1107 964 861 745 287 3431 1122 623 545 800 1462 1383 1495 480 1351 1239 581 587 522 2964
is_linear=0
shrinkage=0.03


Tree=55
num_leaves=31
num_cat=4
split_feature=18 20 20 26 22 2 20 12 12 23 9 24 14 5 26 5 22 5 0 5 26 0 10 26 0 20 14 22 13 23
split_gain=75.9227 43.4394 22.8517 16.1907 17.3731 15.8774 11.4029 10.6557 10.2902 8.91944 10.295 8.57231 8.27466 7.97767 7.70422 12.3755 7.48078 8.09478 7.60196 7.39446 6.47561 7.20345 9.06674 6.45349 10.0593 7.73044 6.55087 6.42168 9.89998 6.28643
threshold=1.0000000180025095e-35 55.250000000000007 84.416666666666671 0 1.0000000180025095e-35 34.500000000000007 29.500000000000004 10.500000000000002 1.0000000180025095e-35 -47.499999999999993 46.500000000000007 1.0000000180025095e-35 1.5000000000000002 3.6419529997107634 1 -2.9665600680668684 -2.4999999999999996 0.28768207245178107 874.50000000000011 0.66079911157425786 2 262.50000000000006 52.500000000000007 3 183.50000000000003 64.250000000000014 7.5000000000000009 1.2500000000000002 17.500000000000004 -16.499999999999996
decision_type=2 8 10 1 8 2 10 2 2 10 2 2 2 2 1 2 10 2 2 2 1 2 2 1 2 8 2 10 2 10
left_child=1 6 3 -3 13 7 -1 20 12 10 -2 23 -6 16 15 -8 17 -5 19 -18 -4 -22 -23 -10 26 -26 29 -16 -29 -25
right_child=9 2 5 4 8 -7 14 -9 11 -11 -12 -13 -14 -15 27 -17 18 -19 -20 -21 21 22 -24 24 25 -27 -28 28 -30 -31
leaf_value=0.030936775450393326 0.025044241730691981 -0.014535847921567124 -0.00490963722910903 0.026314509303783706 0.0094057878921753341 -0.012998512896204762 0.018870943362972577 -0.011690065176304994 8.1009041810179013e-05 0.0094493636803028892 0.0039699084454107598 0.0052395013215476866 -0.0049220178462798568 0.024516324569432962 0.017340746928978273 -0.010626000357970261 0.0036993161716735393 0.00089843516297755685 0.023069531875596485 -0.0065513931520880912 0.019319707701010987 -0.019850811430600843 0.015138312917248384 -0.0053234443988862921 0.0033548410902230047 -0.011743558765878723 0.010270969672016553 -0.017653702957466849 0.01591366234974087 0.0082872695278823957
leaf_weight=23.520545795559883 112.50961104035378 65.978614836931229 36.972482621669769 24.779777944087982 106.27927848696709 284.29439303278923 17.814260631799698 53.52450567483902 218.11189849674702 106.32224559783936 26.075426384806633 88.457863569259644 54.043991193175316 16.314214885234833 96.437471136450768 39.070636332035065 295.99218535423279 20.178468480706215 14.340949699282644 79.537227466702461 37.854811772704124 11.562594398856165 13.205506548285483 284.66231313347816 33.967097893357277 269.27063617110252 31.493776381015778 12.920974984765055 17.315771460533142 33.298678487539291
leaf_count=137 726 321 171 103 457 1507 84 256 954 641 132 382 249 69 454 172 1227 83 61 331 163 50 63 1231 144 1339 143 55 77 143
internal_value=0.000283527 -0.00142313 -0.00273288 -0.00110281 -0.000434413 -0.00881584 0.0116455 -0.00101602 -0.00243976 0.0161214 0.0211359 -0.00361576 0.0045754 0.00452697 0.00901936 -0.00104217 0.00372246 0.0151749 0.00236637 0.00151658 0.0047796 0.00972976 -0.00133228 -0.00452027 -0.00596564 -0.0100468 -0.00257586 0.0126048 0.00146348 -0.00387654
internal_weight=2526.11 2281.2 2074.12 1636.71 1570.73 437.414 207.08 153.12 1119.59 244.907 138.585 959.262 160.323 451.143 183.559 56.8849 434.829 44.9582 389.87 375.529 99.5954 62.6229 24.7681 870.804 652.693 303.238 349.455 126.674 30.2367 317.961
internal_count=11925 10426 9447 7237 6916 2210 979 703 5042 1499 858 4336 706 1874 842 256 1805 186 1619 1558 447 276 113 3954 3000 1483 1517 586 132 1374
cat_boundaries=0 1 2 3 4
cat_threshold=1 5 2 32
is_linear=0
shrinkage=0.03


Tree=56
num_leaves=31
num_cat=3
split_feature=20 26 24 8 26 20 22 6 26 11 8 23 1 22 20 2 23 3 2 13 1 12 23 11 23 9 8 8 0 23
split_gain=60.8478 57.6613 26.6836 19.1883 15.9731 23.4146 15.4503 15.4395 13.5402 11.6783 11.6297 11.0291 9.9933 9.43263 9.37711 8.62418 8.30526 8.28479 8.25433 8.14515 7.66779 7.18367 7.17805 7.1317 7.00605 6.99667 6.84041 6.32202 6.27402 6.00311
threshold=66.750000000000014 0 1.0000000180025095e-35 63.500000000000007 1 55.750000000000007 1.0000000180025095e-35 1.5000000000000002 2 119.50000000000001 181.50000000000003 -12.499999999999998 10.500000000000002 1.7500000000000002 88.166666666666671 36.500000000000007 -21.499999999999996 154.50000000000003 42.500000000000007 86.500000000000014 19.500000000000004 13.500000000000002 -24.499999999999996 280.00000000000006 -25.499999999999996 41.500000000000007 14.500000000000002 14.500000000000002 241.50000000000003 -194.49999999999997
decision_type=10 1 2 2 1 10 10 8 1 2 2 10 2 10 10 2 10 2 2 2 2 2 10 2 10 2 2 2 2 8
left_child=1 7 6 4 16 11 14 17 10 21 19 13 -4 -6 -2 22 27 26 -11 -8 -12 -5 -10 -22 -14 29 -1 -3 -16 -9
right_child=2 3 12 9 5 -7 8 25 15 18 20 -13 24 -15 28 -17 -18 -19 -20 -21 23 -23 -24 -25 -26 -27 -28 -29 -30 -31
leaf_value=-0.0046206567298994524 0.0010574583695565946 -0.0027541944484485463 0.017380069947096431 -0.0097719461048785556 0.017435871840195752 -0.0026940068384497672 -0.0016162821479066807 -0.0025203429687364154 -0.0049879828218561857 0.027009024305214489 0.0051205041093115673 -0.015707692243873375 -0.0017073351402283274 -0.0070387844678845707 0.0025983621545414368 -0.016079967520208637 0.0074622841475069264 -0.010229423615253247 -0.0065303776625969647 0.014572680488384596 -0.016726109502148121 -0.029642693542191623 -0.019898969158100813 0.0066333525049688475 0.018360902103485753 0.010141234474757494 0.013082533113003419 -0.014704804183713185 -0.016439189702174326 0.021232624112658083
leaf_weight=25.505049556493759 341.93751357495785 139.40274176001549 55.884812042117119 116.73724129796028 165.52276495099068 133.4032379835844 176.98445796966553 9.8054076284170133 174.09085965156555 11.46289384365082 22.789397731423378 10.103406116366385 89.065652996301651 14.961108803749083 21.935625940561295 221.59945347905159 49.45961594581604 24.905091643333435 13.393745660781859 32.190641045570374 93.323314562439919 18.568299114704132 34.201709568500519 12.895527034997938 17.962602332234383 90.265548422932625 78.618523269891739 55.146560713648796 50.767549678683281 217.45374189317226
leaf_count=119 1453 586 232 567 862 557 776 53 811 56 104 52 399 63 95 1178 211 107 74 158 494 95 161 75 79 430 347 257 249 1232
internal_value=0.000220154 0.00520678 -0.00413374 -9.34992e-05 0.00249359 0.00673043 -0.0057021 0.0135302 -0.00821882 -0.00923272 -0.00334401 0.0136581 0.00721761 0.0153795 -0.00103161 -0.0116882 -0.00327744 0.00503079 0.00938304 0.000932572 -0.0104891 -0.0126963 -0.00751975 -0.0138547 0.00179951 0.0173822 0.00874344 -0.00619957 -0.010738 0.0202012
internal_weight=2520.34 1174.71 1345.63 728.162 567.999 323.991 1182.72 446.553 768.075 160.162 338.183 190.587 162.913 180.484 414.641 429.892 244.009 129.029 24.8566 209.175 129.008 135.306 208.293 106.219 107.028 317.525 104.124 194.549 72.7032 227.259
internal_count=11932 5668 6264 3380 2588 1534 5554 2288 3757 792 1607 977 710 925 1797 2150 1054 573 130 934 673 662 972 569 478 1715 466 843 344 1285
cat_boundaries=0 1 2 3
cat_threshold=44 64 32
is_linear=0
shrinkage=0.03


Tree=57
num_leaves=31
num_cat=3
split_feature=18 1 24 22 26 15 26 11 11 5 24 22 14 5 25 5 26 9 15 5 12 5 8 12 10 1 0 15 1 4
split_gain=51.8295 29.8334 14.2236 12.8642 12.4596 10.5112 9.52252 13.8959 12.5637 9.15136 8.94913 8.85541 8.27605 11.5829 7.70412 7.4633 12.3658 7.43906 7.28492 7.09288 6.83993 8.47127 5.78487 5.63384 5.56844 9.09097 5.61099 5.45155 5.32269 5.0868
threshold=1.0000000180025095e-35 21.500000000000004 1.0000000180025095e-35 1.0000000180025095e-35 0 30.500000000000004 1 48.500000000000007 81.500000000000014 1.0007400001050621 1.0000000180025095e-35 139.16666666666671 6.5000000000000009 -2.1965466111306506 77.500000000000014 -1.1012096971066616 2 205.50000000000003 12.500000000000002 0.30475388107033569 1.5000000000000002 2.2700080454041536 156.50000000000003 9.5000000000000018 216.50000000000003 30.500000000000004 1184.0000000000002 14.500000000000002 12.500000000000002 175.50000000000003
decision_type=2 2 2 8 1 2 1 2 2 2 2 8 2 2 2 2 1 2 2 2 2 2 2 2 2 2 2 2 2 2
left_child=1 2 3 15 5 11 7 12 -9 19 18 17 13 -5 -7 -1 20 27 -2 -10 -17 -22 -19 -18 25 -16 -26 -3 -8 -29
right_child=10 4 -4 6 -6 14 28 8 9 -11 -12 -13 -14 -15 24 16 23 22 -20 -21 21 -23 -24 -25 26 -27 -28 29 -30 -31
leaf_value=0.0071438978356793059 0.019850351599211811 0.0085477938615306573 0.0080243917018305664 -0.0042278931120932712 -0.014606699343008031 -0.012666442174262585 -0.0032068981431764153 -0.013085880378485891 0.0018114927622429034 -0.017585442548192057 0.0050827393007369295 -0.021815663889075722 -0.0041796010271193213 0.019362935794384108 0.0024652393946677999 0.016845017254056929 -0.027464478395904119 0.026300828242926382 -1.0636457734827256e-05 0.022783002937675805 -0.0016255338984145951 0.013898291985949439 -0.00089312241108046306 -0.0052190122799741388 0.027172489865455129 -0.021638908412924904 -0.0010132797495068259 -0.0089571119489788679 -0.009276308000282632 0.011173241496477981
leaf_weight=229.28301940858364 132.76229186356068 41.878693521022797 186.76518326997757 24.683455735445023 161.47227123379707 147.82429297268391 467.71124356985092 75.615300789475441 132.43571746349335 18.80363641679287 83.400704801082611 12.362373024225233 31.355347111821175 72.777019932866096 38.24127385020256 26.365636602044106 20.319573119282722 19.05090028047562 18.978520736098289 15.334606155753134 189.28459075093269 36.95122492313385 10.751357480883597 20.845071867108345 9.5297752469778079 21.129751548171043 15.865790113806723 56.125011503696442 180.22596509754658 13.178239420056341
leaf_count=1008 873 186 807 102 856 773 2029 343 608 87 496 67 135 319 183 114 91 87 92 72 816 162 55 96 47 104 85 267 891 62
internal_value=-0.000318381 -0.00170557 0.000228318 -0.000720527 -0.00780221 -0.00443283 -0.00268296 0.00117212 -0.00303042 0.00158505 0.01306 0.00154594 0.00912616 0.0134059 -0.00855414 0.00310027 -6.9285e-05 0.00373365 0.0173825 0.00412629 0.00257631 0.000959986 0.0167799 -0.0134102 -0.00131863 -0.0063296 0.0101923 0.000118201 -0.00483235 -0.00502478
internal_weight=2511.31 2276.17 1728.76 1541.99 547.41 385.937 1018.94 371.005 242.189 166.574 235.142 153.347 128.816 97.4605 232.591 523.049 293.766 140.984 151.741 147.77 252.601 226.236 29.8023 41.1646 84.7666 59.371 25.3956 111.182 647.937 69.3033
internal_count=11913 10452 7680 6873 2772 1916 4586 1666 1110 767 1461 724 556 421 1192 2287 1279 657 965 680 1092 978 142 187 419 287 132 515 2920 329
cat_boundaries=0 1 2 3
cat_threshold=104 48 42
is_linear=0
shrinkage=0.03


Tree=58
num_leaves=31
num_cat=2
split_feature=18 20 20 26 26 3 8 12 3 10 12 6 8 8 14 0 20 3 20 21 5 20 4 6 3 0 11 20 3 3
split_gain=56.5642 51.4129 21.8483 17.812 14.638 20.798 14.416 12.9751 11.349 11.5747 11.1101 8.45367 8.36346 8.05287 8.76867 9.23539 13.6319 7.99915 7.42413 7.38284 7.88055 7.07575 6.96705 6.9477 6.54181 7.48659 6.42971 6.42701 7.58272 6.39547
threshold=1.0000000180025095e-35 55.250000000000007 82.125000000000014 0 1 27.500000000000004 89.500000000000014 1.5000000000000002 8.5000000000000018 29.500000000000004 6.5000000000000009 1.5000000000000002 1.0000000180025095e-35 55.500000000000007 9.5000000000000018 203.50000000000003 62.750000000000007 12.500000000000002 92.416666666666671 11.500000000000002 0.13403114279106457 66.250000000000014 12.500000000000002 1.5000000000000002 18.500000000000004 159.50000000000003 1.0000000180025095e-35 89.833333333333357 148.50000000000003 51.500000000000007
decision_type=2 8 10 1 1 2 2 2 2 2 2 10 2 2 2 2 10 2 10 8 2 8 2 10 2 2 2 10 2 2
left_child=1 11 4 6 8 7 19 -6 9 -3 -5 -1 -7 14 15 -9 -17 -2 27 -4 -21 -19 -23 29 25 -16 -24 -8 -29 -10
right_child=17 2 3 10 5 12 18 13 23 -11 -12 -13 -14 -15 24 16 -18 21 -20 20 -22 22 26 -25 -26 -27 -28 28 -30 -31
leaf_value=0.0036935573553876448 0.017987610112890264 0.00031671411280026696 -0.01074247732892776 -0.0048232498340739878 0.006127154071188432 0.0036984288216957988 -0.0072817507364505499 -0.0049379313479751023 -0.01126989808801631 0.021433538352684293 -0.017703931600903028 0.016981815898309806 -0.012066502987601938 -0.015876508070072029 0.020724336477164786 0.035243837284612806 -0.0054211023295221653 0.028555061992556276 -0.016633789472740381 0.0051162425487526189 0.026528026990138474 0.013402504453730792 -0.014254468378544724 0.0041711937707457963 0.027691677168431562 -0.0065897506610109484 0.011266839479837051 0.018084685887133706 -0.0082728886916023422 3.3022673380352519e-05
leaf_weight=62.366686046123505 158.37375845015049 41.380068466067314 14.775846749544142 90.638888344168663 194.91475953161716 34.098705530166626 93.736456707119942 328.79747591912746 58.614094018936157 52.738962352275848 184.71744509041309 143.38112419843674 243.78894363343716 39.579533383250237 13.064879760146139 12.229766607284548 16.378995284438133 9.8485895544290525 49.297244861721992 49.127906337380409 22.031717255711555 28.378232315182686 25.895211100578308 283.65292127430439 12.530629158020018 24.343265503644943 12.384298607707022 22.425481155514717 16.130127117037773 184.44361528754234
leaf_count=282 1082 172 67 435 826 156 462 1409 247 219 994 695 1230 183 55 56 77 53 276 206 93 162 123 1208 57 110 60 106 89 811
internal_value=0.000161923 -0.00127886 -0.00269364 -0.00786293 -0.000868107 -0.00325025 -0.00196239 -0.000312923 0.0026698 0.0122503 -0.0130255 0.0129912 -0.0101257 -0.00312901 -0.00185455 -0.00350569 0.0125657 0.01415 -0.00681614 0.00802872 0.0120213 0.00607622 0.00238204 0.000988461 0.00979932 0.00324097 -0.00592111 -0.00306035 0.00712735 -0.00272772
internal_weight=2524.07 2289.19 2083.44 542.881 1540.56 919.727 267.525 641.839 620.83 94.119 275.356 205.748 277.888 446.925 407.345 357.406 28.6088 234.88 181.589 85.9355 71.1596 76.5063 66.6577 526.711 49.9388 37.4081 38.2795 132.292 38.5556 243.058
internal_count=12001 10521 9544 2728 6816 4159 1299 2773 2657 391 1429 977 1386 1947 1764 1542 133 1480 933 366 299 398 345 2266 222 165 183 657 195 1058
cat_boundaries=0 1 2
cat_threshold=32 44
is_linear=0
shrinkage=0.03


Tree=59
num_leaves=31
num_cat=2
split_feature=20 26 6 20 3 24 1 15 23 25 0 15 8 23 3 10 11 26 23 8 22 6 2 9 9 0 4 5 15 23
split_gain=57.192 36.0617 28.5841 24.8443 14.6786 12.8365 12.6474 9.96877 9.72605 9.97729 9.13653 8.66378 10.8563 12.1535 9.16254 8.03687 10.2113 7.95622 10.0977 8.59011 8.89796 7.32436 9.91495 6.85895 6.85358 6.52579 6.51971 7.95448 6.85441 6.40487
threshold=71.750000000000014 0 22.500000000000004 47.250000000000007 27.500000000000004 1.5000000000000002 20.500000000000004 2.5000000000000004 -22.499999999999996 167.50000000000003 154.50000000000003 21.500000000000004 26.500000000000004 -99.499999999999986 116.50000000000001 87.500000000000014 48.500000000000007 1 -11.499999999999998 103.50000000000001 2.7500000000000004 2.5000000000000004 6.5000000000000009 2.5000000000000004 72.500000000000014 292.50000000000006 15.500000000000002 -0.10110072102849464 1.0000000180025095e-35 -51.499999999999993
decision_type=10 1 8 10 2 2 2 2 10 2 2 2 2 10 2 2 2 1 8 2 10 10 2 2 2 2 2 2 2 10
left_child=1 3 4 -1 17 6 7 10 9 -8 24 12 -9 -14 -13 16 -15 18 19 20 23 22 -19 -3 -2 -25 -5 28 -28 -23
right_child=5 2 -4 26 -6 -7 8 11 -10 -11 -12 14 13 15 -16 -17 -18 21 -20 -21 -22 29 -24 25 -26 -27 27 -29 -30 -31
leaf_value=0.017559510979458449 -0.0041379057258589683 0.017549026585422723 0.014420292336295059 0.013919712885014025 -0.0086637850356422984 0.015242110860617662 -0.012484252366971416 -0.0068934172085933117 0.0037292593684981291 0.013303901753063379 -0.012520535466672582 -0.014222671861370334 0.022365539623149088 0.00596559123416141 0.0043545147182834877 0.022371504432957726 -0.012278623765658987 0.0018817588847078795 -0.023330143493087249 -0.015633109821947242 -0.0075315819042850833 -0.0082744992175290601 -0.028407273978703559 0.0038415853222820862 0.017173795710867929 0.025972959029006395 -0.0023099894238365485 -0.0037168366669696586 0.010601617370290002 0.003724941899100108
leaf_weight=227.92458011209965 179.58511909842491 54.802427813410759 105.9335630685091 56.518681198358536 218.80604329705238 26.25829766690731 342.38702780008316 67.558517381548882 41.812913566827774 13.269719228148459 144.28828805685043 60.995724827051163 36.430638715624809 94.129834532737732 38.262820914387703 16.400165811181068 37.903749197721481 16.676775053143501 10.876259684562681 16.28928878903389 35.960605308413506 67.104806289076805 21.951124101877213 167.91267208755016 13.701744452118872 11.97731678187847 52.535017982125282 104.42046846449375 121.70842249691486 96.191683992743492
leaf_count=1374 778 258 537 250 1078 113 1823 303 215 60 698 284 155 397 179 71 166 74 50 76 152 295 104 739 61 53 219 440 515 415
internal_value=-5.6016e-05 0.00400608 -5.15346e-05 0.00976448 -0.00220287 -0.0051194 -0.00562495 -0.00315966 -0.00988137 -0.0114875 -0.00683407 0.000376739 0.00332899 0.00708175 -0.00708941 0.00320603 0.000675177 0.000637618 0.00368986 0.00491964 0.00620961 -0.00385214 -0.0156131 0.00833811 -0.00254654 0.00545056 0.00471784 0.00280841 0.00671775 -0.00122644
internal_weight=2500.57 1387.59 824.483 563.107 718.549 1112.98 1086.73 689.257 397.47 355.657 337.575 351.681 252.423 184.864 99.2585 148.434 132.034 499.743 297.819 286.942 270.653 201.924 38.6279 234.692 193.287 179.89 335.183 278.664 174.243 163.296
internal_count=11932 6629 3831 2798 3294 5303 5190 3092 2098 1883 1537 1555 1092 789 463 634 563 2216 1328 1278 1202 888 178 1050 839 792 1424 1174 734 710
cat_boundaries=0 1 2
cat_threshold=44 18
is_linear=0
shrinkage=0.03


Tree=60
num_leaves=31
num_cat=3
split_feature=18 22 6 3 22 5 3 26 9 26 9 22 21 11 4 26 3 2 13 4 21 4 2 22 5 9 9 0 23 12
split_gain=47.3355 26.5089 19.8531 11.7528 11.4017 12.6321 10.7144 10.2908 11.1819 9.65522 7.90166 7.59901 10.0463 7.3324 7.32087 7.2663 10.1244 8.37845 7.04614 8.34038 7.48711 6.41127 6.12919 9.11422 5.60271 5.15171 9.43253 5.53695 5.06767 11.2608
threshold=1.0000000180025095e-35 1.2500000000000002 19.500000000000004 17.500000000000004 -2.4999999999999996 4.0971146524099096 149.50000000000003 0 44.500000000000007 1 55.500000000000007 4.7500000000000009 -8.4999999999999982 106.50000000000001 131.50000000000003 2 256.50000000000006 180.50000000000003 11.500000000000002 41.500000000000007 -8.4999999999999982 161.50000000000003 339.50000000000006 9.2500000000000018 0.22665048433161952 47.500000000000007 42.500000000000007 206.50000000000003 -16.499999999999996 8.5000000000000018
decision_type=2 8 8 2 10 2 2 1 2 1 2 10 10 2 2 1 2 2 2 2 8 2 2 10 2 2 2 2 10 2
left_child=1 4 6 -2 -1 7 9 21 -9 -3 13 -8 22 25 -15 16 17 -10 19 -17 -20 -6 23 -13 -5 26 28 -27 -11 -30
right_child=3 2 -4 24 5 -7 11 8 15 10 -12 12 -14 14 -16 18 -18 -19 20 -21 -22 -23 -24 -25 -26 27 -28 -29 29 -31
leaf_value=0.013320724362549963 0.017418267533427682 0.0019929269151172891 0.0092497350024382426 -0.010240571787738996 -0.017745711474030479 0.024674750450186279 -0.021146466746589078 0.0047245852421812446 0.0031029135034293244 -0.0056670459668062105 -0.010171279970742308 -0.0031877997881796685 -0.015621981000889617 -0.0086320989648570046 0.02122258344874315 -0.0036732215830226249 -0.015696173820854066 0.022178131503848109 0.0096807126741649731 0.019913584825448839 -0.0072494818284997015 0.004670843521312606 -0.013417889449652717 0.03223360633307553 0.0081274496703039774 0.021966467250116712 -0.028767349195535641 -0.0053569291750679149 -0.0090022152814513666 0.025341130391739478
leaf_weight=72.79625041782856 161.96182318031788 169.0257939696312 85.252692922949791 20.488746210932732 44.484163984656334 19.159333556890488 61.763032540678978 492.43361584842205 139.77068369090557 324.22203831374645 260.86980910599232 14.196754768490793 52.125080019235611 10.933166459202768 19.274647161364555 33.146878898143768 21.067411586642265 23.434772044420242 24.808244690299034 21.46854330599308 278.61231821775436 14.88165397942066 10.641037121415136 10.868202060461043 48.296307057142258 12.230241268873216 14.110453382134436 12.838800042867659 18.286587849259377 14.612118408083914
leaf_count=317 1120 768 361 96 211 83 335 2166 604 1447 1350 73 285 54 89 145 103 106 108 95 1301 78 62 55 257 55 67 64 78 65
internal_value=0.000110339 -0.00120364 -0.00457601 0.0130276 0.00190039 0.00114234 -0.00575569 0.000708096 0.00144243 -0.00445151 -0.00597888 -0.0131428 -0.00733985 -0.0035367 0.0104869 -0.00151453 0.00323825 0.00596032 -0.00394325 0.00578976 -0.00583798 -0.0104165 0.00484696 0.0128184 0.00258789 -0.00462935 -0.00552272 0.00830442 -0.00452652 0.00654912
internal_weight=2508.06 2277.31 1091.25 230.747 1186.06 1113.27 1006 1094.11 1034.74 856.404 687.378 149.594 87.8311 426.508 30.2078 542.309 184.273 163.205 358.036 54.6154 303.421 59.3658 35.706 25.065 68.7851 396.3 371.231 25.069 357.121 32.8987
internal_count=11998 10525 5208 1473 5317 5000 4847 4917 4628 4037 3269 810 475 1919 143 2462 813 710 1649 240 1409 289 190 128 353 1776 1657 119 1590 143
cat_boundaries=0 1 2 3
cat_threshold=1 32 32
is_linear=0
shrinkage=0.03


Tree=61
num_leaves=31
num_cat=0
split_feature=18 20 1 20 22 20 14 5 15 4 2 20 22 15 8 2 8 4 22 4 12 5 25 22 8 12 8 15 3 8
split_gain=61.8763 43.0609 24.4202 20.6291 9.91715 9.21638 7.65369 9.73422 7.47008 6.52795 6.35569 7.31959 6.28675 7.84305 6.93295 6.78891 7.22166 6.78871 7.47542 7.23513 6.20418 6.99975 6.26483 9.64807 6.1956 6.64246 5.89011 5.74545 8.25985 7.23231
threshold=1.0000000180025095e-35 55.250000000000007 10.500000000000002 86.833333333333357 -0.74999999999999989 29.500000000000004 23.500000000000004 0.42556679512025913 1.5000000000000002 96.500000000000014 80.500000000000014 61.750000000000007 2.2500000000000004 5.5000000000000009 54.500000000000007 1.0000000180025095e-35 76.500000000000014 35.500000000000007 -2.4999999999999996 19.500000000000004 1.0000000180025095e-35 -0.32737640375881821 102.50000000000001 5.2500000000000009 51.500000000000007 14.500000000000002 120.50000000000001 13.500000000000002 47.500000000000007 27.500000000000004
decision_type=2 8 2 8 10 10 2 2 2 2 2 10 10 2 2 2 2 2 8 2 2 2 2 10 2 2 2 2 2 2
left_child=1 5 12 4 6 -1 7 9 10 -4 11 -6 13 15 -14 17 -17 18 -3 -20 21 -5 -22 -24 25 -11 -2 29 -29 -10
right_child=26 2 3 20 8 -7 -8 -9 27 24 -12 -13 14 -15 -16 16 -18 -19 19 -21 22 -23 23 -25 -26 -27 -28 28 -30 -31
leaf_value=0.028584366764198302 0.016158840993886175 0.02295171237505313 0.019707343102530511 0.010257772508573697 0.013859373949764969 0.0093348104212578088 0.026507324710856952 -0.011774051414772968 -0.0055852464911802756 0.0067164658031482151 -0.018440611786187208 -0.0080378494974010454 -0.0098146108810502012 0.012536516223878531 0.011691514814531767 -0.00015044534960129117 -0.01751156364498125 0.013680619092782464 0.0032953959035775917 -0.012464236005196444 -0.013826932899107441 -0.018257014341347334 0.0029190784181910429 -0.021299262520722412 0.015909031302520915 -0.022928028682393919 -0.0071178443921733987 -0.014409225608814646 -0.0022659703603131183 0.00582216575310192
leaf_weight=25.074256211519241 216.28115789592266 13.937528744339941 28.091231450438499 23.876173317432404 14.485315173864363 178.15776284039021 13.07439513504505 28.219352439045906 76.703251868486404 13.263187989592554 46.80122771859169 126.32937230169773 73.50813814997673 62.222591757774353 15.587079182267187 341.49941629171371 22.018461689352989 61.491482004523277 176.07331296801567 29.779510378837585 297.98121696710587 10.257701650261877 52.17691308259964 19.56512588262558 14.751082152128218 12.254833608865736 9.7078426480293256 60.733544617891312 278.00437952578068 139.59000028669834
leaf_count=152 1410 58 117 120 61 828 56 119 360 55 248 606 319 263 65 1452 94 258 749 127 1633 56 259 105 65 52 47 272 1282 609
internal_value=0.000201796 -0.00130017 -0.00260635 -0.00521003 -0.00255794 0.0118381 0.00582745 0.00278497 -0.00380224 0.00887808 -0.00896171 -0.00570348 0.00150327 0.00245137 -0.00596414 0.00146025 -0.00124717 0.00495125 0.0024581 0.000966308 -0.0107869 0.00141294 -0.011914 -0.00388763 0.00102923 -0.00784783 0.015132 -0.00204521 -0.00447918 0.00176971
internal_weight=2481.5 2255.51 2052.28 1256.16 852.301 203.232 109.654 96.5797 742.647 68.3603 187.616 140.815 796.118 707.022 89.0952 644.8 363.518 281.282 219.79 205.853 403.857 34.1339 369.723 71.742 40.2691 25.518 225.989 555.031 338.738 216.293
internal_count=11897 10440 9460 6075 3902 980 464 408 3438 289 915 667 3385 3001 384 2738 1546 1192 934 876 2173 176 1997 364 172 107 1457 2523 1554 969
is_linear=0
shrinkage=0.03


Tree=62
num_leaves=31
num_cat=2
split_feature=20 26 6 8 24 1 1 5 13 26 21 3 20 19 5 12 8 15 25 20 8 1 11 14 8 8 14 3 3 11
split_gain=48.424 38.5426 16.9411 16.7093 11.7463 10.0649 9.49559 13.9836 9.40723 8.96054 8.63982 8.1703 7.76867 7.89387 9.98799 7.48575 7.29323 6.7578 6.58214 6.42508 7.77248 7.0311 6.05329 8.35931 6.83351 6.62788 5.96666 8.14417 5.784 7.84199
threshold=69.750000000000014 0 1.5000000000000002 67.500000000000014 1.0000000180025095e-35 10.500000000000002 25.500000000000004 0.77687954363474188 1.5000000000000002 1 -8.4999999999999982 90.500000000000014 81.416666666666671 1.0000000180025095e-35 0.79300383031285759 7.5000000000000009 14.500000000000002 21.500000000000004 132.50000000000003 58.750000000000007 95.500000000000014 15.500000000000002 103.50000000000001 5.5000000000000009 265.50000000000006 211.50000000000003 1.0000000180025095e-35 32.500000000000007 47.500000000000007 127.50000000000001
decision_type=10 1 8 2 2 2 2 2 2 1 8 2 10 2 2 2 2 2 2 10 2 2 2 2 2 2 2 2 2 2
left_child=1 2 16 8 6 -6 9 18 -3 28 -4 26 13 -11 15 -15 -1 -9 -8 20 -18 -21 24 -24 25 -5 -10 -28 -2 -30
right_child=4 3 10 22 5 -7 7 17 11 12 -12 -13 -14 14 -16 -17 19 -19 -20 21 -22 -23 23 -25 -26 -27 27 -29 29 -31
leaf_value=-0.012121009647985001 -0.0044707904750189847 0.0076717265762927984 -0.0063819550652937564 -0.011682711985700481 0.014474361191237468 -0.0019946056756946517 -0.014623515567681005 -0.0092199201527681362 -0.0052056639768057814 -0.0062206877345720333 0.015410035840581296 0.019981994256069353 -0.011164960910703164 0.022985121706119372 -0.016192844759555867 0.0020615147668565448 0.017737241222942467 0.019231249482282973 0.010144924458049138 -0.020705054873162758 -0.0078495473349952279 0.0037001520615346519 0.017242311281776779 -0.0093590850826429772 -0.030057714678425686 0.012360535583028468 0.0048901173914554239 -0.0094993167121028323 0.0069967805187990785 -0.008862431873915156
leaf_weight=25.716291427612305 132.4444644600153 185.27633693814278 16.717506617307663 95.644545674324036 49.037695750594139 99.834487736225128 200.40453790128231 11.539452999830248 186.25903661549091 253.91801425814629 325.3164005279541 15.970972403883932 192.91738027334213 23.052570059895515 16.013170510530472 43.346404582262039 46.61175525188446 18.264629229903221 9.4675596803426725 12.691361531615255 13.14290915429592 46.532391980290413 16.4081971347332 26.321496412158012 15.656270757317541 10.733013048768042 178.57513633370399 43.123429492115974 138.8834715038538 34.193745762109756
leaf_count=119 559 894 76 465 204 451 1115 63 839 1161 1794 72 982 96 67 182 219 96 44 52 59 190 76 151 87 58 806 193 618 168
internal_value=-0.000138115 0.00398642 0.0104827 -0.000239337 -0.00438847 0.00349057 -0.00548239 -0.0107372 0.00205237 -0.00396262 0.0143294 -0.000415817 -0.00626021 -0.0036077 0.00442118 0.00955908 0.0020732 0.00827391 -0.0134634 0.00521663 0.0120729 -0.00178673 -0.00868852 0.00101655 -0.0120674 -0.00916434 -0.00126127 0.00206109 0.000221879 0.00383067
internal_weight=2484.01 1260.7 486.729 773.968 1223.32 148.872 1074.45 239.676 609.205 834.769 342.034 423.929 529.248 336.33 82.4121 66.399 144.695 29.8041 209.872 118.978 59.7547 59.2238 164.764 42.7297 122.034 106.378 407.958 221.699 305.522 173.077
internal_count=11956 6150 2509 3641 5806 655 5151 1318 2804 3833 1870 1910 2488 1506 345 278 639 159 1159 520 278 242 837 227 610 523 1838 999 1345 786
cat_boundaries=0 1 2
cat_threshold=44 48
is_linear=0
shrinkage=0.03


Tree=63
num_leaves=31
num_cat=0
split_feature=20 18 20 6 6 24 15 15 25 24 15 12 23 20 4 21 20 8 2 4 23 12 23 8 20 23 4 10 15 0
split_gain=52.3971 27.0903 20.5013 13.8147 10.9571 13.1922 9.64755 15.1297 9.52058 9.4014 8.26668 7.7725 8.23487 9.33665 7.504 7.49327 7.39236 7.21831 7.07463 6.84754 6.83443 8.31973 6.39984 6.90041 8.57679 7.51437 6.00237 6.48271 6.13417 5.73736
threshold=73.166666666666671 1.0000000180025095e-35 53.750000000000007 2.5000000000000004 2.5000000000000004 1.0000000180025095e-35 27.500000000000004 1.5000000000000002 147.50000000000003 1.0000000180025095e-35 2.5000000000000004 1.0000000180025095e-35 -139.49999999999997 54.750000000000007 51.500000000000007 -46.499999999999993 20.500000000000004 52.500000000000007 92.500000000000014 44.500000000000007 -18.499999999999996 6.5000000000000009 -84.499999999999986 8.5000000000000018 78.583333333333357 -71.499999999999986 85.500000000000014 66.500000000000014 3.5000000000000004 344.50000000000006
decision_type=10 2 8 8 8 2 2 2 2 2 2 2 10 10 2 10 10 2 2 2 10 2 10 2 10 10 2 2 2 2
left_child=1 2 10 -3 5 15 7 8 18 -5 16 -6 14 -14 -13 26 -1 -17 -2 -15 21 -8 -9 24 -24 -25 28 -28 -4 -18
right_child=6 3 4 9 11 -7 20 22 -10 -11 -12 12 13 19 -16 17 29 -19 -20 -21 -22 -23 23 25 -26 -27 27 -29 -30 -31
leaf_value=0.026523979683797959 -0.0083283555190114215 -0.00061486604296511339 -0.013033327709329379 0.022528460261594201 0.0092548905871789999 0.01184544140859679 0.012121470365677362 0.0053760821006128435 0.011315504835512758 0.0074903646447277115 0.019936607054207908 -0.026564793273172519 -0.0025846569982341098 0.0022193450770370566 0.0022042937344752857 -0.0037295784545933412 0.0063326737264944007 0.021578980711976 -0.022770961670067973 0.012706353549081457 0.0094599594754861335 -0.012779113863643382 0.0073890685777890956 -0.015301543192877954 -0.024568634450604251 0.00074222152145241461 0.0059096449077579829 -0.0064516607930580989 -0.0016228314579998214 -0.013721207954595341
leaf_weight=13.300630390644072 256.59001378715038 49.980070397257805 146.39129848778248 108.89856754988432 131.71257318556309 45.525140702724457 11.968768715858458 132.31588762998581 19.147512435913086 58.820137485861778 62.297614380717278 16.898393258452419 205.41305524110794 151.98632809519768 14.735633835196493 22.999655321240425 86.566359236836433 16.805819422006607 34.257295712828636 88.270625725388527 14.084678828716276 233.62718160450459 10.30941119790077 28.259891778230667 23.847915366292 256.74742119014263 58.423682644963264 106.03692157566547 59.966970875859261 14.085487648844717
leaf_count=84 1203 258 665 794 568 193 59 609 85 385 316 73 896 640 62 95 408 69 192 378 72 1252 50 131 124 1164 270 525 263 61
internal_value=-0.000156997 0.0034899 0.00177322 0.0132263 0.00020099 -0.00331073 -0.00536631 -0.00365491 -0.00874666 0.0173301 0.0112202 0.00283236 0.00104441 0.00210519 -0.0135068 -0.00501576 0.00632303 0.00722263 -0.0101017 0.00610898 -0.0103515 -0.0115214 -0.000147215 -0.00244664 -0.0149873 -0.000896536 -0.00634538 -0.0020512 -0.0097413 0.00341891
internal_weight=2480.27 1459.11 1241.42 217.699 1065.17 456.149 1021.16 761.475 309.995 167.719 176.25 609.017 477.304 445.67 31.634 410.624 113.952 39.8055 290.847 240.257 259.681 245.596 451.481 319.165 34.1573 285.007 370.819 164.461 206.358 100.652
internal_count=11944 7003 5566 1437 4697 2080 4941 3558 1480 1179 869 2617 2049 1914 135 1887 553 164 1395 1018 1383 1311 2078 1469 174 1295 1723 795 928 469
is_linear=0
shrinkage=0.03


Tree=64
num_leaves=31
num_cat=3
split_feature=18 22 3 24 1 26 25 5 23 2 0 10 26 2 23 10 5 3 5 26 4 10 5 23 22 3 3 11 10 2
split_gain=52.5278 25.1444 15.9666 13.3338 12.6905 10.6991 9.93299 9.69053 8.58999 7.98014 6.46388 6.18412 6.08161 8.34132 7.81954 7.09034 6.34798 5.80488 6.02635 5.79127 13.3055 11.1913 6.96997 9.99604 6.55245 6.9909 9.56636 9.56927 6.8371 5.84048
threshold=1.0000000180025095e-35 1.2500000000000002 1.5000000000000002 1.0000000180025095e-35 7.5000000000000009 0 82.500000000000014 -3.215531330792802 -52.499999999999993 117.50000000000001 88.500000000000014 23.500000000000004 1 6.5000000000000009 -22.499999999999996 23.500000000000004 -1.6155743445373998 13.500000000000002 0.2116839062784617 2 40.500000000000007 90.500000000000014 -2.1965466111306506 -79.499999999999986 -0.74999999999999989 51.500000000000007 130.50000000000003 1.0000000180025095e-35 93.500000000000014 80.500000000000014
decision_type=2 10 2 2 2 1 2 2 10 2 2 2 1 2 10 2 2 2 2 1 2 2 2 10 10 2 2 2 2 2
left_child=1 3 -3 4 6 11 12 -7 9 -2 -9 -6 13 -1 -14 -15 -16 -10 -19 20 21 29 23 -21 -22 -26 27 -27 -29 -12
right_child=8 2 -4 -5 5 7 -8 10 17 -11 19 -13 14 15 16 -17 -18 18 -20 22 24 -23 -24 -25 25 26 -28 28 -30 -31
leaf_value=0.017024164901963151 0.021700089129390476 0.0063058690970610263 -0.0082058664981929791 0.0086862050053075658 -0.030179631478223629 0.0097170455339360834 0.012623372802987304 0.011601490851962066 0.012783244071149533 -0.0068821144765540661 0.0074762100350687826 -0.0087465743379924674 -0.002964217915124235 -0.014940012270667836 0.024385318446895086 0.013741631177419406 0.0029767394834902335 -0.018211615564846836 0.0063148991494228627 0.024174999975134361 0.0094306638449887549 0.027928197232790972 -0.0069380113058942908 -0.0044208933225139387 -0.013060260220828854 -0.0045605141815852606 -0.0094131667135893392 0.0028789009327982208 0.026447310726260841 -0.0099659828321142507
leaf_weight=48.714333146810532 107.41770657151937 76.999812260270119 556.94037908315659 164.26226373016834 13.197530865669249 68.109647437930107 90.286170765757561 29.309408739209175 69.40670371055603 9.1121831685304624 85.59745080769062 97.188092410564423 238.67026117444038 17.437598600983623 16.329821228981018 12.421641036868094 45.652347847819328 12.246624097228048 27.270746767520905 15.629665046930311 29.689707264304161 20.251264378428459 316.99933609366417 31.805176019668579 72.258897110819817 48.462922751903534 81.782741501927376 22.679690003395081 21.18125855922699 20.666585326194763
leaf_count=221 735 330 2812 715 59 297 394 127 494 51 380 486 1019 75 69 53 193 59 149 70 131 92 1554 141 315 226 394 97 94 93
internal_value=9.02643e-06 -0.00138091 -0.00643608 0.000614086 -0.000309329 -0.00226045 0.00373782 -0.00104919 0.0137794 0.0194255 -0.00199423 -0.0106049 0.00159472 0.00843242 -0.000478 -0.00294961 0.00891467 0.00761717 -0.00154787 -0.00252819 1.8443e-05 0.00803826 -0.00519209 0.00530597 -0.0036721 -0.00528286 -0.00199889 0.00459936 0.0145964 0.00402271
internal_weight=2467.98 2242.52 633.94 1608.58 1444.32 974.809 469.512 864.424 225.454 116.53 796.314 110.386 379.226 78.5736 300.652 29.8592 61.9822 108.924 39.5174 767.005 402.571 126.515 364.434 47.4348 276.055 246.366 174.107 92.3239 43.8609 106.264
internal_count=11925 10437 3142 7295 6580 4556 2024 4011 1488 786 3714 545 1630 349 1281 128 262 702 208 3587 1822 565 1765 211 1257 1126 811 417 191 473
cat_boundaries=0 1 2 3
cat_threshold=65 56 40
is_linear=0
shrinkage=0.03


Tree=65
num_leaves=31
num_cat=3
split_feature=20 26 20 3 24 1 26 3 0 22 25 24 23 10 10 20 4 12 22 15 4 26 23 22 23 23 23 3 20 12
split_gain=53.9467 36.0793 17.6802 14.6979 12.3233 9.45871 9.5037 11.2489 8.36848 7.39238 7.2536 7.18291 7.5825 7.16023 6.92245 6.76311 8.75894 7.44637 6.70805 6.64452 6.14496 5.86042 15.206 9.95123 8.18593 7.30341 9.94989 6.14431 5.82117 5.70199
threshold=75.583333333333357 0 39.750000000000007 27.500000000000004 1.0000000180025095e-35 8.5000000000000018 1 175.50000000000003 1.0000000180025095e-35 100.25000000000001 162.50000000000003 1.0000000180025095e-35 -110.49999999999999 10.500000000000002 44.500000000000007 86.833333333333357 186.50000000000003 3.5000000000000004 -0.74999999999999989 2.5000000000000004 246.50000000000003 2 -25.499999999999996 1.7500000000000002 -24.499999999999996 -37.499999999999993 -45.499999999999993 1.0000000180025095e-35 88.833333333333357 6.5000000000000009
decision_type=10 1 10 2 2 2 1 2 2 10 2 2 10 2 2 10 2 2 10 2 2 1 10 10 10 10 10 2 10 2
left_child=1 2 4 8 -1 19 7 14 -3 11 21 13 -13 -4 28 16 18 -17 -8 -2 -18 23 25 24 29 26 -23 -24 -7 -10
right_child=5 3 9 -5 -6 6 15 -9 10 -11 -12 12 -14 -15 -16 17 20 -19 -20 -21 -22 22 27 -25 -26 -27 -28 -29 -30 -31
leaf_value=0.021930293332344232 -0.0027498358467622128 0.012924042191474295 0.027526739946796556 -0.0063856229569991957 0.0047337604809398913 -0.003902580685220976 0.0038347458171105464 -0.011826617652984161 0.0046479746062182727 0.019836972632519812 0.019696366765984272 -0.0049105792844479851 0.020481752364575553 0.0027802720991868713 0.0025194313423275534 0.0037853412309407863 0.027149144289909322 -0.018178469987504258 -0.011225373315563598 0.010956974030312832 -0.003444057670534721 -0.0087792316510370214 0.015523366205408565 -0.0065901116957138668 -0.0051138466289829976 -0.019949236153989067 0.013089862548685912 -0.0024903145689733857 -0.027517820053553372 0.014725663485822606
leaf_weight=130.73832944780588 106.76388461887836 57.969077475368977 9.8487662971019727 249.78571486473083 53.351298391819 38.805057138204575 30.333078101277351 96.776223659515381 158.336121506989 31.649527102708817 17.283149212598801 13.297263965010641 45.127657547593117 372.93830977380276 209.51777765154839 15.304252952337263 9.5504044592380541 122.38855014741421 193.62173123657703 44.190276294946671 12.986825242638586 101.1106289178133 41.51793098449707 76.958257436752319 52.555198773741722 36.73081211745739 22.000021085143089 28.03333967924118 11.585226207971571 74.320894151926041
leaf_count=869 462 316 47 1250 338 161 131 540 735 136 80 59 199 1610 971 79 50 702 981 186 71 452 170 334 239 161 96 128 50 335
internal_value=0.000362075 0.00370227 0.00899297 -0.000191296 0.016999 -0.00552898 -0.006922 -0.00306686 0.00213229 0.00603661 0.00108529 0.00500405 0.0147172 0.00348704 0.000110095 -0.010141 -0.00737916 -0.0157275 -0.00917761 0.00130839 0.0101228 0.000509222 -0.00316302 0.00284619 0.00550594 -0.00838146 -0.00479722 0.00833039 -0.00976178 0.00791648
internal_weight=2465.38 1573.55 656.951 916.601 184.09 891.823 740.869 356.684 666.815 472.862 608.846 441.212 58.4249 382.787 259.908 384.185 246.492 137.693 223.955 150.954 22.5372 591.563 229.393 362.17 285.212 159.841 123.111 69.5513 50.3903 232.657
internal_count=11938 7554 3258 4296 1207 4384 3736 1722 3046 2051 2730 1915 258 1657 1182 2014 1233 781 1112 648 121 2650 1007 1643 1309 709 548 298 211 1070
cat_boundaries=0 1 2 3
cat_threshold=44 32 18
is_linear=0
shrinkage=0.03


Tree=66
num_leaves=31
num_cat=2
split_feature=18 20 22 20 26 15 8 3 3 22 6 15 15 20 10 5 8 5 4 26 4 11 20 10 9 8 23 9 3 11
split_gain=40.0219 32.1869 15.418 12.5417 14.3709 12.3567 11.6116 10.3878 10.0984 10.043 11.2396 9.34609 10.5558 9.01928 7.98588 7.68412 11.4993 7.60627 6.75569 6.49472 10.9024 8.52994 9.10079 5.85285 5.68399 5.65764 7.39315 7.10497 11.1838 6.49667
threshold=1.0000000180025095e-35 62.750000000000007 -2.4999999999999996 92.416666666666671 0 2.5000000000000004 213.50000000000003 216.50000000000003 13.500000000000002 1.0000000180025095e-35 7.5000000000000009 2.5000000000000004 12.500000000000002 20.500000000000004 73.500000000000014 0.22665048433161952 112.50000000000001 0.2116839062784617 52.500000000000007 1 2.5000000000000004 119.50000000000001 75.583333333333357 91.500000000000014 33.500000000000007 15.500000000000002 -124.49999999999999 5.5000000000000009 8.5000000000000018 116.50000000000001
decision_type=2 8 8 10 1 2 2 2 2 10 10 2 2 10 2 2 2 2 2 1 2 2 8 2 2 2 10 2 2 2
left_child=1 5 -3 4 7 13 9 11 -2 19 -11 -4 14 -1 -13 23 -17 18 -10 20 -6 22 24 -14 -22 -21 -27 -28 -29 -30
right_child=8 2 3 -5 6 -7 -8 -9 17 10 -12 12 15 -15 -16 16 -18 -19 -20 25 21 -23 -24 -25 -26 26 27 28 29 -31
leaf_value=0.024937365479242021 0.017021005003494898 0.013685725419979379 -0.010396022627493784 -0.01283235831494052 0.01597487664528786 0.013829443959567093 -0.017994210321925715 -0.0087078270195725567 -0.027004393789790533 -0.0087481326836929725 0.0046780050281712855 0.0072607089623202602 -0.0091605529617487056 0.001105090096918032 0.023011682994895137 0.033627833790868485 8.8668159599942188e-05 0.010150610704335502 0.003324151671766017 -0.0016624504584786979 -0.0026339988109028841 0.018392754394356028 -0.0051000650579832909 0.0025974416050445564 0.018354671726866525 -0.030822518599139499 -0.017879523170162406 0.014715722141873491 -0.016709438298187721 0.009776116656035453
leaf_weight=14.28143437206745 142.12697555869818 49.152499407529831 35.679774656891823 112.65021476149559 42.960328012704849 141.73096232116222 51.644066154956818 66.902327373623848 10.485356628894808 415.93864761292934 64.200737729668617 109.10451644659042 60.909535959362984 222.61084766685963 39.305978864431381 13.907588288187979 24.046162024140358 50.161364644765854 15.124093219637869 327.20706288516521 19.442823678255081 19.20675103366375 175.05101868510246 98.260144516825676 27.0330461114645 11.983760103583334 32.639820203185081 24.746518105268478 32.369623810052872 10.369844138622282
leaf_count=93 1054 210 148 628 200 656 306 349 54 2088 276 454 267 984 168 59 114 282 71 1388 82 91 809 469 110 58 148 111 163 50
internal_value=8.51792e-05 -0.0011091 -0.00272886 -0.00318054 -0.0025349 0.00685437 -0.00416167 0.00206607 0.0123296 -0.00358803 -0.0069469 0.00402876 0.00554397 0.00264064 0.0115584 0.000980336 0.0129264 0.00342269 -0.00964154 -0.00135095 0.00216068 -0.000271054 -0.00196462 -0.0019311 0.00970369 -0.00358601 -0.00945289 -0.00661572 -0.000986423 -0.0102067
internal_weight=2461.23 2243.34 1864.71 1815.56 1702.91 378.623 1254.79 448.116 217.898 1203.15 480.139 381.214 345.534 236.892 148.41 197.123 37.9538 75.7708 25.6094 723.011 283.694 240.734 221.527 159.17 46.4759 439.317 112.11 100.126 67.486 42.7395
internal_count=11940 10479 8746 8536 7908 1733 5880 2028 1461 5574 2364 1679 1531 1077 622 909 173 407 125 3210 1292 1092 1001 736 192 1918 530 472 324 213
cat_boundaries=0 1 2
cat_threshold=32 24
is_linear=0
shrinkage=0.03


Tree=67
num_leaves=31
num_cat=1
split_feature=18 22 24 8 26 4 3 22 6 24 4 21 10 8 5 5 1 12 10 15 9 8 22 12 9 10 12 1 8 0
split_gain=41.0249 16.6425 12.2625 11.1759 12.047 20.1273 14.2398 10.7195 8.73786 9.50173 8.02011 7.43482 8.55193 6.96265 6.90923 6.42514 6.26794 7.51527 6.93323 6.04127 6.07628 7.09927 6.00363 5.48758 5.34819 5.46346 7.12075 6.87477 5.92465 7.81878
threshold=1.0000000180025095e-35 1.2500000000000002 1.0000000180025095e-35 170.50000000000003 0 1.0000000180025095e-35 4.5000000000000009 -0.74999999999999989 2.5000000000000004 1.0000000180025095e-35 30.500000000000004 -5.4999999999999991 175.50000000000003 15.500000000000002 -0.60386735820685333 1.1462673785702726 22.500000000000004 5.5000000000000009 230.50000000000003 1.5000000000000002 170.50000000000003 2.5000000000000004 6.7500000000000009 10.500000000000002 15.500000000000002 102.50000000000001 18.500000000000004 29.500000000000004 1.0000000180025095e-35 541.50000000000011
decision_type=2 10 2 2 1 2 2 8 8 2 2 10 2 2 2 2 2 2 2 2 2 2 10 2 2 2 2 2 2 2
left_child=1 2 3 4 5 -1 10 -7 15 -10 13 12 -9 -6 24 -2 17 -16 22 -8 21 -21 -18 -12 -3 26 28 -27 -26 -30
right_child=8 14 -4 -5 6 7 19 11 9 -11 23 -13 -14 -15 16 -17 18 -19 -20 20 -22 -23 -24 -25 25 27 -28 -29 29 -31
leaf_value=0.020681877386539236 0.010184660181101774 0.0089148698891249722 0.0082513793055062484 -0.0084131693556720091 0.0012838361389819989 0.014399002910750601 -0.0078368828380217942 0.00045392718307062113 0.02106801058757286 0.0060618315382390663 0.015093764795781677 -0.01445753946574805 0.021206708896615092 -0.01522099562809137 -0.012725885246405024 -0.010274707364455571 -0.021490784678813674 -0.0010572760721683139 -0.0013522515469409132 -0.00688673788547508 -0.011422652156457736 0.015732871881361608 -0.0077421312556889043 -0.0015490044717770299 -0.01824368869865484 0.012132304999538495 -0.021815401158329164 -0.0075316383197104667 0.0028863754438391382 -0.023420805779012916
leaf_weight=55.638888299465179 33.110553070902824 38.06689527630806 161.41368190944195 141.70111614465714 234.90522296726704 53.798982709646225 317.65855328738689 422.04248981177807 106.53656389564276 60.352945640683174 60.010743096470833 27.57358093559742 17.663957133889198 24.489514261484146 70.188698068261147 22.24245710670948 70.100609213113785 165.07826720178127 39.615381315350533 19.297807842493057 21.294169917702675 32.150632634758949 50.602176204323769 24.948433846235275 19.148226484656334 37.308048367500305 22.118200942873955 26.59786631166935 82.91155469417572 10.570086598396299
leaf_count=263 166 165 709 743 982 239 1472 1892 810 406 275 133 85 108 324 121 385 799 238 89 108 155 282 113 87 191 107 145 382 52
internal_value=3.512e-05 -0.00118303 0.000433366 -0.000440109 0.000427112 0.003633 -0.00211142 0.00184604 0.0123009 0.0157097 0.00230365 0.000373127 0.00133384 -0.000326858 -0.00530467 0.00192705 -0.00772588 -0.00457758 -0.012289 -0.00605563 0.0017237 0.00727894 -0.0158379 0.0102454 -0.00124308 -0.0032245 -0.00663502 0.00395816 -0.00348815 -0.000304615
internal_weight=2469.14 2246.89 1614.59 1453.17 1311.47 576.718 734.755 521.079 222.243 166.89 344.354 467.28 439.706 259.395 632.306 55.353 395.585 235.267 160.318 390.401 72.7426 51.4484 120.703 84.9592 236.721 198.654 134.748 63.9059 112.63 93.4816
internal_count=12026 10523 7366 6657 5914 2612 3302 2349 1503 1216 1478 2110 1977 1090 3157 287 2028 1123 905 1824 352 244 667 388 1129 964 628 336 521 434
cat_boundaries=0 1
cat_threshold=56
is_linear=0
shrinkage=0.03


Tree=68
num_leaves=31
num_cat=2
split_feature=20 26 20 6 26 8 4 1 8 5 4 3 15 15 3 21 14 15 13 14 4 20 13 2 5 9 9 9 3 2
split_gain=47.0629 29.7765 20.3953 18.5018 12.0527 13.5147 11.1611 9.26426 9.1551 8.37463 8.25405 6.90268 6.34732 6.24094 6.14497 6.17538 6.6152 5.99633 5.94202 5.68805 7.80347 5.49549 7.01902 6.06945 5.33895 5.21642 5.43915 6.84055 5.16139 5.14143
threshold=77.833333333333357 0 58.750000000000007 26.500000000000004 1 87.500000000000014 149.50000000000003 14.500000000000002 53.500000000000007 0.083306131544387277 117.50000000000001 71.500000000000014 57.500000000000007 5.5000000000000009 15.500000000000002 -1.0000000180025095e-35 22.500000000000004 78.500000000000014 94.500000000000014 5.5000000000000009 156.50000000000003 81.416666666666671 43.500000000000007 20.500000000000004 -2.4061937933760205 227.50000000000003 170.50000000000003 143.50000000000003 31.500000000000004 158.50000000000003
decision_type=10 1 10 8 1 2 2 2 2 2 2 2 2 2 2 10 2 2 2 2 2 10 2 2 2 2 2 2 2 2
left_child=1 2 -1 8 5 6 9 11 10 28 29 21 14 -11 -7 16 25 24 -17 20 -10 23 -23 -6 -9 26 27 -16 -2 -3
right_child=4 3 -4 -5 7 12 -8 17 19 13 -12 -13 -14 -15 15 18 -18 -19 -20 -21 -22 22 -24 -25 -26 -27 -28 -29 -30 -31
leaf_value=0.013228925132031274 0.00018734086026916792 -0.0017866156817254442 0.0029090728330964767 0.012438440934932753 -0.0029164328367846516 -0.019146959363412552 0.027221327749259817 0.0064385795006082066 -0.0079197730003205298 0.00051484928306222855 0.012369303364143382 -0.021230488949079484 -0.017532817167170266 0.02385456931816363 0.0012054461352000777 -0.023423819639342102 0.01711749592160048 0.0044159062985355199 0.0015685059318358901 -0.013313764875496032 0.010501839478133684 -0.0042927478572624732 -0.026759361745215815 0.01607006463822858 -0.016240719325923716 -0.013956634308459535 0.01729074217477209 -0.023587649940433386 -0.019158403918800998 0.018522400841401186
leaf_weight=298.12653830647469 54.310506731271744 617.62712902575731 408.46205675601959 83.830168135464191 42.565324202179909 21.02162578701973 17.639712497591972 9.2798767089843732 77.396897375583649 19.695804581046104 40.654667422175407 20.44172577559948 37.152052313089371 20.744063466787338 81.116215199232101 20.648367673158646 17.517720222473145 14.527150228619574 13.966569378972052 92.0878996104002 27.169301226735115 103.06311620771885 13.353548169136046 22.325751423835754 204.88498303294182 25.411645635962486 14.639257699251173 10.413807779550551 15.081471428275107 10.431126147508619
leaf_count=1755 225 2786 1733 444 184 91 77 48 366 84 185 95 221 88 377 105 93 90 83 504 128 482 68 101 1156 134 74 52 65 52
internal_value=-0.000314695 0.0025717 0.00717441 -0.00092432 -0.00628599 -0.00206811 0.00575236 -0.00962121 -0.00224233 0.00208981 -0.000564836 -0.00512078 -0.00628126 0.0127739 -0.00416421 -0.00235541 0.000323357 -0.0139707 -0.0135789 -0.00791487 -0.00307917 -0.00319799 -0.00707573 0.00376062 -0.0152327 -0.00202474 0.000934747 -0.00183982 -0.00422965 -0.0014204
internal_weight=2455.59 1655.79 706.589 949.197 799.8 369.359 127.472 430.441 865.367 109.832 668.713 201.749 241.887 40.4399 204.735 183.714 149.099 228.692 34.6149 196.654 104.566 181.308 116.417 64.8911 214.165 131.581 106.169 91.53 69.392 628.058
internal_count=11946 7953 3488 4465 3993 1769 539 2224 4021 462 3023 930 1230 172 1009 918 730 1294 188 998 494 835 550 285 1204 637 503 429 290 2838
cat_boundaries=0 1 2
cat_threshold=44 32
is_linear=0
shrinkage=0.03


Tree=69
num_leaves=31
num_cat=1
split_feature=18 22 1 25 13 5 13 3 23 22 5 0 2 3 12 5 26 9 9 15 0 5 4 23 23 4 0 23 15 13
split_gain=36.362 25.2537 17.0825 11.235 9.47527 8.58692 7.58532 7.11577 7.05986 6.06872 6.67719 5.83425 5.87513 5.5894 5.51458 5.20869 6.34571 6.84468 8.85141 5.24036 5.08164 10.0921 5.71537 6.99718 6.01071 5.94881 7.01475 5.19152 4.92957 4.8896
threshold=1.0000000180025095e-35 1.0000000180025095e-35 20.500000000000004 107.50000000000001 2.5000000000000004 2.1766420829041144 96.500000000000014 96.500000000000014 -49.499999999999993 -2.4999999999999996 0.32084487047911342 30.500000000000004 1.0000000180025095e-35 24.500000000000004 8.5000000000000018 -3.2720997869755908 0 46.500000000000007 77.500000000000014 12.500000000000002 622.50000000000011 -0.49520263701936645 17.500000000000004 -12.499999999999998 -24.499999999999996 13.500000000000002 52.500000000000007 -21.499999999999996 2.5000000000000004 86.500000000000014
decision_type=2 8 2 2 2 2 2 2 10 10 2 2 2 2 2 2 1 2 2 2 2 2 2 10 8 2 2 10 2 2
left_child=1 5 4 29 14 9 11 -7 -2 10 -1 -6 28 -10 -3 -11 19 -18 -19 -17 22 -22 23 24 25 26 -14 -24 -13 -4
right_child=8 2 3 -5 6 7 -8 -9 13 15 -12 12 20 -15 -16 16 17 18 -20 -21 21 -23 27 -25 -26 -27 -28 -29 -30 -31
leaf_value=0.019221786320305811 0.016625635859855194 0.0055008708415886301 -0.015161093893103304 -0.00037141292361432744 -0.014866098041608881 0.0082968505474918467 0.010785424762191978 0.03289376194872104 0.010057838299052421 0.0084107206191091511 -0.00080000749595752953 -0.00091228144064110816 0.012456404903993913 -0.0055076302556741567 -0.014541299220152163 0.0085208141150932993 0.0010660224336700216 -0.021624842414700189 -0.0030226971640542207 -0.00011053448189003568 -0.010935618645513633 0.027358323808066451 -0.0055516670284933289 0.019791861648065658 -0.016089565836814451 0.013418507879958737 -0.0052446259344531079 -0.018110525425995925 0.011315188227116937 -0.0074938212135067534
leaf_weight=36.932744368910789 117.07912443578243 199.11636574566364 158.7677725404501 111.26420193910599 37.010166808962822 45.672842487692833 34.538109913468361 13.250261753797529 73.662093639373779 83.706816524267197 24.658927157521248 99.570572823286057 23.227794021368027 28.021231159567833 12.220264345407484 116.28749479353428 162.25545564293861 32.012779697775841 77.432385370135307 137.49331928789616 10.922039091587068 12.151594534516333 390.9218348711729 13.366471886634825 22.606196179986 24.551174744963646 119.28064647316933 31.361091256141663 41.193468242883682 148.00349082052708
leaf_count=164 826 857 887 561 157 204 161 59 536 383 108 443 101 149 54 514 721 145 367 610 55 60 1829 59 103 113 546 147 181 833
internal_value=-1.79439e-05 -0.00116987 -0.00340841 -0.00854476 -0.00139942 0.0033997 -0.00279703 0.0142847 0.0116227 0.0024237 0.0113211 -0.00337721 -0.00282026 0.00575654 0.00427893 0.00150705 0.000393437 -0.00274828 -0.00861037 0.00371657 -0.0040255 0.00953037 -0.00454012 -0.000400188 -0.00191954 8.22497e-05 -0.0022928 -0.00652494 0.00272057 -0.0114983
internal_weight=2438.54 2219.78 1490.07 418.035 1072.04 729.703 860.701 58.9231 218.762 670.78 61.5917 826.163 789.153 101.683 211.337 609.188 525.481 271.701 109.445 253.781 648.389 23.0736 625.315 203.032 189.666 167.06 142.508 422.283 140.764 306.771
internal_count=11933 10422 7147 2281 4866 3275 3955 263 1511 3012 272 3794 3637 685 911 2740 2357 1233 512 1124 3013 115 2898 922 863 760 647 1976 624 1720
cat_boundaries=0 1
cat_threshold=40
is_linear=0
shrinkage=0.03


Tree=70
num_leaves=31
num_cat=1
split_feature=1 18 22 26 10 8 22 10 14 5 24 11 3 5 15 4 8 4 9 10 5 9 14 8 9 5 15 14 0 1
split_gain=28.365 21.0038 12.9322 10.7825 11.6871 11.6207 11.0336 8.72128 8.75594 10.9236 8.56208 8.11089 9.00319 7.87753 7.73567 7.52244 11.9956 7.23551 12.6394 7.1251 10.4054 11.7283 6.88069 6.60196 6.58306 7.85168 6.98122 6.27617 9.73133 8.00885
threshold=20.500000000000004 1.0000000180025095e-35 1.2500000000000002 0 8.5000000000000018 8.5000000000000018 1.7500000000000002 91.500000000000014 2.5000000000000004 -4.5379471377116287 1.0000000180025095e-35 54.500000000000007 47.500000000000007 -0.93023247154921418 16.500000000000004 74.500000000000014 14.500000000000002 40.500000000000007 66.500000000000014 107.50000000000001 -0.89452759934920978 240.50000000000003 9.5000000000000018 217.50000000000003 3.5000000000000004 -1.3572824410617013 10.500000000000002 8.5000000000000018 227.50000000000003 10.500000000000002
decision_type=2 2 8 1 2 2 10 2 2 2 2 2 2 2 2 2 2 2 2 2 2 2 2 2 2 2 2 2 2 2
left_child=1 3 15 4 -1 6 17 8 -6 -10 14 12 24 -9 -3 16 -2 18 22 -4 21 -21 -5 -15 -11 -26 -27 28 29 -7
right_child=2 10 19 5 7 27 -8 13 9 11 -12 -13 -14 23 -16 -17 -18 -19 -20 20 -22 -23 -24 -25 25 26 -28 -29 -30 -31
leaf_value=0.022764692947594055 -0.013134319787310339 0.01776464988051504 -0.016077277277052889 0.0022750063138506854 0.005862995836150988 -0.004293119163669791 -0.0062408610594037644 -0.0022712897875147237 0.021439443510506837 0.013090249921613964 0.0028840283653838884 -0.0070187232346418825 0.0067916464654083379 0.022975248161401583 -0.012419986677037521 -0.0038515562975540945 0.012531569399716022 0.011059386157860151 -0.013528795311464944 0.021454186268394675 -0.0094877327276107169 -0.010466731420790206 0.021269344944475393 -0.0011617605977277512 0.0023687591649420503 -0.0047250014710309585 -0.023825003211291891 -0.019176391658054643 0.011224177599764849 -0.021629523474978169
leaf_weight=26.532508388161659 20.513973489403725 123.29807328432798 98.419724017381668 300.88191413879395 297.84990245103836 101.02915753424168 151.87993921339512 24.454102635383606 18.171989783644676 16.967985197901726 69.253578305244446 161.68060344457626 139.04076810181141 46.603883728384972 7.4576826691627494 199.93932776153088 68.952808797359467 82.526813820004463 44.538703963160515 22.259704157710075 171.78111243247986 17.846402153372765 17.234297871589661 12.86086982488632 52.914833381772041 41.593530893325806 29.190205588936806 34.455134183168411 26.300218641757965 30.758251994848251
leaf_count=138 103 924 529 1268 1327 449 713 112 79 76 454 761 624 217 39 973 324 368 200 119 989 99 76 61 227 187 134 170 128 152
internal_value=0.000480458 0.00231205 -0.00518688 0.00120063 0.00348341 -0.00133678 0.000715953 0.0028904 0.00186557 -0.000732338 0.0114705 -0.00169155 0.00140177 0.012009 0.0159619 -0.000619416 0.00656647 0.00309803 0.0012609 -0.00943102 -0.00628287 0.00734095 0.00336747 0.0178221 -0.00393614 -0.00635793 -0.0128237 -0.00774205 -0.00514507 -0.00847173
internal_weight=2457.19 1857.47 599.713 1657.47 867.861 789.604 597.062 841.329 757.41 459.56 200.009 441.388 279.707 83.9189 130.756 289.406 89.4668 445.182 362.655 310.307 211.887 40.1061 318.116 59.4648 140.667 123.699 70.7837 192.543 158.088 131.787
internal_count=12020 8884 3136 7467 3943 3524 2625 3805 3415 2088 1417 2009 1248 390 963 1400 427 1912 1544 1736 1207 218 1344 278 624 548 321 899 729 601
cat_boundaries=0 1
cat_threshold=60
is_linear=0
shrinkage=0.03


Tree=71
num_leaves=31
num_cat=2
split_feature=20 26 3 20 21 11 25 8 26 15 3 15 0 19 2 20 8 15 1 10 2 1 23 3 2 8 20 15 13 3
split_gain=38.654 22.3984 16.8441 15.8662 13.4201 11.9289 12.5385 10.9134 9.60695 9.14831 9.72331 9.06685 8.5969 8.58662 8.43158 8.01229 11.6281 7.62537 7.58616 8.13239 6.7877 9.99123 6.63077 6.62021 6.56365 6.48496 5.62669 6.74837 5.0737 4.9734
threshold=75.166666666666671 0 27.500000000000004 59.750000000000007 -7.4999999999999991 102.50000000000001 167.50000000000003 8.5000000000000018 1 28.500000000000004 47.500000000000007 14.500000000000002 76.500000000000014 1.0000000180025095e-35 36.500000000000007 29.500000000000004 3.5000000000000004 58.500000000000007 11.500000000000002 42.500000000000007 65.500000000000014 10.500000000000002 -128.49999999999997 9.5000000000000018 440.50000000000006 41.500000000000007 81.416666666666671 1.5000000000000002 14.500000000000002 95.500000000000014
decision_type=10 1 2 10 10 2 2 2 1 2 2 2 2 2 2 8 2 2 2 2 2 2 10 2 2 2 10 2 2 2
left_child=1 3 5 12 8 6 7 -3 9 10 11 20 -1 -4 -10 -14 -17 -5 19 -9 21 25 -12 28 29 -2 27 -16 -20 -6
right_child=4 2 13 17 24 -7 -8 18 14 -11 22 -13 15 -15 26 16 -18 -19 23 -21 -22 -23 -24 -25 -26 -27 -28 -29 -30 -31
leaf_value=0.020315645200520326 -0.0033788707094340466 0.0035890097090533952 -0.0084684409722540609 0.0041531659541027789 -0.0089005856762186721 0.025205795688497033 0.026495897803685178 -0.0034413221219087168 -0.0022274893665375625 -0.0069329012872496407 0.03051138253918835 -0.020274092424902621 0.027565340987680497 0.012224981299274464 -0.014557164270823913 -0.011849183933867869 0.0098858699158876524 -0.011683848806920891 0.0096286228856745249 0.021355996657901145 0.016105761851215591 -0.015519113272289354 0.0076122437545972739 -0.024550813579512814 0.0069650587378213193 0.021211540870008722 -0.014352507902338779 0.0025612463806759809 -0.014999244510993607 -0.021663566111009874
leaf_weight=84.686410799622536 21.700618073344231 432.31194040924311 226.9067644327879 305.82002291083336 51.566488042473793 18.905874356627464 16.741067580878735 130.21482318639755 223.4811424612999 96.911413878202438 12.166637718677519 19.382947847247124 18.257532104849815 18.727395877242088 33.846618741750717 24.446331180632114 176.90218847990036 29.0778998285532 12.930743142962458 12.093123048543928 21.657340317964554 29.920697286725044 95.594560503959656 27.069406569004059 11.727186247706411 16.057389304041862 133.15846163034439 50.54551774263382 15.494079917669294 63.958436831831932
leaf_count=624 90 2004 1162 1291 253 82 86 572 1050 511 54 86 118 81 176 129 932 127 60 53 90 125 427 137 73 66 784 251 73 356
internal_value=5.89141e-05 0.00291022 -0.000147665 0.00715431 -0.00495324 0.00232863 0.00162212 0.00092033 -0.00342278 0.000663213 0.00411049 -0.0022155 0.0122139 -0.00684758 -0.006196 0.00901172 0.00720143 0.00274741 -0.00490099 -0.00119976 0.00188367 -0.00283568 0.0104544 -0.0142031 -0.0139293 0.00735618 -0.0105273 -0.0043944 -0.0038493 -0.0160919
internal_weight=2432.26 1550.59 911.395 639.19 881.675 665.761 646.855 630.114 754.423 313.392 216.48 108.719 304.292 245.634 441.032 219.606 201.349 334.898 197.802 142.308 89.336 67.6787 107.761 55.4942 127.252 37.758 217.551 84.3921 28.4248 115.525
internal_count=11923 7531 4310 3221 4392 3067 2985 2899 3710 1449 938 457 1803 1243 2261 1179 1061 1418 895 625 371 281 481 270 682 156 1211 427 133 609
cat_boundaries=0 1 2
cat_threshold=44 32
is_linear=0
shrinkage=0.03


Tree=72
num_leaves=31
num_cat=2
split_feature=18 20 6 1 25 12 20 26 10 12 6 20 3 26 4 21 20 3 8 20 8 13 24 9 4 22 10 9 20 9
split_gain=31.4942 23.765 11.7169 11.6868 10.2499 10.461 10.1295 10.1078 11.582 10.3953 9.33253 8.97587 9.19036 8.50833 12.0071 8.40378 8.23018 7.86563 9.43719 7.78044 7.00245 6.845 6.72773 6.56006 6.3841 6.64728 7.15501 6.32179 6.16297 6.10992
threshold=1.0000000180025095e-35 61.250000000000007 3.5000000000000004 21.500000000000004 147.50000000000003 79.500000000000014 29.500000000000004 0 6.5000000000000009 46.500000000000007 3.5000000000000004 77.833333333333357 84.500000000000014 1 33.500000000000007 1.5000000000000002 66.250000000000014 32.500000000000007 1.0000000180025095e-35 79.583333333333357 14.500000000000002 5.5000000000000009 1.5000000000000002 5.5000000000000009 1.5000000000000002 -1.7499999999999998 32.500000000000007 44.500000000000007 85.416666666666671 185.50000000000003
decision_type=2 8 8 2 2 2 10 1 2 2 10 8 2 1 2 10 8 2 2 10 2 2 2 2 2 8 2 2 10 2
left_child=1 6 16 7 5 10 -1 8 -3 17 11 12 -5 14 -8 22 -2 20 -19 27 -9 -15 24 -22 -10 -26 28 -17 -27 -6
right_child=2 3 -4 4 29 -7 13 9 15 -11 -12 -13 -14 21 -16 19 -18 18 -20 -21 23 -23 -24 -25 25 26 -28 -29 -30 -31
leaf_value=0.025918627308096437 0.026661360019832856 0.024605626145626034 0.016286919379422751 -0.013484440468884284 -0.00099968828160749892 0.019576546034837747 -0.028439403686612311 -0.001122111272826444 0.011565032318351961 0.022396605251193774 0.010665141017085707 -0.012647046502696506 0.0027185871751604839 -0.0029929301834661307 0.0014520381197657634 -0.011275671294720031 -0.002661174793228542 0.0053405573774841075 -0.015272718277857552 -0.021176494891753293 -0.020041377323957745 0.010604624463982757 0.021443699553958733 -0.0040221433615970793 0.018355924977733265 -0.0086624555449902781 0.0019675629537748455 0.016913889969665367 0.0083557444452545815 0.024970177986921513
leaf_weight=21.150428973138332 8.9581313058733922 18.176338225603104 135.51501502841711 48.299914136528969 19.995391219854355 11.395429208874701 13.337317019701002 506.46636474132538 50.416641846299171 12.742087230086325 20.990284100174904 268.95146009325981 86.571760296821594 40.203840091824532 76.788418725132942 15.166742771863939 62.973492369055748 24.747627273201942 94.286282673478127 27.459586620330811 35.087649047374725 183.3705218732357 14.557076781988142 65.355028808116913 17.165618419647217 116.99127691984177 394.02513359487057 11.857724487781523 22.034245908260345 12.682512328028677
leaf_count=140 51 100 1053 224 88 64 57 2207 218 62 106 1589 399 175 348 63 349 119 479 131 161 836 61 312 74 493 1803 50 94 59
internal_value=-2.83037e-05 -0.0010701 0.0111235 -0.00237229 -0.00647591 -0.00769337 0.00628606 -0.00101988 0.00159354 -0.00342753 -0.00846913 -0.0094876 -0.00314054 0.00488423 -0.00291511 0.000956952 0.00130605 -0.00395814 -0.0109783 -0.010228 -0.00256546 0.00780929 0.00196253 -0.00976054 0.00145553 0.000509886 -9.80976e-05 0.00125545 -0.00592482 0.00952155
internal_weight=2437.72 2230.27 207.447 1895.42 468.887 436.209 334.851 1426.54 687.85 738.685 424.813 403.823 134.872 313.7 90.1257 669.674 71.9316 725.943 119.034 54.4841 606.909 223.574 615.19 100.443 600.633 550.216 533.051 27.0245 139.026 32.6779
internal_count=11965 10512 1453 8956 2529 2382 1556 6427 3087 3340 2318 2212 623 1416 405 2987 400 3278 598 244 2680 1011 2743 473 2682 2464 2390 113 587 147
cat_boundaries=0 1 2
cat_threshold=56 5
is_linear=0
shrinkage=0.03


Tree=73
num_leaves=31
num_cat=2
split_feature=20 26 6 12 20 14 14 8 11 10 23 20 20 20 25 10 15 23 15 13 9 10 12 23 9 15 14 23 23 26
split_gain=40.3667 27.0422 12.5914 12.3645 9.84185 9.56928 9.35733 8.93178 8.13887 7.92986 7.43193 7.1002 6.91509 6.61246 7.60571 7.42869 6.39648 5.80559 5.351 6.98255 5.20313 5.18319 6.73134 5.99793 5.46706 6.07712 5.70916 6.16711 4.927 4.79326
threshold=73.166666666666671 0 1.5000000000000002 1.0000000180025095e-35 86.833333333333357 1.0000000180025095e-35 4.5000000000000009 70.500000000000014 120.50000000000001 9.5000000000000018 -183.49999999999997 53.250000000000007 39.750000000000007 57.750000000000007 77.500000000000014 96.500000000000014 1.5000000000000002 -70.499999999999986 19.500000000000004 98.500000000000014 17.500000000000004 52.500000000000007 5.5000000000000009 -109.49999999999999 51.500000000000007 5.5000000000000009 1.5000000000000002 -63.499999999999993 -49.499999999999993 1
decision_type=10 1 8 2 10 2 2 2 2 2 10 8 8 10 2 2 2 10 2 2 2 2 2 10 2 2 2 8 10 1
left_child=1 2 6 -3 29 -6 -1 9 16 20 -4 -11 -12 -8 15 -15 -9 -17 21 -20 -5 22 -14 -23 25 26 27 -24 -25 -2
right_child=4 3 10 7 5 -7 13 8 -10 11 12 -13 18 14 -16 17 -18 -19 19 -21 -22 23 24 28 -26 -27 -28 -29 -30 -31
leaf_value=-0.0066629470454800327 -0.0048028976060226379 0.0062098822359418979 -0.0061306247821245954 -0.0052998811907644288 0.015163260835091761 -0.010011173874818487 0.01699407399033712 -0.005095543818171136 0.0090163586495727727 0.015696075145094336 0.027652088893698509 0.00027982019690078367 0.015322059961396598 -0.017107550064124167 0.014126475454130762 0.018696768464740325 -0.019847420537220141 -0.0059041275863386594 -0.004370628281183995 0.016365183815558421 -0.025726515669038864 0.0037597213157381372 -0.02408257321432318 0.036348772758200511 -0.014423092327505401 0.021972503673487444 0.010105574076984224 0.0049310616823263096 0.016582067401049269 0.00027459878407117927
leaf_weight=69.466101318597794 365.5197569578886 204.19815069437027 19.836730398237705 92.986051164567471 13.348830282688139 309.3805824816227 39.427802786231041 53.626705974340439 17.710843145847321 27.886748626828194 24.621681272983551 389.14998070895672 118.13640607893467 22.78166700899601 30.331507429480553 14.116913452744482 53.059288576245308 19.325854033231735 39.32784079015255 21.981337741017342 11.933761440217493 15.613997392356394 11.019218750298021 21.044883891940113 11.177750810980795 18.085842430591583 35.63827570527792 13.997252106666567 30.362862758338455 307.292908385396
leaf_count=315 1784 1012 104 415 59 1686 191 266 100 124 161 1767 780 95 126 60 292 81 173 95 56 72 59 98 57 95 181 75 139 1390
internal_value=6.98462e-06 0.00324097 0.00818025 -0.000204985 -0.00462668 -0.00892628 0.00211713 -0.00224122 -0.00943075 -0.000512997 0.0114924 0.00134577 0.012475 0.00697272 0.00226585 -0.00426767 -0.0125484 0.00472177 0.0112855 0.00320716 -0.00784419 0.0130678 0.0106378 0.0203439 0.00438275 0.00719976 0.00250994 -0.00828327 0.0252132 -0.0025541
internal_weight=2422.39 1426.85 576.294 850.552 995.542 322.729 195.45 646.353 124.397 521.957 380.844 417.037 361.007 125.984 86.5559 56.2244 106.686 33.4428 336.386 61.3092 104.92 275.076 208.055 67.0217 89.9183 78.7406 60.6547 25.0165 51.4077 672.813
internal_count=11908 6989 2957 4032 4919 1745 868 3020 658 2362 2089 1891 1985 553 362 236 558 141 1824 268 471 1556 1247 309 467 410 315 134 237 3174
cat_boundaries=0 1 2
cat_threshold=44 11
is_linear=0
shrinkage=0.03


Tree=74
num_leaves=31
num_cat=3
split_feature=20 18 20 12 26 26 9 12 22 22 10 1 20 22 23 6 20 10 21 4 23 0 23 9 5 23 23 22 26 5
split_gain=29.1089 20.4671 18.77 10.4978 14.2183 9.47919 9.64147 9.12709 7.96619 10.735 8.15304 7.32117 7.21138 6.67306 7.79711 6.65639 6.93246 6.62631 6.49785 6.54367 6.42191 5.65286 7.63383 7.40388 5.43639 5.37709 8.604 7.86384 6.49839 5.97656
threshold=82.125000000000014 1.0000000180025095e-35 45.250000000000007 1.0000000180025095e-35 0 1 18.500000000000004 6.5000000000000009 1.2500000000000002 6.2500000000000009 91.500000000000014 21.500000000000004 78.166666666666671 2.7500000000000004 -85.499999999999986 36.500000000000007 66.250000000000014 49.500000000000007 -1.4999999999999998 224.50000000000003 -57.499999999999993 10.500000000000002 -96.499999999999986 1.0000000180025095e-35 -0.36613388550587528 -45.499999999999993 -42.499999999999993 -3.4999999999999996 2 2.695752040637077
decision_type=10 2 8 2 1 1 2 2 10 10 2 2 10 10 10 8 8 2 10 2 10 2 10 2 2 10 10 8 1 2
left_child=1 2 -1 -4 8 6 -2 13 10 -10 -5 25 -11 14 -7 16 -3 -16 19 -8 -9 22 -18 -23 -14 27 -27 -6 -29 -28
right_child=5 15 3 4 11 7 18 20 9 12 -12 -13 24 -15 17 -17 21 -19 -20 -21 -22 23 -24 -25 -26 26 29 28 -30 -31
leaf_value=0.014966472803794654 0.015867697849584923 0.030362712610817733 0.0070394369690180607 0.0030154085261497247 0.016615756801914128 0.021086607209636232 0.0022639143841564689 -0.0077279370009332949 -0.0071923253334861929 0.012177952701568613 0.012875685688711206 -0.0099414341499508389 0.0066080794623267491 -0.016331552932958449 0.0030811232774722954 0.022994364132373782 0.017928122856568366 -0.022713755207103212 -0.013935424202175736 -0.010854266616430354 -0.019516273676300915 0.02179299336563353 -0.019807125592982661 0.0052874799955921498 -0.019042180630365613 0.017229626600375997 0.00041570627472481094 -0.0022422504829614194 -0.011052271124145035 -0.019215361767896021
leaf_weight=83.462799198925495 25.012066647410393 11.368862390518187 191.3413982540369 254.53743225336075 14.697804749011992 14.9916475713253 138.74418884515762 79.743129558861256 120.60804833471775 61.175677612423897 106.83907164633274 113.71313764154911 14.484833285212519 20.67752468585968 37.053437054157257 34.810914561152458 6.259170867502692 10.748039215803145 41.873262509703636 44.331370815634727 91.041103512048721 30.89334037899971 13.748755007982252 109.65057025849819 13.504690825939177 25.781184017658234 314.98042446374893 269.72661089897156 104.785868242383 13.603047430515288
leaf_count=470 107 71 855 1097 63 73 655 470 547 264 464 620 68 116 166 294 51 58 241 249 514 233 108 721 68 116 1397 1210 481 61
internal_value=0.000571092 0.00226396 0.00117896 0.000459731 -0.000425939 -0.00583328 -0.00138096 -0.00975171 0.00320829 -0.00138228 0.00595803 -0.00285223 0.0064692 -0.00197007 0.00294099 0.0111544 0.00863794 -0.00306537 -0.00342169 -0.000954336 -0.0140891 0.00692116 -0.00771076 0.00904394 -0.00599789 -0.0017945 0.000878484 -0.0042242 -0.00508414 -0.000452838
internal_weight=2414.19 1909.97 1703.24 1619.78 1428.44 504.216 249.961 254.255 571.15 209.773 361.377 857.288 89.1652 83.4706 62.7931 206.732 171.921 47.8015 224.949 183.076 170.784 160.552 20.0079 140.544 27.9895 743.575 354.365 389.21 374.512 328.583
internal_count=11908 9259 7781 7311 6456 2649 1252 1397 2508 947 1561 3948 400 413 297 1478 1184 224 1145 904 984 1113 159 954 136 3328 1574 1754 1691 1458
cat_boundaries=0 1 2 3
cat_threshold=40 32 22
is_linear=0
shrinkage=0.03


Tree=75
num_leaves=31
num_cat=4
split_feature=20 26 24 3 20 26 15 4 26 22 22 10 2 12 0 26 20 5 13 15 5 22 1 16 10 15 10 3 25 20
split_gain=27.8296 31.0529 15.4207 13.8732 10.5975 10.5072 10.4556 9.91021 9.04288 8.79578 8.36798 7.71403 9.33092 7.28353 7.38749 7.12105 6.78426 7.50851 9.47242 7.24148 6.32213 6.10831 5.99388 5.83166 5.73114 5.70967 5.39888 7.46802 4.98728 8.44088
threshold=69.250000000000014 0 1.0000000180025095e-35 14.500000000000002 82.125000000000014 1 37.500000000000007 15.500000000000002 2 109.75000000000001 2.7500000000000004 9.5000000000000018 2.5000000000000004 23.500000000000004 214.50000000000003 3 39.250000000000007 -1.1394342831883644 76.500000000000014 1.0000000180025095e-35 -1.0086125543661191 2.2500000000000004 25.500000000000004 1.0000000180025095e-35 48.500000000000007 1.5000000000000002 79.500000000000014 106.50000000000001 132.50000000000003 77.583333333333357
decision_type=10 1 2 2 10 1 2 2 1 10 10 2 2 2 2 1 8 2 2 2 2 10 2 2 2 2 2 2 2 10
left_child=1 7 4 15 5 -2 8 -1 9 13 -4 -5 -13 14 -6 -3 -9 18 -18 -19 25 26 -10 -22 -16 -17 27 -21 -7 -30
right_child=2 3 10 11 6 28 -8 16 22 -11 -12 12 -14 -15 24 20 17 19 -20 21 23 -23 -24 -25 -26 -27 -28 -29 29 -31
leaf_value=0.015783746002969421 -0.016772790703835048 -0.0018292784633569409 0.010438732625611622 -0.029194245972191384 0.01509053588160522 -0.0014414137583298478 -0.017017136408317968 0.019252721088629559 -0.0076789612724664164 -0.015704377033078681 -0.0053544358652410882 0.0049742301199791105 -0.0080229631277706354 0.021404986815650399 -0.018154714235575596 0.0040845689694237464 0.0079513927920519777 -0.017354925258236821 0.036658444567745696 0.0053334150928446384 0.024966057882270746 -0.0086203056866989893 -0.021333167199730545 0.0076478517460381165 0.00026310864910113543 -0.011742077986549354 0.011827182168577902 -0.017668954802542693 -0.0034962152745442432 0.029662523580108673
leaf_weight=148.00821878761053 28.914811655879021 200.03112028539181 103.49311625957489 11.305758655071257 23.602847367525101 544.32610599696636 91.030523031949997 32.018023446202278 162.89890396595001 26.034368500113487 41.739060953259468 65.136596545577049 201.44664004445076 15.990077480673788 17.86860279738903 127.20722718536854 89.561019502580166 16.169991254806519 10.878120250999926 52.900145351886749 20.580300703644753 31.500594168901443 34.957902662456036 103.22834940254688 78.187400639057159 23.437026768922806 67.329994976520538 15.619773417711256 14.802221402525904 11.659435480833052
leaf_count=992 158 862 448 51 98 2468 577 204 859 141 199 291 1033 79 77 573 448 73 50 254 110 132 229 590 367 104 292 70 63 50
internal_value=9.36595e-06 0.00320286 -0.00323979 -0.000612947 -0.00450726 -0.00188989 -0.00797904 0.00919382 -0.00564987 -6.5638e-05 0.00589427 -0.00593247 -0.00484052 0.00302398 0.00041067 0.00249555 0.006357 0.00484047 0.0113913 0.00121298 0.00550924 0.00309951 -0.00969884 0.0107036 -0.00331478 0.00156109 0.00586021 -8.89267e-05 -0.000800597 0.0116622
internal_weight=2411.86 1216.36 1195.51 752.373 1050.27 599.703 450.571 463.986 359.54 161.683 145.232 277.889 266.583 135.649 119.659 474.484 315.978 283.96 100.439 183.52 274.453 167.351 197.857 123.809 96.056 150.644 135.85 68.5199 570.788 26.4617
internal_count=11942 6129 5813 3614 5166 2739 2427 2515 1850 762 647 1375 1324 621 542 2239 1523 1319 498 821 1377 748 1088 700 444 677 616 324 2581 113
cat_boundaries=0 1 2 3 4
cat_threshold=44 1 32 64
is_linear=0
shrinkage=0.03


Tree=76
num_leaves=31
num_cat=2
split_feature=20 26 20 20 3 2 26 6 15 12 4 14 20 12 20 24 0 6 2 4 8 12 0 4 15 6 11 5 4 4
split_gain=32.2524 22.9646 12.5445 10.8434 10.573 11.7213 9.46991 8.89774 8.60593 7.60575 7.20831 6.70321 6.47018 11.8695 6.34741 6.39538 6.3226 5.69413 6.47573 5.7981 6.23178 5.67107 8.01573 8.58982 5.66542 9.15856 5.07433 4.9786 5.4546 9.38443
threshold=73.166666666666671 0 26.500000000000004 50.750000000000007 62.500000000000007 2.5000000000000004 1 3.5000000000000004 26.500000000000004 1.0000000180025095e-35 55.500000000000007 5.5000000000000009 88.833333333333357 5.5000000000000009 85.583333333333357 1.0000000180025095e-35 314.50000000000006 22.500000000000004 5.5000000000000009 163.50000000000003 53.500000000000007 42.500000000000007 359.50000000000006 8.5000000000000018 79.500000000000014 1.5000000000000002 122.50000000000001 3.2619279743942671 179.50000000000003 222.50000000000003
decision_type=10 1 8 8 2 2 1 8 2 2 2 2 10 2 10 2 2 10 2 2 2 2 2 2 2 10 2 2 2 2
left_child=1 3 -3 -1 9 -6 8 -5 -2 16 -7 -10 27 -14 24 -16 -4 19 -19 20 21 22 23 -11 25 -13 -21 28 -8 -30
right_child=6 2 4 7 5 10 12 -9 11 17 -12 14 13 -15 15 -17 -18 18 -20 26 -22 -23 -24 -25 -26 -27 -28 -29 29 -31
leaf_value=0.021099372631627693 0.0023667504301223088 0.027821326450617117 0.0049297781060724305 0.0036542173559135087 0.0097906314820466831 -0.027774525765144432 -0.0066765829072215717 0.013213047491866352 -0.023412379863583532 -0.0054291410389457175 -0.0083677873426729575 -0.01123211344197508 0.0051094885710144221 -0.018079818628728241 -0.013399558813571756 0.011907739826124837 0.027782252634235258 -0.0038419639499383115 0.022898135684829915 -3.1246594685809709e-05 -0.010881478696628163 0.017014586350824774 -0.021421266914154542 0.0027470199810251559 0.022478565341888818 0.013302573132858873 0.019903790505224644 0.012425764537252516 0.024855291254247115 -0.0064958463610682677
leaf_weight=54.026630990207195 283.84536403417587 13.636977337300776 176.89077804237604 265.29454740136862 25.395434200763702 21.512070417404175 396.74998497962952 130.77359066158533 17.407052129507065 197.97275272756815 80.688287109136581 32.26748214662075 24.877818591892719 90.677952408790588 64.688331857323647 9.6192222535610181 10.694898933172224 13.694818414747717 18.262694545090199 25.140810906887054 61.721784621477127 14.504689857363699 16.385989457368851 275.18146465718746 9.9469388425350171 22.27886763215065 20.162382170557976 13.199132844805716 12.952733784914015 21.583492577075958
leaf_count=314 1244 96 906 1187 119 107 1950 841 87 906 440 165 125 543 396 49 52 63 87 121 302 67 76 1256 52 104 93 57 69 123
internal_value=-2.70682e-06 0.00289982 0.000255402 0.00840447 -0.000162841 -0.00816811 -0.00412832 0.00683568 -0.000728212 0.00107524 -0.0126822 -0.00637767 -0.00666217 -0.0130864 -0.00408916 -0.0100089 0.00637309 -0.000477755 0.0116703 -0.0011311 -0.00196325 -0.000851804 -0.00141478 -0.000678208 0.00278007 -0.00115211 0.00907918 -0.00511594 -0.00568029 0.00563088
internal_weight=2422.03 1421.94 971.846 450.095 958.209 127.596 1000.09 396.068 440.053 830.613 102.2 156.208 560.041 115.556 138.801 74.3076 187.586 643.027 31.9575 611.07 565.767 504.045 489.54 473.154 64.4933 54.5463 45.3032 444.485 431.286 34.5362
internal_count=11997 7033 4691 2342 4595 666 4964 2028 2097 3929 547 853 2867 668 766 445 958 2971 150 2821 2607 2305 2238 2162 321 269 214 2199 2142 192
cat_boundaries=0 1 2
cat_threshold=40 32
is_linear=0
shrinkage=0.03


Tree=77
num_leaves=31
num_cat=2
split_feature=22 18 24 5 26 13 6 14 3 26 22 13 3 9 4 2 23 23 0 9 23 0 1 3 23 5 5 2 4 2
split_gain=22.8138 14.3067 11.3878 11.245 12.633 13.6592 9.70574 9.12179 8.01473 7.46582 7.12599 6.9798 6.89671 6.65593 8.18089 5.93673 12.3593 8.50447 6.52307 7.09347 6.1606 5.73398 6.07548 7.86245 5.6216 7.41496 6.25402 5.98424 5.51579 5.39523
threshold=1.2500000000000002 1.0000000180025095e-35 1.0000000180025095e-35 -2.3954971866666237 0 3.5000000000000004 36.500000000000007 6.5000000000000009 141.50000000000003 1 -0.74999999999999989 1.0000000180025095e-35 1.5000000000000002 222.50000000000003 232.50000000000003 17.500000000000004 -40.499999999999993 -23.499999999999996 271.50000000000006 24.500000000000004 -108.49999999999999 569.50000000000011 22.500000000000004 211.50000000000003 -69.499999999999986 0.30475388107033569 1.1462673785702726 77.500000000000014 1.0000000180025095e-35 1.0000000180025095e-35
decision_type=10 2 2 2 1 2 8 2 2 1 10 2 2 2 2 2 10 10 2 2 10 2 2 2 10 2 2 2 2 2
left_child=1 2 3 15 7 -6 11 28 9 -2 -9 -3 29 -12 -15 17 20 18 19 -1 -17 -10 23 -23 27 -26 -27 -14 -5 -13
right_child=8 6 -4 4 5 -7 -8 10 21 -11 13 12 24 14 -16 16 -18 -19 -20 -21 -22 22 -24 -25 25 26 -28 -29 -30 -31
leaf_value=-0.00010131196836879419 0.0017898840134631128 -0.01078000930951672 0.0079975899214059197 0.020438847049388798 0.0028126980123162706 -0.0063978802119861221 0.023362877260123021 0.009894884580850815 -0.025374274406499506 -0.0059118907413680307 -0.0060200906237356825 0.0011252212312131806 0.018121459722429515 0.021087383094859503 -0.0074813413619888997 0.005276159222444613 -0.002638666028310459 0.016434176645496873 0.01699190154158035 -0.018361329110169671 0.025628119415733345 -0.015012275951926651 -0.01213872762143183 0.018264553364755319 -0.016613451251508836 0.02394708876645851 -0.0029853754623356808 -0.009589094639227495 0.0053899581106113164 0.022264975288315628
leaf_weight=74.653353728353977 168.62722970545292 19.072217836976051 161.47697538137436 24.586426727473736 195.95774592459202 550.01435428857803 33.957574941217899 41.548557668924332 21.741577439010143 325.66506186127663 170.99361622333527 15.043434672057627 29.397212691605091 18.884389027953148 15.785352900624273 20.354699559509754 36.789313457906246 26.664794154465199 13.130632020533083 24.756855696439743 41.912090867757797 10.028723239898683 95.135144382715225 14.293241173028944 21.008834980428219 10.349330574274061 23.957965955138206 8.4220118522644025 164.6633932441473 39.186239682137966
leaf_count=337 783 146 712 114 862 2673 296 189 106 1649 805 123 190 92 81 91 162 115 59 105 184 49 577 71 119 57 152 45 728 324
internal_value=-0.000307414 0.00143275 0.000473834 -0.000386344 -0.00158533 -0.0039253 0.00896376 0.00244759 -0.00518321 -0.00336935 -0.00129193 0.00590397 0.00812134 -0.00358885 0.00823479 0.0055457 0.0111209 0.00152747 -0.00211808 -0.00478631 0.0191637 -0.0114646 -0.00874336 0.00449246 0.00310325 -0.0029897 0.00558736 0.0118625 0.00744219 0.0165273
internal_weight=2418.06 1782.57 1582.17 1420.7 1182.43 745.972 200.395 436.462 635.491 494.292 247.212 166.437 147.365 205.663 34.6697 238.262 99.0561 139.206 112.541 99.4102 62.2668 141.199 119.457 24.322 93.1354 55.3161 34.3073 37.8192 189.25 54.2297
internal_count=11996 8761 7309 6597 5544 3535 1452 2009 3235 2432 1167 1156 1010 978 173 1053 437 616 501 442 275 803 697 120 563 328 209 235 842 447
cat_boundaries=0 1 2
cat_threshold=40 32
is_linear=0
shrinkage=0.03


Tree=78
num_leaves=31
num_cat=2
split_feature=20 6 26 23 11 3 22 24 3 21 22 23 11 9 22 25 4 21 26 20 4 2 25 23 15 20 25 9 11 22
split_gain=22.1971 17.0816 21.2072 12.1566 11.0381 12.7019 9.41573 8.78078 8.93423 8.68133 8.06437 7.28898 6.81089 8.0757 6.89946 6.27869 6.1813 5.91475 8.63074 6.73296 8.77722 6.7453 10.391 8.04443 6.64296 6.28477 6.22542 5.99795 5.9144 5.89602
threshold=73.166666666666671 1.5000000000000002 0 -183.49999999999997 119.50000000000001 15.500000000000002 -2.4999999999999996 1.0000000180025095e-35 1.5000000000000002 -20.499999999999996 1.2500000000000002 -48.499999999999993 6.5000000000000009 1.0000000180025095e-35 -0.74999999999999989 77.500000000000014 31.500000000000004 17.500000000000004 1 78.583333333333357 71.500000000000014 18.500000000000004 117.50000000000001 -22.499999999999996 7.5000000000000009 92.833333333333357 132.50000000000003 34.500000000000007 200.50000000000003 3.7500000000000004
decision_type=10 8 1 8 2 2 10 2 2 10 10 10 2 2 8 2 2 8 1 10 2 2 2 10 2 10 2 2 2 10
left_child=1 9 3 -3 5 -4 -2 17 -9 28 -10 16 13 -13 -15 -12 -5 -8 19 -19 24 -22 23 -23 -21 26 -20 -27 -1 -7
right_child=6 2 4 11 -6 29 7 8 10 -11 15 12 -14 14 -16 -17 -18 18 25 20 21 22 -24 -25 -26 27 -28 -29 -30 -31
leaf_value=-0.003757251631057871 0.013637619579721575 -0.011990147127583924 0.0027842471316542909 0.020888018602965429 0.025067485354431578 -0.0085792193951653179 -0.010520809475361855 0.027103384658327154 0.0075955022760646656 0.011660819941680382 0.0063110792344695139 0.01628601552825816 0.014938139112591006 0.017549607350141536 -0.0060069593939884721 -0.017269255309640054 0.010058878263888864 -0.0080668866438491759 -0.0062534580753053452 0.001532394716507308 -0.013603279607641757 -0.0065475075598703065 0.018928809961842825 0.018421001819679667 0.020832190789486549 -0.00058050408244423365 0.012449850886445495 -0.026497081486410883 -0.022929080771496232 0.012617209519537384
leaf_weight=316.12501314282417 27.208762586116791 20.449424758553505 495.04702166467905 93.172585263848305 15.759988889098166 147.6486468911171 145.66532906889915 12.04878221452236 62.768781244754791 31.269442498683929 14.982779189944265 26.790789924561977 57.984806038439274 12.263630256056784 70.989692941308022 28.034966886043549 102.99552319198847 62.759302899241447 369.93906895071268 29.313703015446663 29.573798343539238 73.563319265842438 24.990108951926231 12.771702736616133 34.937613070011139 11.76100133359432 15.832269623875616 24.695665329694748 14.239329516887663 11.955309659242628
leaf_count=1520 117 107 2321 625 74 708 790 50 271 134 76 196 287 63 384 135 494 271 1917 122 128 383 119 64 155 58 75 165 64 56
internal_value=7.45962e-06 0.0024087 0.00433637 0.00983209 0.00101175 0.000410719 -0.00345971 -0.0039613 0.00368138 -0.00321165 0.000784858 0.0113561 0.00670925 0.00227778 -0.00236985 -0.0090996 0.0152822 -0.00504191 -0.00387194 0.000438548 0.0030883 -0.00111669 0.00229198 -0.00268524 0.0121854 -0.00645933 -0.00545566 -0.018375 -0.0046503 -0.0069228
internal_weight=2397.54 1416.69 1055.06 384.646 670.411 654.651 980.847 953.638 117.835 361.634 105.787 364.197 168.029 110.044 83.2533 43.0177 196.168 835.803 690.138 267.91 205.15 140.899 111.325 86.335 64.2513 422.228 385.771 36.4567 330.364 159.604
internal_count=11929 7033 5315 2156 3159 3085 4896 4779 532 1718 482 2049 930 643 447 211 1119 4247 3457 1242 971 694 566 447 277 2215 1992 223 1584 764
cat_boundaries=0 1 2
cat_threshold=44 32
is_linear=0
shrinkage=0.03


Tree=79
num_leaves=31
num_cat=0
split_feature=20 18 20 12 22 4 20 20 11 20 5 11 6 20 22 23 12 15 13 20 5 22 4 12 13 9 14 15 4 23
split_gain=26.9169 17.1522 12.4225 12.0739 10.1802 8.73128 9.08528 8.54516 8.15744 8.338 8.02241 7.55647 6.45228 7.0211 5.9195 7.68801 5.91945 5.77952 6.75381 5.66759 5.44798 5.42975 5.35197 6.48094 5.29974 5.02739 6.52908 5.80828 4.98306 5.40216
threshold=45.250000000000007 1.0000000180025095e-35 92.416666666666671 83.500000000000014 1.0000000180025095e-35 16.500000000000004 62.750000000000007 91.833333333333357 10.500000000000002 29.500000000000004 4.0971146524099096 1.5000000000000002 1.5000000000000002 73.166666666666671 -3.4999999999999996 -32.499999999999993 25.500000000000004 12.500000000000002 54.500000000000007 86.416666666666671 -2.9665600680668684 3.7500000000000004 13.500000000000002 1.5000000000000002 7.5000000000000009 151.50000000000003 19.500000000000004 31.500000000000004 28.500000000000004 -102.49999999999999
decision_type=8 2 10 2 8 2 8 10 2 10 2 2 10 8 10 10 2 2 2 10 2 10 2 2 2 2 2 2 2 10
left_child=8 2 3 4 10 16 -7 11 -1 -10 14 19 -13 21 15 -2 22 -3 -19 25 -11 -14 23 -6 -24 -8 -27 -28 -15 -30
right_child=1 17 -4 -5 5 6 7 -9 9 20 -12 12 13 28 -16 -17 -18 18 -20 -21 -22 -23 24 -25 -26 26 27 -29 29 -31
leaf_value=0.024747751715526751 0.019856050956618351 0.0096569208604607923 -0.011235755655671881 0.025515824452807433 0.0048360404689475221 0.0053056628866217101 -0.0092947883865599299 0.012947869783364535 0.026291783833200605 0.016070307700467107 0.024045090099781601 -0.0070697455813799309 0.0024611512581390561 -0.02073654401182852 0.00072315116889098963 -0.0046227132266263137 0.016228812630197646 -0.021603845209419173 0.0090920412669212806 -0.018906801491815697 -0.011267572723990284 0.028042206542334563 -0.0026165796650438429 -0.003433843874193444 0.022581314122366993 0.0057956749891811127 -0.027685530466170522 0.0031506074201225762 0.0082538879811103125 -0.0031388625986800713
leaf_weight=46.771933786571026 32.351634174585342 177.13915389031172 107.72017908841372 14.544599756598471 125.32606001198292 82.586053863167763 256.28107357025146 22.114211730659008 11.843382082879542 8.5912033170461637 13.696601063013075 193.04148432612419 17.440759241580967 10.665388613939284 561.96047692000866 17.168974280357361 20.837305039167404 11.450868569314482 12.537990935146807 43.055935174226761 19.861750885844234 12.346330359578131 12.45804099738598 261.60545846819878 17.226317971944809 48.800995603203773 11.169408351182939 9.690549433231352 47.227739036083221 166.80850231647491
leaf_count=269 141 1346 626 74 548 353 1218 113 86 50 61 1035 76 50 2465 74 100 60 64 261 100 52 56 1164 79 269 69 51 222 790
internal_value=6.18674e-05 -0.000559213 -0.00135976 -0.000822059 -0.00102791 -0.00248513 -0.00414096 -0.00507644 0.0163395 0.0062172 0.00213794 -0.00557984 -0.00294905 0.000192121 0.00160878 0.0114457 0.00100336 0.00778901 -0.00583855 -0.00875392 -0.00274769 0.0136306 0.00020481 -0.00074969 0.0122655 -0.00735903 -0.000206683 -0.0138717 -0.00164182 -0.000598325
internal_weight=2394.32 2307.25 2106.12 1998.4 1983.86 1358.68 921.228 838.642 87.0683 40.2963 625.178 816.528 447.53 254.489 611.481 49.5206 437.453 201.128 23.9889 368.998 28.453 29.7871 416.616 386.932 29.6844 325.942 69.661 20.86 224.702 214.036
internal_count=11922 11417 9947 9321 9247 6506 4559 4206 505 236 2741 4093 2225 1190 2680 215 1947 1470 124 1868 150 128 1847 1712 135 1607 389 120 1062 1012
is_linear=0
shrinkage=0.03


Tree=80
num_leaves=31
num_cat=2
split_feature=18 20 6 24 9 20 4 20 26 20 5 0 0 13 10 5 20 11 5 4 26 25 2 22 6 20 12 10 5 14
split_gain=26.5414 18.9359 8.62811 9.57681 15.6466 12.3662 8.55422 7.34146 7.06458 10.8199 9.08452 6.83899 12.1776 6.60747 8.09556 6.56823 6.34619 6.78151 6.0182 8.35098 5.83963 14.5288 7.44066 6.25854 5.69178 5.62432 5.50762 8.77193 9.3198 5.26468
threshold=1.0000000180025095e-35 53.250000000000007 2.5000000000000004 1.0000000180025095e-35 205.50000000000003 88.583333333333357 15.500000000000002 20.500000000000004 0 70.750000000000014 0.098847515454296722 109.50000000000001 140.50000000000003 11.500000000000002 24.500000000000004 0.33647223662121323 65.750000000000014 128.50000000000003 -0.60386735820685333 74.500000000000014 1 147.50000000000003 18.500000000000004 -0.74999999999999989 4.5000000000000009 66.250000000000014 1.5000000000000002 5.5000000000000009 -1.3824920614272804 3.5000000000000004
decision_type=2 8 10 2 2 10 2 10 1 10 2 2 2 2 2 2 10 2 2 2 1 2 2 10 8 8 2 2 2 2
left_child=1 7 3 5 6 20 -5 -1 9 11 26 -4 -13 -9 -15 -12 17 -14 19 -16 23 22 -22 -3 25 -2 27 -10 -29 -8
right_child=24 2 8 4 -6 -7 29 13 10 -11 15 12 16 14 18 -17 -18 -19 -20 -21 21 -23 -24 -25 -26 -27 -28 28 -30 -31
leaf_value=0.027167191230772981 0.02533030961243412 0.012716243981239101 0.019821967131362611 0.012946923708219423 0.024585825316358122 -0.012882049321985119 0.0090379588487782513 -0.0033968686765213345 -0.0040568445308893459 -0.00095633593596453894 -0.028433008467415321 -0.016704430432209205 0.0015640962325808049 0.029527311514644747 -0.022505665455705152 -0.0070256972690513524 0.019115873627190721 0.023603243798179345 0.013381105490584166 0.0071294645672671693 -0.0023906459836713825 0.022605298727165376 -0.010531163730536711 -0.0016313175032378051 0.014669485004155278 0.0012448805872955558 -0.0020928166408134097 0.0025038378583070002 0.029972219325212195 -0.011237056479246756
leaf_weight=16.436531588435173 8.9628221169114095 28.616937309503555 36.207061782479286 25.707493335008621 25.573853701353073 141.43820653855801 13.763929829001425 42.835300385951996 37.202061906456947 281.66085949540138 14.463051334023474 18.686338111758232 90.43041829764843 16.004197970032692 11.53267680108547 86.068479299545288 36.485925316810608 13.62678003311157 51.146125659346581 26.042502835392952 184.76920828223228 14.669735774397848 224.03582008183002 358.74918565154076 115.37962625920773 71.284851394593716 315.83083726465702 23.714049518108368 20.265500247478485 54.139617428183556
leaf_count=120 57 122 172 111 125 862 60 210 152 1261 69 80 406 84 56 393 155 59 261 126 849 69 1230 1694 967 417 1401 100 86 243
internal_value=-0.000138776 -0.001078 -0.00186555 -0.00372225 0.004268 -0.00472571 -0.00148388 0.00869955 0.000177318 0.00275185 -0.00230102 0.0082138 0.00546699 0.00647345 0.0105046 -0.0103552 0.00851205 0.00464742 0.00678228 -0.00231386 -0.00328886 -0.0056615 -0.00686667 -0.000527778 0.0104237 0.00421363 -0.000298469 0.00662282 0.015546 -0.00705582
internal_weight=2405.73 2210.1 2046.11 1071.46 119.185 952.279 93.611 163.997 974.641 477.097 497.544 195.437 159.229 147.561 104.726 100.532 140.543 104.057 88.7213 37.5752 810.841 423.475 408.805 387.366 195.627 80.2477 397.012 81.1816 43.9795 67.9035
internal_count=11997 10556 9699 5365 539 4826 414 857 4334 2133 2201 872 700 737 527 462 620 465 443 182 3964 2148 2079 1816 1441 474 1739 338 186 303
cat_boundaries=0 1 2
cat_threshold=60 40
is_linear=0
shrinkage=0.03


Tree=81
num_leaves=31
num_cat=2
split_feature=20 26 3 3 11 8 22 23 21 21 26 23 9 23 22 14 15 11 6 23 3 8 2 4 15 23 11 8 22 25
split_gain=21.1472 16.0168 15.968 10.3003 9.74949 10.6003 7.85339 7.27693 7.07725 7.00516 7.65843 7.56437 8.88709 7.95749 6.6195 6.58524 6.27074 6.08173 6.01889 9.93367 6.15461 7.83722 6.24567 6.3551 8.802 5.88812 5.80957 5.56574 5.53871 7.25056
threshold=75.583333333333357 0 27.500000000000004 1.5000000000000002 103.50000000000001 8.5000000000000018 -2.4999999999999996 -65.499999999999986 19.500000000000004 1.5000000000000002 1 -59.499999999999993 21.500000000000004 -136.49999999999997 2.2500000000000004 11.500000000000002 28.500000000000004 106.50000000000001 1.5000000000000002 -179.49999999999997 51.500000000000007 200.50000000000003 96.500000000000014 7.5000000000000009 11.500000000000002 -48.499999999999993 68.500000000000014 28.500000000000004 1.7500000000000002 82.500000000000014
decision_type=10 1 2 2 2 2 10 10 10 10 1 10 2 10 10 2 2 2 10 10 2 2 2 2 2 10 2 2 10 2
left_child=1 3 4 -1 5 28 -2 -4 18 10 16 12 13 -12 25 -7 -8 26 20 -20 22 27 23 -5 -25 -13 -18 -22 29 -3
right_child=6 2 7 8 -6 15 9 -9 -10 -11 11 14 -14 -15 -16 -17 17 -19 19 -21 21 -23 -24 24 -26 -27 -28 -29 -30 -31
leaf_value=0.014576792939841024 0.013362383709516954 0.0032286487536698598 -0.01300725439154252 -0.024351825504929283 0.023155445620531501 -0.0029092290764321364 0.0031058567745553467 -0.0024335366735532345 0.027227577105133748 -0.012942977184543479 -0.0086931686021943146 -0.017941490778616571 -0.005110562152736667 0.017443628628100616 -0.019334795517923987 -0.026065054992927151 -0.00630530099581728 -0.01456444132684266 -0.016297920807019178 0.0077611754663969267 -0.0051783817278698747 -0.012490408559295877 -0.02713144965868455 0.0093433664203953371 -0.018969211653890174 -0.0042680492806682407 0.011656662812532793 0.0102028664271538 -0.0034968769248751794 0.013137628489305423
leaf_weight=105.50137197226286 23.119946792721748 292.72390455007553 99.969477236270905 9.5356675833463651 18.302794456481934 184.13522760570049 229.50675964355469 140.9234551936388 10.874495506286619 71.424254611134529 14.349770605564116 34.246700316667557 154.15073848515749 33.414817050099373 48.392696291208267 10.794311940670012 46.038308337330818 41.047332748770714 15.412008151412008 283.64414538443089 27.044551581144333 22.282833501696587 11.095434084534643 34.1382896900177 12.754097282886503 150.5592972561717 23.724513426423073 88.526414856314659 72.902117699384689 85.407314375042915
leaf_count=760 100 1375 523 50 79 839 1008 725 50 386 69 173 867 152 288 51 230 250 76 1418 120 99 50 157 56 749 129 391 318 439
internal_value=0.000193844 0.00232149 -0.000253968 0.00597889 0.00214356 0.00151334 -0.00353651 -0.00685721 0.00430958 -0.00401308 -0.00317494 -0.00573904 -0.00160671 0.00957418 -0.00953993 -0.00431798 0.000270809 -0.0055521 0.00376262 0.00647109 -0.000193506 0.00343807 -0.00754958 -0.00329381 0.00140744 -0.00688482 -0.0001185 0.00658998 0.00403752 0.00549551
internal_weight=2395.94 1525.97 905.159 620.809 664.266 645.963 869.975 240.893 515.308 846.855 775.431 435.114 201.915 47.7646 233.199 194.93 340.317 110.81 504.433 299.056 205.377 137.854 67.5235 56.4281 46.8924 184.806 69.7628 115.571 451.033 378.131
internal_count=11977 7576 4349 3227 3101 3022 4401 1248 2467 4301 3915 2298 1088 221 1210 890 1617 609 2417 1494 923 610 313 263 213 922 359 511 2132 1814
cat_boundaries=0 1 2
cat_threshold=44 32
is_linear=0
shrinkage=0.03


Tree=82
num_leaves=31
num_cat=2
split_feature=20 22 26 14 22 20 11 13 12 12 25 0 21 20 11 24 14 15 26 6 20 4 21 12 4 25 12 8 11 20
split_gain=23.8787 17.8013 14.8676 11.5087 8.80324 6.96376 8.26546 6.72371 6.41435 7.26589 6.51938 6.21482 6.77203 9.0355 6.36261 5.64404 5.37863 8.05807 4.99708 8.1162 7.27897 6.7467 6.0051 5.61765 5.52018 5.70791 5.58019 4.92464 4.87472 4.90167
threshold=46.750000000000007 0.75000000000000011 0 7.5000000000000009 -0.74999999999999989 77.833333333333357 79.500000000000014 95.500000000000014 1.0000000180025095e-35 40.500000000000007 52.500000000000007 630.50000000000011 16.500000000000004 53.750000000000007 45.500000000000007 1.0000000180025095e-35 17.500000000000004 26.500000000000004 1 3.5000000000000004 89.166666666666671 188.50000000000003 -5.4999999999999991 6.5000000000000009 45.500000000000007 132.50000000000003 8.5000000000000018 156.50000000000003 57.500000000000007 39.750000000000007
decision_type=8 10 1 2 10 10 2 2 2 2 2 2 8 10 2 2 2 2 1 10 10 2 10 2 2 2 2 2 2 10
left_child=28 2 4 8 16 6 15 -8 10 27 -4 12 -6 -14 -15 -3 17 -2 22 20 21 -20 24 -21 26 -26 -7 -10 -1 -30
right_child=1 5 3 -5 11 18 7 -9 9 -11 -12 -13 13 14 -16 -17 -18 -19 19 23 -22 -23 -24 -25 25 -27 -28 -29 29 -31
leaf_value=0.019475839824855189 0.0084272988495244748 -0.0038885287347781398 -0.0018910013768496253 -0.01177716086020507 -0.010884449788854042 -0.0029154149837022905 0.016463647472554851 -0.0035252840534397288 -0.0034138696789128863 0.018526594690601066 0.011950093273120146 0.012838082010680502 0.024327406278551674 0.0018518853712923256 -0.018097500176202187 0.0067203086704216743 0.020066322242574 -0.015672287058387337 -0.012103678899005755 0.0052909899049654865 -0.024993022846060309 0.01129660975007753 -0.010501021699389686 -0.010453532454886016 -0.0042859132714560145 0.016305125364881601 0.020898555711795132 0.011534034868134913 0.015343984812763537 -0.0087333440157609885
leaf_weight=62.791158370673656 241.43563618510962 381.86254012584686 54.014493852853775 87.108796261250973 40.730140656232834 15.53165580332279 38.929915174841881 23.912856861948967 378.89659188687801 14.159080013632773 69.017586290836334 39.76706962287426 14.491013824939726 270.27040083706379 14.196331694722174 50.24434120953083 32.653878279030323 12.263973399996756 111.000772818923 44.376583427190781 37.374699778854847 11.523504465818403 70.207054175436497 36.091005906462669 150.84130321443081 12.186288490891455 18.953500792384148 19.963495373725891 15.61462140083313 13.151537634432316
leaf_count=370 1563 1721 230 493 185 67 171 106 1738 72 352 183 73 1161 59 215 155 56 653 209 259 76 397 195 767 53 84 107 103 65
internal_value=-9.7334e-05 -0.000700317 0.00163152 -0.00170188 0.00470425 -0.00369552 -0.00115904 0.0089214 -7.74478e-05 -0.00187015 0.00590722 0.00176989 0.000440264 0.00201429 0.000796401 -0.00264229 0.00873666 0.00720535 -0.00615929 -0.0092331 -0.0135069 -0.00982923 -0.00292307 -0.00181232 -0.000337368 -0.00265672 0.0103932 -0.00263873 0.0148419 0.00441254
internal_weight=2383.56 2292 1288.97 623.16 665.808 1003.04 494.95 62.8428 536.051 413.019 123.032 379.455 339.688 298.958 284.467 432.107 286.353 253.7 508.086 240.367 159.899 122.524 267.72 80.4676 197.513 163.028 34.4852 398.86 91.5573 28.7662
internal_count=11938 11400 6427 2992 3435 4973 2213 277 2499 1917 582 1661 1478 1293 1220 1936 1774 1619 2760 1392 988 729 1368 404 971 820 151 1845 538 168
cat_boundaries=0 1 2
cat_threshold=42 32
is_linear=0
shrinkage=0.03


Tree=83
num_leaves=31
num_cat=2
split_feature=20 20 26 26 22 24 6 15 14 23 0 22 23 15 23 5 20 23 9 13 10 12 23 10 12 12 14 15 24 20
split_gain=19.5079 14.0915 15.4162 7.70173 9.47302 11.2886 8.48191 8.19243 7.93366 7.62779 7.5022 8.73213 8.01363 6.83918 6.37259 6.30121 5.77025 7.52846 7.05582 5.83249 5.49851 5.53961 5.40358 5.37785 8.12376 7.69639 4.99199 7.12067 7.07693 6.18097
threshold=39.750000000000007 82.125000000000014 0 1 145.50000000000003 1.0000000180025095e-35 13.500000000000002 12.500000000000002 3.5000000000000004 -28.499999999999996 232.50000000000003 3.7500000000000004 -113.49999999999999 33.500000000000007 -83.499999999999986 -0.84662355145155688 61.250000000000007 -34.499999999999993 22.500000000000004 9.5000000000000018 56.500000000000007 46.500000000000007 -85.499999999999986 45.500000000000007 9.5000000000000018 18.500000000000004 5.5000000000000009 4.5000000000000009 1.0000000180025095e-35 85.833333333333357
decision_type=8 10 1 1 8 2 8 2 2 10 2 10 10 2 10 2 8 10 2 2 2 2 10 2 2 2 2 2 2 10
left_child=-1 2 9 4 -4 7 16 -6 -8 -2 11 26 13 -12 -7 -16 17 19 -19 22 23 -22 -5 -18 -25 -26 27 28 29 -3
right_child=1 10 3 6 5 14 8 -9 -10 -11 12 -13 -14 -15 15 -17 20 18 -20 -21 21 -23 -24 24 25 -27 -28 -29 -30 -31
leaf_value=0.019097832254046779 -0.01699213987212209 -0.016544705050858671 0.0020909708733090849 -0.013707395867407353 0.02142529388155795 0.01402128519593808 0.0036417159581213212 -0.0041388878337307372 0.029321312816667326 0.0097203901189359329 0.0089399947872481587 -0.018009566939398879 -0.0093464131082669037 -0.011554528161415301 0.013563232050070442 -0.017759765970834927 -0.0025270246805053683 -0.02237128917189905 0.00471746792363242 0.019305945499197199 -0.0091348272757461567 0.011360831156082978 0.012041991987675615 0.017173684185504894 -0.019881654345293414 0.01041672897444014 -0.0052940892672206944 0.022674911541519596 0.02317433630918924 0.0045886376018205392
leaf_weight=45.669975779950619 64.918951734900475 16.601043418049812 707.34264378994703 12.011739045381548 69.861024498939514 14.550350233912466 164.83848091214895 13.070817247033117 10.633645594120024 10.59506471455097 43.90988714993 18.388369888067245 294.22550702095032 20.779425233602524 6.9971932172775295 21.127743639051914 424.61267106980085 13.48106390237808 20.829167053103447 33.697448626160622 156.46635372191668 11.996779605746267 15.817135661840437 31.782700553536415 13.894872546195986 14.385980784893034 39.048604816198349 20.19146691262722 11.58623395860195 41.67320117354393
leaf_count=308 335 75 3153 51 584 105 832 70 56 53 235 94 1664 135 49 143 1924 57 89 144 870 63 67 153 68 69 198 89 49 191
internal_value=-0.000107465 -0.000490406 0.000734031 0.00133089 0.00340616 0.0110065 -0.000557038 0.0173948 0.00535524 -0.0116443 -0.00491493 0.00077853 -0.00725021 0.00228109 -0.00152214 -0.0097688 -0.0019549 0.00488493 -0.00625829 0.0110997 -0.00296446 -0.00761684 0.000837867 -0.00133504 0.00699495 -0.00464 0.00357246 0.00743312 0.00277003 -0.00160934
internal_weight=2384.99 2339.32 1832.91 1757.4 832.95 125.607 924.448 82.9318 175.472 75.514 506.404 147.489 358.915 64.6893 42.6753 28.1249 748.976 95.8366 34.3102 61.5263 653.139 168.463 27.8289 484.676 60.0636 28.2809 129.101 90.0519 69.8605 58.2742
internal_count=11973 11665 8935 8547 4104 951 4443 654 888 388 2730 696 2034 370 297 192 3555 408 146 262 3147 933 118 2214 290 137 602 404 315 266
cat_boundaries=0 1 2
cat_threshold=1 44
is_linear=0
shrinkage=0.03


Tree=84
num_leaves=31
num_cat=1
split_feature=18 22 3 23 6 13 2 26 3 8 22 3 1 12 13 25 21 23 5 13 5 22 1 23 8 8 23 22 14 23
split_gain=18.4639 13.7086 9.0215 7.7025 8.34113 10.375 6.41987 7.46083 6.58085 8.48688 6.70999 5.95171 5.91613 5.63547 5.95073 5.8953 5.5588 5.8168 5.47622 5.9408 5.51612 6.6742 12.7494 7.07332 6.46597 6.62288 8.90992 5.64645 5.39991 4.64355
threshold=1.0000000180025095e-35 1.0000000180025095e-35 5.5000000000000009 -4.4999999999999991 36.500000000000007 1.0000000180025095e-35 1.0000000180025095e-35 0 11.500000000000002 72.500000000000014 140.83333333333334 9.5000000000000018 19.500000000000004 81.500000000000014 174.50000000000003 162.50000000000003 -7.4999999999999991 -150.49999999999997 -2.3954971866666237 127.50000000000001 0.32084487047911342 1.2500000000000002 18.500000000000004 -49.499999999999993 76.500000000000014 8.5000000000000018 -113.49999999999999 4.7500000000000009 17.500000000000004 -69.499999999999986
decision_type=2 8 2 10 8 2 2 1 2 2 8 2 2 2 2 2 8 10 2 2 2 8 2 10 2 2 10 10 2 10
left_child=1 -1 -3 4 5 -2 -4 8 -8 12 16 -7 -10 14 15 18 -11 -18 -9 20 28 22 23 -22 25 27 -27 -23 -20 -13
right_child=3 2 6 -5 -6 11 7 13 9 10 -12 29 -14 -15 -16 -17 17 -19 19 -21 21 24 -24 -25 -26 26 -28 -29 -30 -31
leaf_value=0.0027141223044873475 -0.013559294634935716 0.0013566104619847905 0.0025478600603508518 -0.019498732017412781 0.024411643890843712 0.016349507442515711 -0.019219573762072152 0.012537015282729651 0.0053368151341861283 0.014257129320454016 -0.018807720071790855 0.013052866599921241 0.029900260537231861 0.014891481978576409 -0.023843524716374236 0.011721166582143717 0.019265500362007339 -0.0030979853754070585 -0.0087361326899619701 0.0076495701647800078 0.0062425293168735961 -0.021144883735198669 0.023870884191899699 -0.018580041992292434 -0.023667324198355148 -0.020464654261721733 0.0072210230336436079 0.0029034098435762618 -0.018827260955318715 -0.0020043065060774547
leaf_weight=735.21306866407394 18.138752542436123 426.95519461482763 124.3902201205492 7.3577800542116156 29.925818935036659 68.478089101612568 15.920173197984694 11.539676204323767 35.297555819153786 19.476055316627026 18.960605792701244 29.907088965177536 11.050468429923056 9.6496199592947942 17.926768980920315 14.42568366229534 9.9952801242470724 220.80900839716196 261.33622613549232 21.211500003933907 21.237759947776794 28.766847379505634 18.854916453361511 18.463530406355858 19.03218586742878 12.274961486458777 48.422268748283386 12.154856935143469 59.005630113184452 45.123885132372379
leaf_count=3363 147 1852 568 46 279 580 69 51 150 100 119 182 50 53 108 67 52 1115 1401 121 98 150 98 87 114 62 246 63 356 260
internal_value=0.000172356 -0.00062327 -0.00230787 0.00889999 0.0100863 0.00730046 -0.00382641 -0.0047036 -0.000963444 -1.51291e-05 -0.00206784 0.0100126 0.0117011 -0.00672352 -0.00723744 -0.0066504 -0.000729869 -0.00205057 -0.00716933 -0.0076292 -0.00829194 -0.00404522 0.00421687 -0.00547436 -0.0080568 -0.00493097 0.00138113 -0.014103 -0.0106477 0.00409017
internal_weight=2391.3 2192.37 1457.16 198.931 191.574 161.648 1030.2 905.812 331.509 315.589 269.241 143.509 46.348 574.302 564.653 546.726 250.28 230.804 532.3 520.761 499.549 179.207 58.5562 39.7013 120.651 101.619 60.6972 40.9217 320.342 75.031
internal_count=12007 10513 7150 1494 1448 1169 5298 4730 1655 1586 1386 1022 200 3075 3022 2914 1267 1167 2847 2796 2675 918 283 185 635 521 308 213 1757 442
cat_boundaries=0 1
cat_threshold=32
is_linear=0
shrinkage=0.03


Tree=85
num_leaves=31
num_cat=1
split_feature=1 26 4 22 24 8 25 11 23 13 9 23 1 10 2 8 3 25 22 3 5 10 9 9 23 22 25 9 12 11
split_gain=12.5444 12.3131 11.7146 11.4575 13.1491 7.78266 7.01507 10.5488 6.89654 7.48918 6.63192 6.79691 13.1361 6.20882 6.26229 12.7368 5.69703 5.69561 5.55564 8.1741 5.51481 5.77408 5.43454 5.53272 4.93219 8.2024 4.90278 6.67914 5.18285 4.83864
threshold=8.5000000000000018 0 35.500000000000007 2.2500000000000004 1.0000000180025095e-35 18.500000000000004 52.500000000000007 1.0000000180025095e-35 -139.49999999999997 6.5000000000000009 1.0000000180025095e-35 -24.499999999999996 5.5000000000000009 338.50000000000006 359.50000000000006 242.50000000000003 29.500000000000004 65.000000000000014 -2.4999999999999996 27.500000000000004 -4.0371688470447564 21.500000000000004 214.50000000000003 158.50000000000003 -69.499999999999986 1.0000000180025095e-35 132.50000000000003 46.500000000000007 11.500000000000002 257.50000000000006
decision_type=2 1 2 8 2 2 2 2 8 2 2 10 2 2 2 2 2 2 10 2 2 2 2 2 10 8 2 2 2 2
left_child=1 2 10 4 13 8 -4 -8 9 -3 -1 17 -13 14 26 -16 -9 18 -12 -20 -5 -22 23 -6 25 -10 -2 -28 -29 -23
right_child=3 5 6 20 22 -7 7 16 24 -11 11 12 -14 -15 15 -17 -18 -19 19 -21 21 29 -24 -25 -26 -27 27 28 -30 -31
leaf_value=0.019514191253937749 -0.0015077532190132903 -0.030795832667375827 -0.014061497216869502 0.011740038362980508 0.0096835976576736017 -0.0119153212680455 -0.01115109177143833 0.013667174490147461 0.021416617296837963 0.0040940862894800444 0.015543095751018234 -0.032244407384652028 0.012722803018367685 -0.022381708683506064 0.033563089287225935 -0.010993289169241959 -0.0073124968400483936 0.020885192406525269 -0.023612343245379662 0.010597046818010032 -0.021780856446119014 -0.0054676479150627599 0.025628445892526563 -0.011403099705843201 6.5992188182466057e-05 0.00298766837223808 -0.0048102085042927376 0.033028536830717749 0.0045811282305002407 0.0073710769960376767
leaf_weight=76.840734072029591 785.58240757882595 11.246041908860208 21.947663940489292 16.515886321663857 89.085852779448032 43.20708379149437 28.398704342544079 63.733699813485146 26.918897792696953 9.7255721464753133 20.545298300683498 9.2603249698877352 12.711591653525828 10.8920571655035 12.590927846729757 9.3679125607013685 13.536812290549276 33.926822267472744 10.719020962715151 12.672128356993197 17.790750935673714 518.75358789414167 15.948199510574339 11.9351449906826 321.42558085918427 100.164466843009 17.335722178220749 11.290245920419695 11.560166731476782 26.990415662527084
leaf_count=550 3776 61 96 79 397 200 131 302 115 46 139 56 61 63 64 54 59 195 50 61 93 2824 74 53 1469 497 81 51 52 159
internal_value=2.9448e-05 0.0030374 0.00768503 -0.00155118 0.000434697 0.000117426 0.000994583 0.00422426 0.00125029 -0.0151657 0.0129174 0.00769688 -0.0068078 -0.00085467 -0.000552034 0.0149039 0.00994533 0.0118243 0.00451863 -0.0054048 -0.00488624 -0.00539345 0.00982638 0.00710495 0.00204991 0.00702803 -0.000980567 0.00911156 0.0194323 -0.00482037
internal_weight=2372.62 816.98 304.293 1555.64 975.589 512.688 127.617 105.669 469.481 20.9716 176.676 99.8352 21.9719 858.619 847.727 21.9588 77.2705 77.8633 43.9364 23.3911 580.051 563.535 116.969 101.021 448.509 127.083 825.769 40.1861 22.8504 545.744
internal_count=11908 4088 1700 7820 4665 2388 588 492 2188 107 1112 562 117 4141 4078 118 361 445 250 111 3155 3076 524 450 2081 612 3960 184 103 2983
cat_boundaries=0 1
cat_threshold=60
is_linear=0
shrinkage=0.03


Tree=86
num_leaves=31
num_cat=2
split_feature=20 26 8 20 26 15 24 23 8 4 8 23 5 12 25 12 2 8 10 4 5 10 12 12 20 4 5 2 14 6
split_gain=24.4833 18.1329 12.9779 11.7656 8.85026 7.69282 7.35438 7.28941 9.17709 7.27297 7.24495 7.07202 6.13631 6.02161 6.00336 5.96779 6.2612 5.83682 6.03593 5.67653 8.42731 11.683 6.40307 6.66734 6.88439 5.60868 5.57316 6.20273 8.4713 5.27254
threshold=75.583333333333357 0 53.500000000000007 58.750000000000007 1 72.500000000000014 1.0000000180025095e-35 -56.499999999999993 238.50000000000003 110.50000000000001 26.500000000000004 -140.49999999999997 -2.0749572066884552 20.500000000000004 132.50000000000003 5.5000000000000009 13.500000000000002 2.5000000000000004 21.500000000000004 31.500000000000004 -1.1539904220291606 45.500000000000007 30.500000000000004 18.500000000000004 51.250000000000007 7.5000000000000009 -0.95178384259392368 118.50000000000001 5.5000000000000009 1.5000000000000002
decision_type=10 1 2 10 1 2 2 10 2 2 2 8 2 2 2 2 2 2 2 2 2 2 2 2 8 2 2 2 2 8
left_child=1 3 4 19 12 10 7 8 14 11 15 -6 -3 -4 -2 25 -17 -9 -19 29 -21 -22 23 24 -23 -5 -8 28 -28 -1
right_child=6 2 13 5 9 -7 26 17 -10 -11 -12 -13 -14 -15 -16 16 -18 18 -20 20 21 22 -24 -25 -26 -27 27 -29 -30 -31
leaf_value=0.001875910572169365 -0.0012391949475321548 0.00091902154041782085 -0.0059517603976228942 -0.0079138888249611749 -0.014600870318013806 -0.016041294023709698 0.014505769568355899 -0.015489142575371519 -0.015001248565643437 0.014787870887815004 0.0066789988217017043 0.00020722685845034095 0.021002211787092818 -0.025308238377345554 0.018547168573957655 -0.0205920080929901 -0.0016958981499128314 0.0094894274006384807 -0.0072531043188935997 0.014164965329822072 -0.022601268917337051 0.020269469601630369 -0.011243616461513188 0.026996271112892285 -0.0092334990060517763 0.016489958654684205 0.0036253924035812334 0.012640728642171846 -0.019208219630307673 0.017472239340339014
leaf_weight=23.61172342300415 309.64813866466284 22.037568107247353 168.68297561258078 12.924124017357824 29.500182799994946 18.227403193712234 27.77324865758419 75.00960585474968 42.763071864843369 28.273486346006393 213.31750985234976 600.04142118245363 35.575476720929146 14.998736917972563 13.442802384495733 22.305275216698647 49.521595731377602 19.864009544253349 301.02840380370617 63.720581412315369 15.947681456804274 10.78729932755232 14.121754154562948 14.866189017891882 17.015790209174156 21.23881758749485 34.487110495567322 21.252866104245186 24.06458455324173 118.78255272656679
leaf_count=130 1603 92 882 57 148 80 120 375 262 137 909 2817 180 87 61 94 211 86 1566 376 86 59 66 73 77 91 149 107 113 931
internal_value=-0.000123002 0.00217885 -0.000564063 0.00608487 0.00125826 0.00240429 -0.00413368 -0.00517015 -0.00210869 0.000167633 0.00350403 -0.000508733 0.0115042 -0.00766081 -0.000361258 -0.00288867 -0.00776612 -0.00798681 -0.00619044 0.0107329 0.00628989 -0.000707374 0.00572543 0.0114703 0.00251964 0.00729527 0.00318554 -0.000884837 -0.00592412 0.0149172
internal_weight=2384.83 1515.5 899.11 616.388 715.428 337.535 869.334 761.756 365.854 657.815 319.307 629.542 57.613 183.682 323.091 105.99 71.8269 395.902 320.892 278.854 136.459 72.7387 56.791 42.6693 27.8031 34.1629 107.578 79.8046 58.5517 142.394
internal_count=12025 7583 4343 3240 3374 1442 4442 3953 1926 3102 1362 2965 272 969 1664 453 305 2027 1652 1798 737 361 275 209 136 148 489 369 262 1061
cat_boundaries=0 1 2
cat_threshold=44 16
is_linear=0
shrinkage=0.03


Tree=87
num_leaves=31
num_cat=0
split_feature=12 6 23 4 24 15 3 15 21 12 14 23 3 10 3 10 2 2 23 4 2 13 15 13 5 2 0 18 19 2
split_gain=11.9454 12.0899 10.5552 11.5564 8.18347 6.99219 10.3535 7.9059 9.90475 7.21948 7.06585 7.56613 7.17309 7.00707 6.86432 6.59073 10.1955 9.58544 8.07133 7.88048 6.52502 6.89938 6.42948 9.42122 11.6277 7.74416 6.40672 6.2027 6.06195 7.63764
threshold=79.500000000000014 1.5000000000000002 -38.499999999999993 1.5000000000000002 1.0000000180025095e-35 1.5000000000000002 33.500000000000007 16.500000000000004 1.0000000180025095e-35 32.500000000000007 8.5000000000000018 -50.499999999999993 46.500000000000007 77.500000000000014 1.0000000180025095e-35 44.500000000000007 4.5000000000000009 41.500000000000007 -12.499999999999998 7.5000000000000009 229.50000000000003 38.500000000000007 2.5000000000000004 74.500000000000014 0.22665048433161952 12.500000000000002 170.50000000000003 1.0000000180025095e-35 1.0000000180025095e-35 245.50000000000003
decision_type=2 8 10 2 2 2 2 2 8 2 2 8 2 2 2 2 2 2 10 2 2 2 2 2 2 2 2 2 2 2
left_child=1 4 3 27 -1 6 -5 9 -9 10 12 13 -7 -12 -4 16 18 -18 19 -16 21 -10 25 24 -24 -6 -17 -3 29 -28
right_child=-2 2 14 5 22 7 -8 8 20 -11 11 -13 -14 -15 15 26 17 -19 -20 -21 -22 -23 23 -25 -26 -27 28 -29 -30 -31
leaf_value=-0.0044898337014154313 0.024021774237690981 0.006373455741593247 0.0026361901426886292 0.00081225108525456919 0.00076843434164557622 0.0057739001085829605 -0.012819810481901842 -0.020299888661488807 -0.012636720910173741 0.030139641868946545 -0.015772057640257839 0.021299590582294158 0.01953599836214882 0.0051653850459569082 -0.0076583852061926378 0.017011208751640323 -0.017542563240756627 0.0029398882379273908 -0.017016098558050457 0.011240566123802075 -0.01421961948894828 0.0081209308810141594 -0.028085721337978788 0.01271765091421017 0.0073440667225419245 0.03189332391095788 -0.006605627334660239 0.018241055373751633 0.008452473357915392 0.017674765329755766
leaf_weight=652.23505333065987 17.519050486385822 147.81563928723335 218.2141759544611 311.50084748119116 13.973700433969499 126.46505520492792 58.740341477096081 19.999555513262749 16.21878556907177 11.211634814739226 30.437597125768661 9.6549595519900304 46.427554808557034 25.820448510348797 31.81577455997467 17.208338230848312 96.386322811245918 25.736735291779041 19.929422058165073 49.549584098160267 18.053321346640587 89.448709316551685 16.396673530340198 25.896200567483902 15.372364789247511 13.941305980086325 132.81963656097651 54.25226728618145 40.774034850299358 11.813874863088129
leaf_count=3426 91 664 1088 1492 62 612 306 100 77 56 152 49 220 133 156 80 458 127 95 230 95 435 76 123 71 66 656 491 201 63
internal_value=2.20195e-05 -0.00016719 0.00128992 0.00327206 -0.00334479 0.00157901 -0.00137924 0.00435717 -0.00124572 0.00757007 0.00638919 -0.00194807 0.00956059 -0.00624013 -0.00168276 -0.00389592 -0.00743724 -0.0132372 -0.000383666 0.00384737 0.00197247 0.00484626 0.005333 -0.000448339 -0.011241 0.0168782 2.63208e-05 0.00963387 -0.00163291 -0.00451462
internal_weight=2365.63 2348.11 1610.29 966.047 737.815 763.979 370.241 393.738 143.72 250.017 238.806 65.913 172.893 56.258 644.248 426.034 223.418 122.123 101.295 81.3654 123.721 105.667 85.5802 57.6652 31.769 27.915 202.616 202.068 185.408 144.634
internal_count=11951 11860 8036 4882 3824 3727 1798 1929 707 1222 1166 334 832 285 3154 2066 1066 585 481 386 607 512 398 270 147 128 1000 1155 920 719
is_linear=0
shrinkage=0.03


Tree=88
num_leaves=31
num_cat=0
split_feature=20 20 24 4 23 22 20 1 11 11 23 22 3 15 23 12 2 9 11 11 22 23 6 23 23 23 18 3 4 14
split_gain=20.2617 10.6445 9.50152 6.44613 8.20559 7.72322 6.31722 6.62783 5.4942 6.43602 6.44324 6.09706 9.74404 6.88234 9.79064 5.96028 5.37848 7.62531 5.16669 10.3202 5.13344 5.04383 8.35431 7.72932 6.1917 4.99796 4.80376 5.57665 5.44159 6.02762
threshold=70.750000000000014 45.250000000000007 1.0000000180025095e-35 1.0000000180025095e-35 -37.499999999999993 23.500000000000004 92.416666666666671 39.500000000000007 128.50000000000003 208.50000000000003 -53.499999999999993 1.2500000000000002 139.50000000000003 33.500000000000007 -67.499999999999986 39.500000000000007 11.500000000000002 19.500000000000004 46.500000000000007 70.500000000000014 -5.4999999999999991 -65.499999999999986 2.5000000000000004 -71.499999999999986 -78.499999999999986 -89.499999999999986 1.0000000180025095e-35 11.500000000000002 8.5000000000000018 2.5000000000000004
decision_type=10 8 2 2 10 10 10 2 2 2 10 8 2 2 8 2 2 2 2 2 8 8 8 10 10 8 2 2 2 2
left_child=1 -1 6 4 21 8 7 20 11 10 -10 13 26 15 -15 18 -6 -18 -5 -20 -2 23 -23 24 25 -3 28 -28 -13 -30
right_child=2 3 -4 5 16 -7 -8 -9 9 -11 -12 12 -14 14 -16 -17 17 -19 19 -21 -22 22 -24 -25 -26 -27 27 -29 29 -31
leaf_value=0.012797299743792668 0.016398232525103251 0.0091229329097414959 0.0042610748549517085 0.0034603037720952025 -0.0035379177351840862 0.021485414920076107 -0.011289638065077129 -0.020990633183431907 0.00234786707482051 -0.0060637312634928458 0.02623371878195568 -0.01086588326877772 -0.020329539077292565 0.035420170200766266 0.0017100169042609066 -0.019098256220563988 0.019379257292934198 -0.010717789342212129 -0.030172200126541877 0.002271935700555245 -0.0030902908112682725 -0.0076250803573655046 0.021836711224251421 -0.017859268913750267 0.027476504405678982 -0.0091935433690951453 0.012124443439097535 -0.0034811308535576098 0.0030580860140860845 -0.0055366212796490767
leaf_weight=85.061630398035049 11.366316720843313 67.159215420484543 142.36590139567852 278.70634350180626 96.875261500477791 14.656445756554602 95.978725507855415 17.469813294708729 18.744399681687355 17.140756599605083 21.773622632026672 65.216760471463203 25.535195231437683 12.349884957075117 18.756339341402057 11.506687462329863 23.473478652536869 10.209406860172747 11.895707234740255 27.551779836416245 830.96972101926804 9.8894370943307859 50.494780257344246 10.028961203992365 12.673181936144827 15.832267977297304 43.621326461434364 37.64045250415802 142.900350227952 149.08140245079994
leaf_count=518 49 438 637 1240 520 65 588 116 90 76 103 292 133 53 79 51 124 50 50 117 4107 48 298 51 75 89 365 210 653 736
internal_value=3.98744e-05 0.0026057 -0.00294764 0.00186937 0.00569519 0.000599354 -0.00402472 -0.00320158 0.000228522 0.00909997 0.0155064 -0.000401946 -0.00267388 0.00251938 0.0157801 0.00122418 5.97694e-05 0.0102107 0.00201672 -0.00801593 -0.00280818 0.0100985 0.016966 0.00605271 0.00871834 0.00556085 -0.00160172 0.0049415 -0.00309992 -0.00133416
internal_weight=2376.93 1278.78 1098.15 1193.71 296.636 897.077 955.785 859.806 882.421 57.6588 40.518 824.762 463.995 360.767 31.1062 329.661 130.558 33.6829 318.154 39.4475 842.336 166.078 60.3842 105.694 95.6647 82.9915 438.46 81.2618 357.199 291.982
internal_count=12021 6524 5497 6006 1693 4313 4860 4272 4248 269 193 3979 2389 1590 132 1458 694 174 1407 167 4156 999 346 653 602 527 2256 575 1681 1389
is_linear=0
shrinkage=0.03


Tree=89
num_leaves=31
num_cat=3
split_feature=20 26 8 26 23 20 10 24 11 20 26 23 22 6 22 2 22 12 2 2 5 2 5 4 3 5 9 5 8 20
split_gain=17.0544 14.6367 8.10377 8.62444 8.85292 7.94367 7.82024 7.44668 6.87735 5.97311 6.48078 10.2337 5.96517 5.82974 7.25937 5.81471 6.71806 5.40776 7.03873 7.44509 6.14052 5.02186 5.01142 8.6885 7.99386 12.5324 6.51749 8.05212 8.50433 11.2557
threshold=66.750000000000014 0 53.500000000000007 1 -20.499999999999996 50.750000000000007 29.500000000000004 1.0000000180025095e-35 123.50000000000001 92.416666666666671 2 -149.49999999999997 2.7500000000000004 1.5000000000000002 -1.2499999999999998 4.5000000000000009 0.75000000000000011 15.500000000000002 77.500000000000014 107.50000000000001 -2.3954971866666237 45.500000000000007 -0.56397988365006391 6.5000000000000009 172.50000000000003 0.81093021621632921 244.50000000000003 -1.7507269927009028 19.500000000000004 85.833333333333357
decision_type=10 1 2 1 10 10 2 2 2 10 1 10 10 8 10 2 10 2 2 2 2 2 2 2 2 2 2 2 2 10
left_child=1 5 3 -3 6 13 -5 9 17 10 11 -2 -9 14 -1 16 -13 18 20 -20 -4 -8 23 -12 -24 -26 27 -25 29 -29
right_child=7 2 8 4 -6 -7 21 12 -10 -11 22 15 -14 -15 -16 -17 -18 -19 19 -21 -22 -23 24 26 25 -27 -28 28 -30 -31
leaf_value=-0.0060804137717595519 0.022367135314423716 0.011108571895713201 0.0020223940657409924 -0.0068307334065186923 0.010121811513689807 0.0024682387621595969 0.016978500752510967 0.006940309446339288 0.0083510293234558344 -0.010513412283633181 0.020596340090677113 0.021746501364602148 -0.0060825705286669035 0.011367559197087651 0.01514263134996263 -0.0021273339241188421 0.00013997187482428836 -0.024986370866948559 0.024233473430375286 -0.004488384197288869 -0.016405862535369749 -0.0041210995204421117 -0.0080726948867780122 -0.0068632787183730785 -0.0044905378823323298 0.033186286506089499 -0.018475037631537947 0.014914349927628101 -0.0063945500507159077 -0.014457111451578106
leaf_weight=42.001667842268944 17.536130607128143 55.693924471735954 21.556964784860611 160.38505882769823 49.928176879882812 318.91529563069344 22.402244418859482 121.81728573143482 22.585075996816158 92.257224023342133 14.400629863142965 20.149279966950417 41.78580105304718 240.91295533627272 20.894761681556702 300.69824845343828 33.446320965886116 16.334594093263149 10.310308784246443 28.018108621239662 62.937008857727051 17.361042112112045 341.47480192780495 114.92124618589878 26.822132244706154 10.178296163678167 20.360716708004475 66.695216104388237 43.960095852613449 13.371256917715071
leaf_count=217 83 261 91 694 218 1384 109 528 125 567 61 87 202 1778 107 1420 143 93 53 166 323 91 1713 517 164 53 118 316 235 77
internal_value=-1.62193e-05 0.0027397 -0.00129568 0.0015505 -0.00101589 0.00569595 -0.00388127 -0.0023641 -0.00673242 -0.00324027 -0.00257539 0.000620462 0.00359739 0.0092518 0.00109672 -0.000498372 0.00851249 -0.00922257 -0.00694122 0.0036575 -0.0117356 0.0078911 -0.00433868 -0.00130567 -0.00663723 0.0064744 -0.00259644 -0.00117207 0.00411404 0.00989143
internal_weight=2370.11 1090.24 467.513 305.77 250.077 622.725 200.148 1279.87 161.742 1116.27 1024.01 371.83 163.603 303.809 62.8964 354.294 53.5956 139.157 122.822 38.3284 84.494 39.7633 652.184 273.709 378.475 37.0004 259.309 238.948 124.027 80.0665
internal_count=11994 5710 2224 1373 1112 3486 894 6284 851 5554 4987 1733 730 2102 324 1650 230 726 633 219 414 200 3254 1324 1930 217 1263 1145 628 393
cat_boundaries=0 1 2 3
cat_threshold=46 16 32
is_linear=0
shrinkage=0.03


Tree=90
num_leaves=31
num_cat=2
split_feature=20 20 26 6 11 26 4 2 0 4 20 11 20 3 4 5 4 14 15 11 5 8 3 13 20 10 3 10 14 12
split_gain=17.0717 14.6548 12.1581 10.9526 9.95908 9.21819 12.124 8.71271 9.42541 9.1739 8.05056 6.93504 7.36522 6.84046 7.49652 6.51199 6.21102 6.19031 5.99153 5.79243 5.61767 5.23689 8.83442 8.69669 5.76429 5.11764 7.79879 6.46121 8.70409 7.05825
threshold=92.416666666666671 39.750000000000007 0 1.5000000000000002 23.500000000000004 1 15.500000000000002 158.50000000000003 164.50000000000003 45.500000000000007 69.750000000000014 230.50000000000003 77.583333333333357 193.50000000000003 254.50000000000003 -2.2999465644436232 19.500000000000004 9.5000000000000018 2.5000000000000004 360.50000000000006 -1.3978613675703586 15.500000000000002 179.50000000000003 128.50000000000003 88.166666666666671 43.500000000000007 16.500000000000004 30.500000000000004 1.0000000180025095e-35 1.5000000000000002
decision_type=10 8 1 8 2 1 2 2 2 2 10 2 8 2 2 2 2 2 2 2 2 2 2 2 8 2 2 2 2 2
left_child=1 -1 15 4 13 7 10 8 9 16 -7 12 -8 20 -15 -3 25 18 -12 21 -4 -6 24 -24 -23 26 27 28 -5 -30
right_child=-2 2 3 5 19 6 11 -9 -10 -11 17 -13 -14 14 -16 -17 -18 -19 -20 -21 -22 22 23 -25 -26 -27 -28 -29 29 -31
leaf_value=0.017768646014328458 -0.011899765217450703 0.0016194790083553722 0.010025158772024041 -0.00054629166445140749 -0.020501754343163744 0.014502982563273949 0.0053117257151707497 0.025112345253517649 -0.0088939322568941173 0.016310770835310198 -0.005337650115267315 0.01878127587505269 -0.0014640878357003223 0.021013755833882479 -0.0083674194138625944 -0.016687149150168543 -0.0075519407515669242 -0.016605303646482644 0.013796453836676258 0.012860761063319636 -0.0023188755925485725 0.0026809558695341843 -0.023400125503142827 -0.00035290363068712298 -0.0095534451371241686 0.019817648949711504 -0.012241900308683631 -0.013327401953124022 0.02102300010120841 0.0046914594550198224
leaf_weight=41.754637211561203 105.86528944224119 24.056829661130905 35.923432618379593 217.87850049138069 28.039247393608093 137.61788785457611 244.44776204973459 10.509302258491514 116.72512362152338 30.07246233522892 23.995253756642342 20.231187023222446 349.85561764240265 25.485119014978409 10.444249242544172 61.46703240275383 90.491209484636784 12.152223438024519 35.460004806518555 11.125239267945288 327.0645637139678 81.220075249671936 43.63924652338028 22.042441464960575 59.041579186916351 11.738959975540636 37.990552604198456 22.470453962683678 33.546766176819801 79.416972659528255
leaf_count=292 645 112 163 1031 130 993 1090 57 587 132 104 97 1703 130 59 339 412 54 154 56 1623 379 231 128 343 56 178 106 159 380
internal_value=-0.000184588 0.000372682 3.52302e-05 0.000506899 -0.00275194 0.00193452 0.0040136 -0.000749151 -0.00122377 0.000499795 0.0102822 0.00193136 0.00132717 0.000175575 0.0124777 -0.010379 -0.000494649 0.00208252 0.00611366 -0.00749788 -0.00107305 -0.00851649 -0.00679351 -0.0157869 -0.00250015 0.00110463 0.000494157 0.00189431 0.0029652 0.00968334
internal_weight=2351.77 2245.9 2204.15 2118.63 644.025 1474.6 823.76 650.84 640.331 523.606 209.225 614.535 594.303 398.917 35.9294 85.5239 493.533 71.6075 59.4553 245.108 362.988 233.983 205.943 65.6817 140.262 403.042 391.303 353.313 330.842 112.964
internal_count=11923 11278 10986 10535 3242 7293 4195 3098 3041 2454 1305 2890 2793 1975 189 451 2322 312 258 1267 1786 1211 1081 359 722 1910 1854 1676 1570 539
cat_boundaries=0 1 2
cat_threshold=1 66
is_linear=0
shrinkage=0.03


Tree=91
num_leaves=31
num_cat=0
split_feature=20 12 1 18 20 13 20 10 20 5 25 9 23 10 23 9 15 13 23 6 14 22 23 5 13 5 15 23 14 13
split_gain=20.2656 9.96621 10.5431 8.81483 7.62949 9.28655 7.57662 7.48699 8.95994 10.96 10.7942 8.29998 7.88712 7.40821 7.16299 7.31772 6.85467 6.51531 7.35327 6.35216 6.12731 5.88104 5.82724 6.48217 5.94355 5.28898 7.37774 5.25237 5.23405 4.80137
threshold=55.250000000000007 79.500000000000014 21.500000000000004 1.0000000180025095e-35 95.416666666666671 126.50000000000001 29.500000000000004 107.50000000000001 81.166666666666671 0.79300383031285759 117.50000000000001 127.50000000000001 -63.499999999999993 144.50000000000003 -35.499999999999993 54.500000000000007 1.5000000000000002 16.500000000000004 -96.499999999999986 36.500000000000007 1.0000000180025095e-35 5.2500000000000009 -32.499999999999993 -0.53688151110207494 162.50000000000003 -0.74833622438484826 20.500000000000004 -28.499999999999996 4.5000000000000009 103.50000000000001
decision_type=8 2 2 2 10 2 10 2 8 2 2 2 10 2 10 2 2 2 10 8 2 8 10 2 2 2 2 10 2 2
left_child=6 2 3 4 5 -2 -1 11 9 22 25 12 -4 -12 15 -5 19 -8 -19 20 -16 -15 24 -24 29 26 -10 -14 -6 -9
right_child=1 -3 7 14 28 -7 17 8 10 -11 13 -13 27 21 16 -17 -18 18 -20 -21 -22 -23 23 -25 -26 -27 -28 -29 -30 -31
leaf_value=0.026677238715480247 -0.00047201266314020416 0.022149027965774389 0.0056837634133471296 0.014672087528727517 -0.0014663266602110937 0.020061969897520862 0.00030379073593614158 -0.0021360583748804632 -0.0152235113872888 0.023952073715916691 0.023806125507305643 -0.01924153120645461 -0.019454063337442443 0.0105272350016318 -0.028973023622671613 -0.0068813653705967663 0.01242546784149468 -0.0011212099489079175 0.016941813525924734 0.010745415709194538 -0.0022071282372317746 -0.016711430263455652 0.028446065296403967 0.0011027060018110823 0.013959310235006541 -0.014417137637991323 0.013783489528869545 0.0014440643883918045 -0.027008876498126902 -0.017499318096417391
leaf_weight=19.635778926312923 1466.1621927022934 16.046972416341305 37.57783630490303 90.699487008154392 13.20508322119713 19.093704462051392 70.687399610877037 65.170002922415733 14.06355342268944 18.432397529482841 13.408760309219359 57.732257105410099 31.479546457529068 13.694498278200628 14.274963863193991 16.157475240528584 20.282884791493416 27.516960747539997 74.913080982863903 10.623616926372049 15.878190301358698 12.904030337929724 10.935983568429945 22.78150275349617 13.916834056377409 101.56846934556961 15.574677355587481 16.037509307265282 15.259591847658156 24.650611355900764
leaf_count=152 6677 82 200 781 62 89 352 324 93 87 73 313 161 77 108 96 138 136 386 98 115 81 50 107 67 685 97 79 80 119
internal_value=0.000130593 -0.000700004 -0.000880629 0.000230299 -0.000494733 -0.000194717 0.0094265 -0.00484813 -0.0023317 0.00286333 -0.00705084 -0.0105549 -0.00450652 0.00647087 0.00673049 0.0113795 -0.00145769 0.00732787 0.0121254 -0.00849548 -0.0154018 -0.00281406 -0.000117198 0.0105352 -0.00364705 -0.0111916 -2.81767e-05 -0.0125163 -0.0156113 -0.00649865
internal_weight=2360.37 2167.61 2151.57 1681.64 1513.72 1485.26 192.753 469.928 327.101 155.887 171.214 142.827 85.0949 40.0073 167.917 106.857 61.0597 173.117 102.43 40.7768 30.1532 26.5985 137.455 33.7175 103.737 131.207 29.6382 47.5171 28.4647 89.8206
internal_count=11965 10939 10857 8244 6908 6766 1026 2613 1860 754 1106 753 440 231 1336 877 459 874 522 321 223 158 667 157 510 875 190 240 142 443
is_linear=0
shrinkage=0.03


Tree=92
num_leaves=31
num_cat=2
split_feature=20 20 24 26 3 3 22 20 1 15 0 23 6 10 25 15 0 4 0 3 2 23 5 13 25 26 20 8 0 22
split_gain=16.5107 12.6428 11.9063 11.8483 13.369 13.2106 8.66317 7.73792 7.23502 6.86264 6.85346 6.68296 5.89682 7.88051 7.38946 6.63026 5.77568 6.17003 6.97768 7.14873 6.71623 6.46308 8.73396 5.60734 5.19985 5.10416 9.13334 6.71241 7.56639 6.3576
threshold=72.750000000000014 29.500000000000004 1.0000000180025095e-35 0 27.500000000000004 9.5000000000000018 -2.4999999999999996 59.250000000000007 9.5000000000000018 1.0000000180025095e-35 94.500000000000014 -96.499999999999986 2.5000000000000004 104.50000000000001 65.000000000000014 50.500000000000007 151.50000000000003 82.500000000000014 235.50000000000003 85.500000000000014 60.500000000000007 -61.499999999999993 -1.1539904220291606 43.500000000000007 117.50000000000001 1 81.750000000000014 165.50000000000003 630.50000000000011 1.2500000000000002
decision_type=10 8 2 1 2 2 10 8 2 2 2 10 10 2 2 2 2 2 2 2 2 10 2 2 2 1 10 2 2 10
left_child=1 -1 6 5 -5 9 -2 -7 -4 11 -6 -3 13 14 -9 -15 -12 20 -19 21 -18 22 -20 -16 -13 -8 27 28 -27 -28
right_child=2 3 8 4 10 7 25 12 -10 -11 16 24 -14 15 23 -17 17 18 19 -21 -22 -23 -24 -25 -26 26 29 -29 -30 -31
leaf_value=0.025200493420571773 0.013916278613390594 0.025049825531370026 0.01676734131785278 0.0019771777686137279 -0.024157375478177014 0.010758178755845066 -0.0017972823685770566 -0.015160422314411243 0.0010330762651218257 0.021328442449353491 0.0086063369400777162 0.0070359025490685677 0.0069063452601964585 0.013491647179888286 0.012304277353395751 -0.0063592582687599722 -0.019569251411114652 0.02070635765676122 -0.0011181912944086508 0.0032051999612888334 -0.00132886982843627 -0.0025961441404952134 -0.036043424759465585 -0.0086274295029612272 -0.02181826141779428 -0.0034278906367702835 -0.007142069575047926 -0.024795431508232647 0.014878269395240949 -0.017398011714831383
leaf_weight=20.001444302499294 22.204383447766304 8.2460031285882014 36.068898901343346 675.76431430876255 16.778916381299496 86.614726655185223 365.20071294158697 56.540435269474983 91.058092191815376 63.798284463584423 24.993263736367226 12.431422039866449 81.222916357219219 36.400878146290779 20.504746109247208 24.659646987915039 49.591288886964321 9.892795726656912 10.646789357066156 56.498887680470943 28.587986066937447 33.009401917457581 15.585834741592405 23.816472932696342 8.7637457996606809 227.06932745873928 146.86410739272833 10.993606001138685 21.319885298609734 87.983387373387814
leaf_count=159 97 76 153 3246 77 455 1801 249 422 444 114 110 407 153 96 105 240 44 54 316 155 175 85 101 68 1076 797 69 114 594
internal_value=-5.04613e-05 0.0021006 -0.00295898 0.00173844 -0.000199856 0.00581833 -0.0041971 0.0031141 0.00559328 0.0158652 -0.00618212 0.00371487 0.000358163 -0.00294875 -0.00806819 0.00550145 -0.00476457 -0.00643823 -0.00228439 -0.00441003 -0.0130003 -0.0116053 -0.0224302 0.00111422 -0.00534016 -0.00468071 -0.0066332 -0.00286924 -0.00180327 -0.0110418
internal_weight=2373.11 1364.35 1008.76 1344.35 921.349 422.999 881.635 329.76 127.127 93.2395 245.585 29.4412 243.145 161.922 100.862 61.0605 228.806 203.813 125.634 115.741 78.1793 59.242 26.2326 44.3212 21.1952 859.431 494.23 259.383 248.389 234.847
internal_count=12052 6929 5123 6770 4506 2264 4548 1566 575 698 1260 254 1111 704 446 258 1183 1069 674 630 395 314 139 197 178 4451 2650 1259 1190 1391
cat_boundaries=0 1 2
cat_threshold=40 32
is_linear=0
shrinkage=0.03


Tree=93
num_leaves=31
num_cat=2
split_feature=20 26 26 21 15 12 3 21 8 23 0 2 8 3 10 2 23 8 23 23 6 23 15 20 12 22 22 22 24 2
split_gain=16.3023 10.6383 9.6544 10.4197 8.99596 8.56852 7.37754 6.65836 6.57736 7.15537 7.34561 6.19484 6.23498 11.3628 5.69718 6.47369 6.56147 6.64554 7.35374 6.0546 7.70115 5.6065 5.56634 5.46447 5.63619 5.21015 5.08909 5.00784 7.00102 4.99937
threshold=77.833333333333357 0 1 -3.4999999999999996 28.500000000000004 6.5000000000000009 9.5000000000000018 19.500000000000004 236.50000000000003 -183.49999999999997 732.50000000000011 150.50000000000003 87.500000000000014 37.500000000000007 228.50000000000003 134.50000000000003 -40.499999999999993 23.500000000000004 -26.499999999999996 -120.49999999999999 1.5000000000000002 -190.49999999999997 32.500000000000007 47.750000000000007 6.5000000000000009 2.7500000000000004 5.2500000000000009 0.75000000000000011 1.0000000180025095e-35 23.500000000000004
decision_type=10 1 1 10 2 2 2 10 2 8 2 2 2 2 2 2 10 2 10 10 10 8 2 10 2 10 8 10 2 2
left_child=1 6 3 4 11 -4 21 14 9 -3 -11 12 -2 -14 15 16 19 -18 -19 23 22 -1 -21 24 -8 27 -17 28 29 -23
right_child=2 8 5 -5 -6 -7 7 -9 -10 10 -12 -13 13 -15 -16 26 17 18 -20 20 -22 25 -24 -25 -26 -27 -28 -29 -30 -31
leaf_value=-0.012591925001092085 0.0086655019243492212 -0.021566189571761707 -0.00089033128828009084 -0.01078409884562038 -0.0051850211759401962 -0.010006569456006548 0.029763537356297751 0.024633688587275309 -0.012721564658914214 0.00010537312368727113 0.019809395821905492 0.018585458376502925 -0.026306264978801574 0.0032183826811757279 0.015576278924436467 -0.011281680660376157 -0.010282400815833048 -0.0067632996043516091 0.0097103423790101118 -0.0035824128314729049 0.013763680853149683 0.020096596139108743 0.016452645862430657 -0.0060955597780491654 -0.0035788824389099551 0.027879567661547179 0.0073619839775674913 -0.0048598495960342223 -0.0015012407299212292 0.0054159167746508493
leaf_weight=8.4903770163655263 98.92946445941925 12.434151403605936 143.41403172910213 63.078337468206882 90.873368449509144 262.98955553025007 7.9923976585269001 11.325744435191153 36.144437305629253 861.66438863426447 16.371400743722916 29.684272021055222 13.876009419560431 54.736477553844452 26.498238995671272 53.530365593731403 53.894713528454304 41.455091200768948 56.458085760474205 53.815339766442776 110.44801733642817 65.635635867714882 15.163817092776297 54.089142054319382 8.8761958926916105 14.817101880908011 16.606545008718967 18.492787785828114 28.163986995816231 31.771808981895447
leaf_count=55 417 64 710 365 508 1519 54 54 231 4112 91 142 60 251 117 240 270 190 262 246 551 485 68 232 53 68 76 84 227 212
internal_value=4.7299e-05 0.00176002 -0.00357685 0.000157041 0.00258701 -0.00663676 0.00457837 0.00284206 -0.000349014 0.000162984 0.000494882 0.00617612 0.00388027 -0.00304473 0.00229899 0.00152278 0.002992 -0.00192168 0.00273777 0.00596695 0.00888725 0.0100943 0.000994101 -0.00143834 0.0130005 0.0113778 -0.00682592 0.0095001 0.0116366 0.0154118
internal_weight=2361.72 1604.14 757.582 351.178 288.1 406.404 677.525 510.154 926.614 890.47 878.036 197.226 167.542 68.6125 498.828 472.33 402.193 151.808 97.9132 250.385 179.427 167.372 68.9792 70.9577 16.8686 158.881 70.1369 144.064 125.571 97.4074
internal_count=12014 8042 3972 1743 1378 2229 3544 2413 4498 4267 4203 870 728 311 2359 2242 1926 722 452 1204 865 1131 314 339 107 1076 316 1008 924 697
cat_boundaries=0 1 2
cat_threshold=44 32
is_linear=0
shrinkage=0.03


Tree=94
num_leaves=31
num_cat=2
split_feature=20 2 23 26 8 20 26 22 15 15 9 4 4 25 23 25 2 22 23 5 8 4 5 5 6 14 8 4 5 1
split_gain=17.953 10.2891 11.2176 7.52422 8.89253 6.70828 8.74562 6.29783 7.99626 8.76664 8.0775 6.24399 6.55802 6.05724 6.11732 5.95767 7.25684 5.77063 5.49806 8.89883 6.39324 6.24322 6.08368 5.20495 7.05415 6.4439 5.06771 4.85647 4.67478 5.25105
threshold=55.750000000000007 1.0000000180025095e-35 -8.4999999999999982 0 17.500000000000004 82.583333333333357 1 95.750000000000014 12.500000000000002 7.5000000000000009 101.50000000000001 44.500000000000007 19.500000000000004 65.000000000000014 -16.499999999999996 102.50000000000001 5.5000000000000009 0.75000000000000011 -139.49999999999997 -0.59101971785273999 250.50000000000003 201.50000000000003 -1.6839703538143189 1.0007400001050621 2.5000000000000004 5.5000000000000009 5.5000000000000009 26.500000000000004 1.6048716706524642 4.5000000000000009
decision_type=8 2 10 1 2 10 1 8 2 2 2 2 2 2 8 2 2 10 10 2 2 2 2 2 10 2 2 2 2 2
left_child=-1 2 3 17 11 6 7 -3 9 -9 -10 12 13 14 -5 16 -7 -2 19 22 28 -22 -8 24 -17 -26 -4 -14 -20 -30
right_child=1 5 26 4 -6 15 18 8 10 -11 -12 -13 27 -15 -16 23 -18 -19 20 -21 21 -23 -24 -25 25 -27 -28 -29 29 -31
leaf_value=0.0088048248124420938 0.013769970841407828 0.00020007986498401728 -0.026683287397806094 -0.0010691885602891211 -0.018288740941742675 0.0094761701161717518 -0.013867542225239235 0.0075603862246365573 -0.015773619571055872 0.030240667303308988 0.008034083496160636 0.015326985065815188 -0.024330811011413569 0.015350652759697495 0.021698366827775376 0.0092761107251366388 -0.0084166649537896904 -0.00015669277408875362 -0.00084250784661275108 -0.025494865825340572 -0.028649095509180881 -0.00060265601910920578 0.014967312054898606 -0.014366101479494364 0.0058606332656380841 -0.018545363303589232 -0.0003512848906986406 -0.0018597257451875922 0.0070369992980334247 -0.015420662177735337
leaf_weight=190.25593604147434 110.53938081860542 508.46088647842407 14.373952381312849 131.07810541242361 18.353355303406715 21.099430546164513 12.692048922181131 67.126210056245327 21.157941661775112 19.332779929041862 29.493194781243801 30.394183419644833 13.140710636973379 30.329786397516727 10.551270134747027 64.031602017581463 294.4007079154253 35.207657173275948 506.56973621249199 23.910012051463127 15.087538465857508 12.926943585276602 11.68728446215391 16.622760489583015 17.94047038257122 19.374936327338219 11.544158861041067 22.790727593004704 11.55060178041458 39.413275539875031
leaf_count=1024 658 2231 73 622 87 99 59 516 107 111 143 139 59 175 50 355 1728 153 2465 131 100 85 59 81 81 97 53 102 54 193
internal_value=-1.85182e-06 -0.000788119 0.00336563 0.00460977 0.00123036 -0.00182812 -0.00073376 0.00171702 0.00742459 0.0129196 -0.00202369 0.00285534 0.000967304 0.00341329 0.000767214 -0.00504905 -0.0071939 0.00976236 -0.00320524 -0.0128843 -0.00244106 -0.0161742 7.67518e-07 0.000699443 0.00328669 -0.00696476 -0.0154035 -0.0105141 -0.00172328 -0.0102933
internal_weight=2331.44 2141.18 428.303 402.385 256.638 1712.88 1279.41 645.571 137.11 86.459 50.6511 238.285 207.891 171.959 141.629 433.47 315.5 145.747 633.837 48.2893 585.548 28.0145 24.3793 117.97 101.347 37.3154 25.9181 35.9314 557.534 50.9639
internal_count=11890 10866 2171 2045 1234 8695 6254 3108 877 627 250 1147 1008 847 672 2441 1827 811 3146 249 2897 185 118 614 533 178 126 161 2712 247
cat_boundaries=0 1 2
cat_threshold=60 44
is_linear=0
shrinkage=0.03


Tree=95
num_leaves=31
num_cat=1
split_feature=20 20 26 23 23 25 21 6 20 22 22 15 11 11 6 16 0 15 8 0 10 5 13 13 12 12 12 23 1 8
split_gain=17.202 10.2822 8.40721 10.1322 9.17477 7.78208 7.333 6.83772 7.4909 6.1215 10.5387 7.81285 7.25089 12.0148 10.3003 7.2258 7.34364 6.96986 6.9101 7.06839 6.50432 7.50349 6.24563 5.48229 9.21603 6.26976 6.90924 5.87948 5.31503 6.67054
threshold=75.583333333333357 29.500000000000004 0 -6.4999999999999991 -24.499999999999996 132.50000000000003 14.500000000000002 36.500000000000007 55.250000000000007 4.7500000000000009 1.2500000000000002 35.500000000000007 47.500000000000007 119.50000000000001 2.5000000000000004 1.0000000180025095e-35 638.50000000000011 1.5000000000000002 61.500000000000007 298.50000000000006 32.500000000000007 -0.60386735820685333 1.5000000000000002 17.500000000000004 23.500000000000004 6.5000000000000009 3.5000000000000004 -50.499999999999993 26.500000000000004 93.500000000000014
decision_type=10 8 1 10 10 2 8 8 8 10 10 2 2 2 10 2 2 2 2 2 2 2 2 2 2 2 2 10 2 2
left_child=1 -1 3 7 -4 6 -2 8 23 10 12 -12 15 17 -15 -10 -17 20 -19 -20 22 -22 -14 25 -25 26 27 -3 29 -7
right_child=5 2 4 -5 -6 28 -8 -9 9 -11 11 -13 13 14 -16 16 -18 18 19 -21 21 -23 -24 24 -26 -27 -28 -29 -30 -31
leaf_value=0.023973374755944243 -0.010532528134220983 0.015931565265884944 -0.0043852768100855729 -0.018823204502231811 0.0058878154031357308 0.0094548734728044145 -0.0028077194450333272 0.016291504703731016 0.021244058047668758 0.0098017703876984563 -0.0034439985019244024 -0.024354366115611412 0.0070154692584964455 0.0016457191825410193 0.035315859053569612 0.003011930750113594 0.019947527149923185 0.011252665289222656 -0.034488697532106788 -0.010393461311672387 0.019653510489708172 -0.010665840365753122 -0.019594870945071913 0.021738196274118927 -0.0034203115174922635 0.021314728392494098 -0.023481347642749544 -0.012476325620294359 0.023199689834103081 -0.014919412863814785
leaf_weight=17.953816190361977 132.13240746408701 15.244984395802019 319.09417044371367 17.540020726621151 102.61109525710344 32.328556522727013 662.38403687626123 35.704362094402313 21.675742462277412 84.145591020584106 107.14665299654007 18.028217032551765 12.98703806102276 24.565887749195099 11.336197324097155 452.69296869635582 23.335003577172756 9.3401963189244253 13.093369431793688 57.419020727276802 22.648122049868107 9.8983999341726285 17.897952854633331 51.951499536633492 17.085620641708374 10.658697314560412 10.312277629971502 10.065695539116861 13.137193486094473 13.517044425010679
leaf_count=145 752 79 1536 89 467 143 3405 316 107 374 488 81 56 136 51 2338 101 42 61 324 111 59 76 283 84 52 51 50 62 59
internal_value=7.39862e-05 0.0020142 0.00173113 0.00314454 -0.00183418 -0.0033216 -0.00410402 0.00356408 0.00309455 0.0021523 0.00133858 -0.00662475 0.00281881 -0.00234643 0.0129461 0.00467941 0.00388219 -0.00624138 -0.0120823 -0.0152874 0.00118499 0.0103894 -0.00853622 0.0102549 0.0155519 0.00219162 -0.00395595 0.00458935 0.00711054 0.00210332
internal_weight=2347.93 1494.43 1476.48 1054.77 421.705 853.499 794.516 1037.23 1001.53 886.21 802.065 125.175 676.89 179.186 35.9021 497.704 476.028 143.284 79.8526 70.5124 63.4315 32.5465 30.885 115.319 69.0371 46.2817 35.623 25.3107 58.9828 45.8456
internal_count=11978 7557 7412 5409 2003 4421 4157 5320 5004 4405 4031 569 3462 916 187 2546 2439 729 427 385 302 170 132 599 367 232 180 129 264 202
cat_boundaries=0 1
cat_threshold=58
is_linear=0
shrinkage=0.03


Tree=96
num_leaves=31
num_cat=0
split_feature=20 22 20 6 8 11 23 11 9 20 4 21 13 2 13 8 11 14 8 20 23 23 2 23 9 23 23 5 5 23
split_gain=13.3581 8.92007 8.82421 10.4536 8.29828 8.16564 7.27567 6.451 6.33129 5.45234 6.85415 8.24673 6.74072 5.33987 5.25303 6.99601 5.33255 5.26479 10.8382 6.41448 5.92915 5.4611 6.78809 5.67726 5.14025 4.91034 7.5584 5.02812 4.72905 5.73644
threshold=61.750000000000007 1.0000000180025095e-35 39.750000000000007 22.500000000000004 223.50000000000003 1.5000000000000002 -21.499999999999996 280.00000000000006 402.50000000000006 82.125000000000014 325.50000000000006 -17.499999999999996 36.500000000000007 178.50000000000003 7.5000000000000009 158.50000000000003 125.50000000000001 2.5000000000000004 3.5000000000000004 59.250000000000007 -16.499999999999996 -36.499999999999993 60.500000000000007 -77.499999999999986 285.50000000000006 -140.49999999999997 -81.499999999999986 -0.91629073187415477 -0.16559078018319548 -46.499999999999993
decision_type=10 10 8 8 2 2 10 2 2 10 2 10 2 2 2 2 2 2 2 8 10 10 2 8 2 10 10 2 2 10
left_child=2 8 -1 14 5 -3 9 -6 24 -7 11 12 -11 -14 25 17 28 18 19 -16 21 22 -20 -24 -2 27 -27 -4 29 -17
right_child=1 4 3 -5 7 6 -8 -9 -10 10 -12 -13 13 -15 15 16 -18 -19 20 -21 -22 -23 23 -25 -26 26 -28 -29 -30 -31
leaf_value=0.015932675087783867 0.00089958450085958247 -0.0052677077867108917 -4.1367470517583112e-05 0.010421022125593546 -0.014180945145240329 0.0059910953322853035 -0.015950938500053573 0.0088623697647337799 0.019953263908328224 -0.013425376226523351 0.020650513702107395 -0.015298455109172141 0.00219209243447427 0.025693643711191292 -0.0012350164390327631 -0.015955300087277531 0.010057097737069091 0.0070063881907290711 0.0096823707124196363 -0.030011519399767206 0.021682029876902889 -0.0084514435190614374 -0.025839105555935892 0.0058235602878015909 -0.018428629794021593 0.0078915411888665268 -0.0038703567867640429 -0.027502663881007392 -0.024916247079005496 0.010582041993741829
leaf_weight=41.424968421459198 505.04853717982769 478.30344852805138 10.788398340344431 112.12096781283617 96.91916435956955 157.14145457744598 20.178416639566422 11.630515374243258 14.392634019255636 19.550037495791912 9.7096254080533964 39.956846207380295 47.36092321574688 9.7246794849634153 12.910843938589098 15.655369743704794 11.765118502080439 231.15048207342625 68.811498157680035 14.386095382273195 13.39618246257305 35.533327788114548 9.2423956543207151 9.5492419973015803 11.694638818502424 62.193011559545994 220.85414603352547 12.530539900064467 15.339012429118155 12.179362192749979
leaf_count=301 2239 2420 57 729 568 724 99 74 75 108 60 224 239 53 61 94 71 1185 372 73 65 185 50 53 59 331 1094 75 86 71
internal_value=-0.000266794 -0.00208291 0.00257006 0.00191504 -0.00391665 -0.00282907 0.00101727 -0.0116536 0.000993021 0.00227707 -0.00235457 -0.00442971 0.00136118 0.00656906 0.000641917 0.00270269 -0.00724011 0.00410045 -1.7233e-05 -0.0169255 0.00346172 0.00132081 0.00533526 -0.010268 0.00042741 -0.00238341 -0.00126727 -0.0153219 -0.0120747 -0.00437933
internal_weight=2331.44 1421.61 909.831 868.406 890.475 781.925 303.622 108.55 531.136 283.444 126.302 116.592 76.6356 57.0856 756.285 449.919 54.9389 394.98 163.83 27.2969 136.533 123.136 87.6031 18.7916 516.743 306.366 283.047 23.3189 43.1737 27.8347
internal_count=11895 6942 4953 4652 4569 3927 1507 642 2373 1408 684 624 400 292 3923 2366 322 2044 859 134 725 660 475 103 2298 1557 1425 132 251 165
is_linear=0
shrinkage=0.03


Tree=97
num_leaves=31
num_cat=1
split_feature=22 26 23 6 6 0 21 2 23 9 15 15 12 11 2 2 9 23 1 10 23 23 22 23 9 1 10 23 8 10
split_gain=8.64815 8.65475 12.1495 10.247 6.46652 11.8327 6.37284 5.85416 8.55083 6.3796 5.7657 10.4638 8.23221 9.34793 8.62651 7.22584 7.19653 5.93307 5.22276 6.64207 5.14754 6.13345 7.57284 9.62536 4.84933 4.66279 6.0868 4.46947 6.57307 6.18091
threshold=1.2500000000000002 0 -6.4999999999999991 2.5000000000000004 36.500000000000007 3.5000000000000004 -21.499999999999996 2.5000000000000004 -43.499999999999993 5.5000000000000009 1.5000000000000002 15.500000000000002 14.500000000000002 1.0000000180025095e-35 148.50000000000003 57.500000000000007 127.50000000000001 -16.499999999999996 12.500000000000002 67.500000000000014 -164.49999999999997 -98.499999999999986 -0.74999999999999989 -134.49999999999997 112.50000000000001 28.500000000000004 195.50000000000003 -62.499999999999993 156.50000000000003 309.50000000000006
decision_type=10 1 10 8 8 2 8 2 10 2 2 2 2 2 2 2 2 8 2 2 10 10 10 10 2 2 2 10 2 2
left_child=1 2 4 7 5 -1 -7 8 -3 -10 -2 12 14 -14 15 24 -17 18 -13 -20 -8 22 23 -22 -12 -21 -27 29 -29 -28
right_child=10 3 -4 -5 -6 6 20 -9 9 -11 11 17 13 -15 -16 16 -18 -19 19 25 21 -23 -24 -25 -26 26 27 28 -30 -31
leaf_value=-0.025384813054115402 -0.0069893464214826556 -0.0089574783497707988 -0.020996298449888116 0.0017175681827559847 0.01747273679016012 -0.017673611950813913 -0.0072036658332125698 -0.0082784317265214707 0.031453196348622432 0.0010224677574169755 0.0028149339454984841 0.013563419004612918 -0.025501839921692988 0.0030865709062255736 -0.014689155594020399 0.030982952274677716 0.00089736532963064245 0.018091728511406151 -0.021042280454708667 -0.00053771570220757803 -0.00042684367369422404 0.0031617792791890724 0.0058499499144454101 0.030204626341498883 0.022710672483630436 -0.018783414921025917 0.00038106151748119567 0.026349140914153104 -0.0049915471285042904 -0.027858069851427938
leaf_weight=11.818419851362703 183.85001236945391 24.626303508877754 17.286955423653126 422.74200876057148 28.78150998800993 11.512298516929148 35.411844030022621 196.43750919401646 11.032061740756037 12.936031043529509 62.542570881545544 11.360772415995596 13.575996786355971 34.440340362489223 11.431755572557448 25.445788614451885 9.8935200572013837 9.0304207652807218 24.292799338698387 110.7949752882123 13.536429971456526 794.474783629179 139.05048696696758 27.853533133864403 12.48939114063978 37.463566355407238 17.173344872891906 8.3003567084670085 16.39245181530714 10.717169426381586
leaf_count=72 941 121 88 2006 272 54 181 1081 50 61 284 52 74 176 64 117 50 48 128 590 94 3921 641 187 65 226 109 50 106 73
internal_value=0.000525739 0.00159209 0.00323389 -0.00109538 0.00367792 0.0032773 0.00363329 -0.00598022 0.00328966 0.0157279 -0.00258165 -0.000618503 0.00508975 -0.0053518 0.00921601 0.0118017 0.0228167 -0.00457128 -0.00550918 -0.00652735 0.00389331 0.00430335 0.00928455 0.020413 0.00638181 -0.00467615 -0.0097063 -0.00300936 0.00615897 -0.0110587
internal_weight=2346.7 1747.5 1079.73 667.774 1062.44 1033.66 1021.84 245.032 48.5944 23.9681 599.195 415.345 169.819 48.0163 121.803 110.371 35.3393 245.526 236.495 225.135 1010.33 974.915 180.44 41.39 75.032 200.842 90.0469 52.5833 24.6928 27.8905
internal_count=11982 8829 5510 3319 5422 5150 5078 1313 232 111 3153 2212 830 250 580 516 167 1382 1334 1282 5024 4843 922 281 349 1154 564 338 156 182
cat_boundaries=0 1
cat_threshold=42
is_linear=0
shrinkage=0.03


Tree=98
num_leaves=31
num_cat=2
split_feature=20 20 26 26 2 9 22 5 15 9 0 4 5 15 5 8 4 22 0 20 10 10 10 8 5 9 20 8 9 20
split_gain=14.7877 11.0382 9.17951 8.60699 11.3827 7.6493 7.31499 7.26621 6.7182 6.56773 8.39296 6.38461 6.21116 5.9946 5.91054 5.90777 5.39472 6.40974 5.32722 4.97799 8.75748 8.87929 6.41624 9.9261 7.47217 6.12215 5.83101 7.05637 6.81873 5.84034
threshold=69.250000000000014 29.500000000000004 0 1 52.500000000000007 12.500000000000002 1.0000000180025095e-35 0.69314718055994562 52.500000000000007 10.500000000000002 317.50000000000006 1.0000000180025095e-35 1.1839137958167056 3.5000000000000004 -0.11477451810041915 1.0000000180025095e-35 317.50000000000006 109.75000000000001 742.50000000000011 78.583333333333357 45.500000000000007 130.50000000000003 45.500000000000007 89.500000000000014 0.66079911157425786 22.500000000000004 88.166666666666671 147.50000000000003 107.50000000000001 92.416666666666671
decision_type=10 8 1 1 2 2 10 2 2 2 2 2 2 2 2 2 2 10 2 10 2 2 2 2 2 2 10 2 2 10
left_child=1 -1 5 8 -5 15 9 -7 16 -6 13 -4 -9 -11 -10 -3 17 19 -12 20 25 -22 24 -24 -21 -2 27 -25 -29 -28
right_child=3 2 11 4 6 7 -8 12 14 10 18 -13 -14 -15 -16 -17 -18 -19 -20 22 21 -23 23 26 -26 -27 29 28 -30 -31
leaf_value=0.025293003366987764 -0.0022219428390865834 -0.0021960779951571462 0.0047252362748731788 -0.0012270765680500134 -0.023662284112230068 0.0070844752480632373 -0.013040900593315339 -0.016475980763221553 -0.016091963063121054 6.0973205572813025e-05 -0.010795490389321032 -0.0011356966917542496 0.0019432773559962336 0.028198935622305864 0.0029224523917494925 0.016997232819438466 0.016633126022874006 -0.0084163245162607401 0.008133371788246118 -0.007972738373124913 -0.013326155170585306 0.011751186145450043 0.019186213383973364 -0.011758081333337392 0.015277060861238232 0.021754859709092682 0.021905582401365357 0.020863941008083111 -0.0035227827896761568 -0.00098823438555851605
leaf_weight=18.100684970617294 19.171295627951622 17.29507715255022 232.86478694528341 435.93760966509581 11.056207209825514 166.2293915823102 162.82959490269423 23.784708224236965 34.713532440364361 13.837440371513368 49.139687523245811 586.6336772814393 48.624332465231419 12.434039533138273 24.567338831722736 80.191088803112507 21.741956487298012 49.277834810316563 17.424472205340862 50.365916281938553 58.917391166090965 15.292886495590208 53.457862675189972 32.42402058839798 15.434975057840346 17.836965635418892 23.543781243264675 16.739301681518555 24.099022150039673 16.81713455915451
leaf_count=154 81 172 1209 2063 51 835 1016 114 211 64 248 2859 260 54 150 539 117 258 95 212 249 69 228 150 68 74 120 77 127 98
internal_value=0.000285771 0.00266741 0.00229146 -0.00208936 -0.00416112 0.00637425 -0.00908953 0.00364221 0.00104702 -0.00283126 -0.000124677 0.000527024 -0.00424905 0.0139241 -0.0082942 0.0136044 0.00242287 0.00159728 -0.00579345 0.00305154 -0.00215679 -0.00807081 0.0055375 0.00864802 -0.00237196 0.00960255 0.00356585 -0.00149886 0.0067329 0.0125732
internal_weight=2350.78 1173.72 1155.62 1177.06 702.659 336.125 266.721 238.638 474.401 103.892 92.8356 819.498 72.409 26.2715 59.2809 97.4862 415.12 393.378 66.5642 344.101 111.219 74.2103 232.882 167.081 65.8009 37.0083 113.623 73.2623 40.8383 40.3609
internal_count=12022 6142 5988 5880 3591 1920 1528 1209 2289 512 461 4068 374 118 361 711 1928 1811 343 1553 473 318 1080 800 280 155 572 354 204 218
cat_boundaries=0 1 2
cat_threshold=40 32
is_linear=0
shrinkage=0.03


Tree=99
num_leaves=31
num_cat=1
split_feature=20 26 6 3 10 2 24 8 9 23 5 10 11 23 23 5 3 20 22 9 21 3 8 20 2 9 23 12 22 20
split_gain=14.9114 16.9836 9.82946 8.42508 8.21979 7.16164 6.86972 6.6703 6.85316 6.41063 6.16549 7.04878 5.75188 6.84496 8.65047 5.25827 5.09384 4.69231 4.3529 4.48452 4.1148 4.8109 4.09827 4.11115 4.13277 4.05985 3.99 7.09202 4.2199 5.6552
threshold=72.750000000000014 0 1.5000000000000002 14.500000000000002 9.5000000000000018 1.0000000180025095e-35 1.5000000000000002 15.500000000000002 10.500000000000002 -183.49999999999997 -0.36613388550587528 140.50000000000003 102.50000000000001 -140.49999999999997 -116.49999999999999 -1.4742786727706911 41.500000000000007 62.250000000000007 1.0000000180025095e-35 410.50000000000006 -1.4999999999999998 141.50000000000003 252.50000000000003 39.750000000000007 158.50000000000003 165.50000000000003 -96.499999999999986 1.0000000180025095e-35 1.0000000180025095e-35 55.750000000000007
decision_type=10 1 8 2 2 2 2 2 2 8 2 2 2 8 10 2 2 8 10 2 8 2 2 8 2 2 10 2 8 10
left_child=1 2 7 12 -5 -6 18 8 -1 -4 11 17 13 -3 15 -15 -12 -9 19 -2 -18 -22 23 -11 25 -25 27 -16 29 -28
right_child=6 3 9 4 5 -7 -8 10 -10 22 16 -13 -14 14 26 -17 20 -19 -20 -21 21 -23 -24 24 -26 -27 28 -29 -30 -31
leaf_value=-0.025978857911429652 -0.0013470479311233688 -0.014216018953924619 -0.008662510666706558 -0.029128582497766613 0.0052240388859368476 -0.006302960983642014 0.012123168748454257 0.014335371925199217 0.00068621907109929741 0.021713021633985075 -0.011853167968683246 -0.024771732630588145 0.021232503594272839 -0.00053945283293178208 0.01038883682079824 0.027733299837743881 0.025698168793481749 -0.0077562801498501166 -0.0049265246150632025 0.017290504570814113 0.013127696742493896 -0.001969123933201217 0.028875838902345005 0.0083488696017985815 -0.0053169524174446429 0.026603832769286767 0.023529452387390081 -0.017831167509758872 0.00017666973200828961 0.0033548955341777737
leaf_weight=15.011164374649523 316.47754539549351 24.698591023683548 17.101149879395962 11.152166053652762 60.463776156306267 231.75170250982046 25.129203766584396 13.533999294042586 18.821984142065048 21.340376071631908 10.34597200155258 11.94899098575115 11.805412933230398 8.8306417688727397 11.021133735775946 16.735102295875549 11.468247547745703 20.403205797076225 634.52104345709085 11.062103584408758 44.978020347654819 31.979414023458958 9.0461093410849553 277.77034851163626 18.40264530479908 10.682893246412275 15.702119618654249 23.941233940422535 345.10063496232033 51.542028680443764
leaf_count=76 1434 128 95 52 273 1224 110 63 86 174 53 51 50 39 59 99 50 88 3453 59 206 142 41 1666 88 47 78 113 1640 214
internal_value=-0.000270915 0.00178303 0.00587904 -0.000966607 -0.00492796 -0.00390817 -0.00306949 0.000243984 -0.0115508 0.00887431 0.00306295 -0.00593838 0.00137873 0.00086604 0.00168213 0.0183149 0.00726229 0.00121192 -0.0034785 -0.000666883 0.00960637 0.00690948 0.00978657 0.00917429 0.00823458 0.00911452 0.000692749 -0.0088939 0.00152514 0.00834159
internal_weight=2332.77 1345.58 532.835 812.745 303.368 292.215 987.19 178.491 33.8331 354.344 144.658 45.8862 509.377 497.571 472.873 25.5657 98.7717 33.9372 962.061 327.54 88.4257 76.9574 337.242 328.196 306.856 288.453 447.307 34.9624 412.345 67.2441
internal_count=11951 6895 2926 3969 1549 1497 5056 815 162 2111 653 202 2420 2370 2242 138 451 151 4946 1493 398 348 2016 1975 1801 1713 2104 172 1932 292
cat_boundaries=0 1
cat_threshold=44
is_linear=0
shrinkage=0.03


Tree=100
num_leaves=31
num_cat=0
split_feature=20 22 6 4 21 6 2 5 4 5 11 2 2 8 10 15 23 15 8 14 20 20 4 20 6 5 5 4 10 23
split_gain=12.8134 9.593 7.88257 7.39987 7.81381 6.82699 6.70692 6.38926 9.91827 7.53626 7.5246 6.07169 6.03043 5.88551 5.74987 10.5354 7.95491 7.56689 5.40046 5.17595 5.23697 5.04397 5.11439 5.01056 4.9743 4.67 6.12254 4.62724 4.53827 4.50631
threshold=63.250000000000007 1.0000000180025095e-35 2.5000000000000004 261.50000000000006 -17.499999999999996 3.5000000000000004 11.500000000000002 -0.39092969209332068 16.500000000000004 -0.31588814233130108 1.5000000000000002 355.50000000000006 194.50000000000003 232.50000000000003 110.50000000000001 24.500000000000004 -36.499999999999993 51.500000000000007 104.50000000000001 7.5000000000000009 85.416666666666671 95.833333333333357 76.500000000000014 82.583333333333357 1.5000000000000002 -3.0425343635336026 -0.89452759934920978 317.50000000000006 15.500000000000002 -144.49999999999997
decision_type=10 10 8 2 10 10 2 2 2 2 2 2 2 2 2 2 10 2 2 2 10 10 2 10 10 2 2 2 2 10
left_child=2 11 3 4 13 -4 -7 8 -3 -9 12 21 19 -1 15 16 18 -16 25 24 -21 -2 -23 -19 -10 -12 -27 -5 -26 -8
right_child=1 7 5 27 -6 6 29 9 10 -11 14 -13 -14 -15 17 -17 -18 23 -20 20 -22 22 -24 -25 28 26 -28 -29 -30 -31
leaf_value=-0.0018527380414737869 0.0017033301593406577 0.01331188859435487 0.010013564251454927 0.030603036744997456 0.018553359344843125 -0.00019879101293997703 -0.010518729921825346 -0.02288397592877071 0.00381206451476935 -0.0051719175897017629 0.018141870065759673 0.022093603722471922 -0.024037793693139548 -0.018274802835567629 0.015479450286193618 -0.021132656420209704 -0.010707378410450509 0.0088207061800149623 0.023324604263322758 0.0053661861526577885 -0.014126257237312541 0.002531952637594489 -0.025857443577895104 -0.01908398587960362 0.0020042490919188411 -0.012075959059076616 0.014647738995686789 0.0029838192701248266 -0.016037035302343353 0.0084203749615350699
leaf_weight=295.47969634830952 467.05228864401579 38.929245874285698 165.82152056694031 9.3635571822524089 14.982380889356135 262.59705643355846 11.247443988919256 21.870694234967232 20.355773389339447 437.57206663489342 12.063407123088835 11.647571742534636 15.371776618063448 20.071816213428974 46.507109090685844 20.447034552693367 27.768170863389969 10.32054388523102 15.156685039401053 57.166832596063614 14.773677580058573 10.342204168438913 11.320454031229017 11.031965762376784 15.250737711787222 21.632251068949696 10.735861957073213 12.049030981957911 64.790802642703056 175.2862795367837
leaf_count=1493 2065 174 990 51 76 1423 67 119 103 2343 51 58 102 127 245 104 130 50 70 297 96 51 62 76 65 100 53 61 302 978
internal_value=0.000141658 -0.00173267 0.00278116 -0.000798318 -0.00192395 0.00482772 0.00289509 -0.00364956 -0.000885214 -0.00606293 -0.00243855 0.00156936 -0.00659924 -0.00295175 0.00201965 -0.00228691 0.00231346 0.00879501 0.00845776 -0.00491409 0.00122444 0.00103609 -0.0127901 -0.00580528 -0.0092814 0.00298454 -0.0030389 0.015888 -0.0126172 0.0072284
internal_weight=2329.01 1362.11 966.899 351.946 330.534 614.952 449.131 861.745 402.302 459.443 363.373 500.363 187.71 315.552 175.663 107.803 87.3564 67.8596 59.5882 172.338 71.9405 488.715 21.6627 21.3525 100.397 44.4315 32.3681 21.4126 80.0415 186.534
internal_count=11982 6716 5266 1808 1696 3458 2468 4480 2018 2462 1844 2236 965 1620 879 508 404 371 274 863 393 2178 113 126 470 204 153 112 367 1045
is_linear=0
shrinkage=0.03


Tree=101
num_leaves=31
num_cat=2
split_feature=20 26 6 6 23 26 23 14 10 10 3 23 8 1 14 14 10 4 23 8 21 10 23 19 20 3 4 21 0 4
split_gain=14.8921 8.12099 8.25272 7.23637 7.65591 6.97319 10.2247 6.78691 6.39474 6.61765 16.3765 5.66221 5.40974 5.39111 5.07442 6.19242 5.55409 6.10449 5.02393 5.56483 4.9973 4.80151 4.54057 4.72176 8.28244 5.73448 6.017 4.96181 4.49525 4.44067
threshold=69.250000000000014 0 13.500000000000002 1.5000000000000002 -178.49999999999997 1 -7.4999999999999991 4.5000000000000009 277.50000000000006 218.50000000000003 218.50000000000003 -48.499999999999993 257.50000000000006 31.500000000000004 8.5000000000000018 17.500000000000004 50.500000000000007 31.500000000000004 -127.49999999999999 11.500000000000002 -18.499999999999996 9.5000000000000018 -12.499999999999998 1.0000000180025095e-35 82.416666666666671 23.500000000000004 26.500000000000004 16.500000000000004 964.50000000000011 113.50000000000001
decision_type=10 1 8 8 8 1 10 2 2 2 2 10 2 2 2 2 2 2 10 2 8 2 8 2 10 2 2 8 2 2
left_child=1 3 12 7 -5 13 8 18 9 20 -11 14 21 29 16 -16 17 -6 -1 -20 -7 -3 23 -22 25 -25 -27 -26 -14 -2
right_child=5 2 -4 4 11 6 -8 -9 -10 10 -12 -13 28 -15 15 -17 -18 -19 19 -21 22 -23 -24 24 27 26 -28 -29 -30 -31
leaf_value=0.0094236929535911722 -0.012189887295273627 -0.0073892961599006648 0.0063765027319210715 -0.010427847439767858 0.01856174879472899 -0.020624588247720198 -0.029913306145567611 0.0050424529647393581 -0.013603226638474662 0.030956803406641115 -0.012388590069207906 0.0049532870119615435 -0.023371834855839546 -0.026746912384355358 -0.0090782345889580812 0.016847383004028705 0.028185799471702504 0.002166410144775793 -0.028123424537167103 -0.0049932079267277895 -0.001985025279426322 0.00051853180069828136 0.015175205853819698 0.024834494596837932 -0.01668030298666287 -0.0097181138295790257 0.012680681782211694 0.0045203019842088446 0.0034322960161238154 -0.00016995619419817531
leaf_weight=10.571986652910708 65.310419529676437 80.314768888056278 160.80089911818504 17.461517281830311 55.329107150435448 10.790241017937658 10.305020727217196 92.982114665210247 35.232239708304405 17.51402968168259 12.868633762001989 127.78499411046505 16.451865285634998 13.545509643852709 17.185682371258739 14.280156776309012 27.616147413849831 32.536291927099228 13.549387052655218 27.853148087859154 834.74538923799992 459.51711782068014 14.429448068141935 18.625036284327507 19.062047868967056 15.242780804634092 31.677029758691788 19.018350899219513 7.9721468091011038 47.510429956018925
leaf_count=54 338 379 854 101 468 49 48 424 237 99 83 798 105 94 94 73 144 186 64 130 4118 2180 67 80 109 66 141 85 57 248
internal_value=-8.06907e-06 0.00239407 0.000397484 0.00556113 0.00839895 -0.00240264 -0.00152115 0.000203505 -0.00122287 -0.000770808 0.012788 0.00962903 -0.00130764 -0.00877659 0.0136341 0.00284412 0.0165244 0.0125833 -0.00838512 -0.0130475 -0.00121114 -0.000669462 -0.000969896 -0.00123405 0.00477651 0.0111789 0.00535306 -0.00624743 -0.0148319 -0.00717409
internal_weight=2328.08 1162.21 725.057 437.151 292.194 1165.88 1039.51 144.957 1029.21 993.973 30.3827 274.732 564.256 126.366 146.947 31.4658 115.482 87.8654 51.9745 41.4025 963.59 539.832 952.8 938.371 103.625 65.5448 46.9198 38.0804 24.424 112.821
internal_count=11973 6111 3575 2536 1864 5862 5182 672 5134 4897 182 1763 2721 680 965 167 798 654 248 194 4715 2559 4666 4599 481 287 207 194 162 586
cat_boundaries=0 1 2
cat_threshold=44 21
is_linear=0
shrinkage=0.03


Tree=102
num_leaves=31
num_cat=0
split_feature=20 20 25 23 9 15 23 8 1 12 20 23 5 14 23 1 10 23 23 1 0 14 23 8 5 5 15 10 10 12
split_gain=11.6331 8.93357 6.84832 10.0471 8.00276 6.23572 6.54055 7.97875 7.65414 6.46345 6.38312 6.34571 5.29199 5.23882 5.11527 5.53455 7.76267 6.17919 5.61202 5.50954 7.78287 7.54417 8.39141 7.24028 6.86817 5.80497 5.15858 4.99594 4.87848 5.58766
threshold=75.166666666666671 39.750000000000007 82.500000000000014 -140.49999999999997 141.50000000000003 28.500000000000004 -36.499999999999993 8.5000000000000018 8.5000000000000018 24.500000000000004 95.416666666666671 -16.499999999999996 -2.8601558883037055 10.500000000000002 -6.4999999999999991 6.5000000000000009 35.500000000000007 -23.499999999999996 -22.499999999999996 14.500000000000002 366.50000000000006 20.500000000000004 -68.499999999999986 39.500000000000007 -1.0000000180025095e-35 -0.44972098429059665 1.0000000180025095e-35 73.500000000000014 141.50000000000003 14.500000000000002
decision_type=10 8 2 8 2 2 10 2 2 2 10 10 2 2 10 2 2 8 10 2 2 2 10 2 2 2 2 2 2 2
left_child=1 -1 3 4 12 6 9 13 -9 10 28 -7 -3 -8 15 -4 18 19 26 20 23 22 25 24 -18 27 -17 -21 29 -2
right_child=5 2 14 -5 -6 11 7 8 -10 -11 -12 -13 -14 -15 -16 16 17 -19 -20 21 -22 -23 -24 -25 -26 -27 -28 -29 -30 -31
leaf_value=0.015288832928917749 0.0030182586485776168 0.0065687188079181173 0.0106264098127748 0.00044843580380518123 0.010654712882633836 -0.0087829917247048174 -0.017379490171505339 0.013034254693955265 -0.0046839046834813488 0.011363684816922208 -0.018057922377807172 0.015969873394840919 -0.01887020049497189 0.0027279436341335582 -0.01489028654028709 -0.015863903953565055 0.025828980105107403 0.019206689232566455 0.014982969544128642 0.010464753793894385 0.03237808512763022 0.015947884271293178 -0.011530315007957561 -0.0076368993424506103 -0.00013605326078440502 0.013953864711223483 -0.00010094615297112206 -0.015357549379042977 -0.012065125029342637 -0.0074280910859006958
leaf_weight=39.23370037227869 270.58099406212568 8.0216203480958921 104.93981029093266 940.17390298843384 12.007851772010325 194.54076500236988 60.842674426734447 25.32825280725956 131.10272423177958 44.202715292572975 17.042540773749352 8.8920246511697751 52.651224613189697 14.065638922154902 11.392632365226744 36.378954365849495 19.022904746234417 25.449925102293491 10.046826265752314 10.328447908163072 11.180770888924597 21.429948687553406 53.408880189061165 21.719325631856918 16.894260592758656 29.298240795731544 37.387533858418465 15.899025127291678 25.805174835026264 54.52160456776619
leaf_count=297 1294 39 654 4662 61 1183 301 110 650 246 91 49 277 82 59 171 93 118 53 48 53 103 254 104 82 134 193 77 158 280
internal_value=-0.000261827 0.0013454 0.000954511 -0.000387134 -0.0110552 -0.00306278 -0.00160987 -0.00563522 -0.00175053 0.000657705 -0.000655743 -0.00762822 -0.0154549 -0.0136177 0.00414697 0.0047063 0.00266431 0.00556568 -0.00508572 0.0037355 0.0105364 9.2552e-05 -0.00314325 0.00581944 0.013943 0.00498533 -0.00798287 -0.00517779 0.000238342 0.00124894
internal_weight=2323.79 1476.87 1437.63 1012.85 72.6807 846.925 643.492 231.339 156.431 412.153 367.95 203.433 60.6728 74.9083 424.777 413.385 308.445 224.632 83.8133 199.182 68.8173 130.365 108.935 57.6365 35.9172 55.5257 73.7665 26.2275 350.908 325.103
internal_count=11976 7532 7235 5039 377 4444 3212 1143 760 2069 1823 1232 316 383 2196 2137 1483 1066 417 948 332 616 513 279 175 259 364 125 1732 1574
is_linear=0
shrinkage=0.03


Tree=103
num_leaves=31
num_cat=1
split_feature=20 1 12 26 22 8 4 12 12 9 3 2 10 20 4 15 15 3 11 13 4 3 2 20 9 9 21 2 15 4
split_gain=12.6678 9.27609 9.07557 6.24626 8.98548 9.21204 7.58686 9.03831 9.09899 6.19523 5.97489 7.97839 5.53732 8.63782 6.72376 6.18622 10.1552 9.08522 8.5186 8.05484 5.77153 7.13333 5.42939 5.14218 5.74539 4.76552 5.71743 7.83563 7.19101 5.39057
threshold=45.250000000000007 20.500000000000004 81.500000000000014 0 -2.4999999999999996 50.500000000000007 85.500000000000014 4.5000000000000009 28.500000000000004 74.500000000000014 4.5000000000000009 111.50000000000001 107.50000000000001 57.250000000000007 15.500000000000002 39.500000000000007 19.500000000000004 182.50000000000003 77.500000000000014 107.50000000000001 152.50000000000003 104.50000000000001 6.5000000000000009 75.166666666666671 31.500000000000004 98.500000000000014 15.500000000000002 66.500000000000014 3.5000000000000004 6.5000000000000009
decision_type=8 2 2 1 10 2 2 2 2 2 2 2 2 8 2 2 2 2 2 2 2 2 2 10 2 2 8 2 2 2
left_child=-1 3 12 10 5 -5 25 -8 23 -10 22 -12 13 -3 -14 16 19 18 20 -16 21 -18 -2 -9 -25 26 27 29 -28 -6
right_child=1 2 -4 4 6 -7 7 8 9 -11 11 -13 14 -15 15 -17 17 -19 -20 -21 -22 -23 -24 24 -26 -27 28 -29 -30 -31
leaf_value=0.011934559197679599 -0.0041309160539290219 0.017571707860035448 0.021524328921409396 0.0093593819753362388 0.014250775852191691 -0.00079955548431647069 0.024074589240564284 0.0068039508594795531 0.0034362725926380794 0.031101976535155069 -0.0059223595277915035 -0.032219614978647768 0.022575537694660999 -0.0099665543645838153 -0.0018176264457055984 -0.0077579384553434268 0.0019174828659618282 -0.0076444777583412173 0.032297317170090475 -0.024600883904532491 -0.010176558518749497 0.031945754141573024 0.0061400510058647918 -0.014927832793820624 0.00045242325618491766 -0.006999476761064799 -0.0014870280902467689 -0.030713024116471858 0.0054711412567092195 -0.0089300655405039515
leaf_weight=78.351943776011467 115.11260978132486 9.9843439012765867 11.610748939216135 228.77953297644854 10.803996831178663 123.29098388552666 19.070910587906837 81.417795360088348 13.687500208616258 15.279377572238444 92.54794679582119 10.825373232364653 8.7497565597295743 176.39380646497011 115.12215200066566 131.8414096981287 17.526374846696857 20.916075505316257 17.062679015100002 14.927442304790018 11.451190583407877 11.152354173362253 76.062322184443474 26.568312466144562 105.29085572808981 107.72172645479441 446.29175070673227 11.056872829794882 189.66206831485033 37.829437837004662
leaf_count=510 482 48 63 1621 48 628 88 357 65 73 453 59 46 950 680 771 89 121 91 83 59 54 335 120 503 537 1993 54 870 175
internal_value=0.000153231 -0.000260673 -0.00365877 0.00082648 0.00165064 0.00580965 0.000286654 0.00471689 0.00310023 0.0185802 -0.00308141 -0.00895855 -0.0042443 -0.00840542 -0.00200285 -0.00269972 0.000525789 0.00901126 0.0151292 -0.00460052 0.00722175 0.0142776 -3.37445e-05 0.000920864 -0.00273558 -0.00115846 -0.000245222 -0.00904323 0.000593455 -0.00359704
internal_weight=2336.39 2258.04 546.738 1711.3 1416.75 352.071 1064.68 261.315 242.244 28.9669 294.548 103.373 535.128 186.378 348.749 340 208.158 78.1087 57.1926 130.05 40.1299 28.6787 191.175 213.277 131.859 803.366 695.644 59.6903 635.954 48.6334
internal_count=12026 11516 3055 8461 7132 2249 4883 1206 1118 138 1329 512 2992 998 1994 1948 1177 414 293 763 202 143 817 980 623 3677 3140 277 2863 223
cat_boundaries=0 1
cat_threshold=65
is_linear=0
shrinkage=0.03


Tree=104
num_leaves=31
num_cat=2
split_feature=20 26 13 23 20 14 26 23 23 23 12 2 25 9 23 22 0 4 23 2 5 8 5 5 5 5 5 23 20 14
split_gain=9.35823 11.0888 7.62253 7.52106 6.7438 5.07164 6.03306 7.09251 4.9411 5.45695 4.60101 5.85234 5.57683 9.12382 5.26818 7.20583 5.18847 7.82859 4.93538 7.09126 4.8686 4.73694 5.45242 5.26079 4.65893 4.63329 8.43266 4.86562 5.53399 6.88156
threshold=61.750000000000007 0 2.5000000000000004 -8.4999999999999982 20.500000000000004 2.5000000000000004 1 -24.499999999999996 -35.499999999999993 -64.499999999999986 83.500000000000014 92.500000000000014 147.50000000000003 130.50000000000003 -20.499999999999996 -0.74999999999999989 1068.5000000000002 149.50000000000003 -153.49999999999997 18.500000000000004 4.0971146524099096 202.50000000000003 -0.93023247154921418 -3.2720997869755908 -1.6075475510141468 1.0000000180025095e-35 -0.76590749908646683 -21.499999999999996 73.166666666666671 11.500000000000002
decision_type=10 1 2 10 8 2 1 10 8 10 2 2 2 2 10 10 2 2 10 2 2 2 2 2 2 2 2 10 10 2
left_child=1 3 5 -1 -4 6 7 8 9 -3 11 14 25 -14 16 -16 17 18 19 -2 -20 22 23 -19 -25 26 -13 28 -27 -30
right_child=10 2 4 -5 -6 -7 -8 -9 -10 -11 -12 12 13 -15 15 -17 -18 21 20 -21 -22 -23 -24 24 -26 27 -28 -29 29 -31
leaf_value=0.006966030318699367 -0.021783621296684326 -0.0098518228262509579 0.020298458711661787 -0.017111165114806568 -0.0038328308061346202 -0.01142554232600454 0.01314442963293056 0.011835214251819841 -0.018988169517241364 0.0090085680111735185 0.016381203318623729 -0.0023400248431356355 -0.010577154050101041 0.023041450138428243 0.0096300759408992388 -0.011939496883513888 -0.019631503661393792 0.018500802735399117 -0.00059308325826205519 0.00066013910229951588 0.016360530062713239 -0.0040904523680064921 0.01941004331689097 -0.010011926576280208 0.0098873000476868093 0.0069515506252902084 -0.014305633143247577 0.017573520082728639 0.0028211769161410631 -0.012856904395778294
leaf_weight=360.06187315285206 22.923074662685394 25.693361014127728 9.7561882212758047 11.137268975377081 353.72108317166567 15.447723299264906 54.136614724993706 35.347646206617355 15.270784318447111 27.599423289299015 11.474230252206324 98.041580952703953 12.583665609359743 14.862150073051451 16.554215550422668 69.805321425199509 10.992195188999174 16.153260931372643 715.32753247022629 26.814009115099907 14.576502189040182 24.977897562086582 36.285014875233173 23.006839692592621 17.958191491663456 34.016950346529484 115.59592954069376 9.7031830027699453 40.539908990263939 64.26935850083828
leaf_count=2270 104 107 87 65 1777 76 305 146 63 114 62 516 56 67 73 326 65 70 3316 132 65 123 183 107 87 155 691 50 225 403
internal_value=-0.000223931 0.00214523 -0.000651676 0.00603739 -0.0031312 0.00449382 0.00611184 0.00100853 -0.00451804 -9.83264e-05 -0.00176512 -0.00192717 -0.00503922 0.00779765 -0.000705203 -0.00774193 -2.89169e-05 0.000232597 -0.00086182 -0.00990932 -0.000232591 0.00738711 0.0104673 0.00455003 -0.0012608 -0.00603082 -0.00885091 -0.00194247 -0.00342245 -0.00682332
internal_weight=2304.63 908.172 536.973 371.199 363.477 173.496 158.048 103.911 68.5636 53.2928 1396.46 1384.99 389.613 27.4458 995.374 86.3595 909.015 898.022 779.641 49.7371 729.904 118.381 93.4033 57.1183 40.965 362.167 213.638 148.529 138.826 104.809
internal_count=11886 5010 2675 2335 1864 811 735 430 284 221 6876 6814 2163 123 4651 399 4252 4187 3617 236 3381 570 447 264 194 2040 1207 833 783 628
cat_boundaries=0 1 2
cat_threshold=42 64
is_linear=0
shrinkage=0.03


Tree=105
num_leaves=31
num_cat=2
split_feature=20 6 26 1 22 12 20 26 3 5 14 1 24 20 20 0 20 25 5 22 5 3 5 3 12 4 25 20 4 2
split_gain=12.3776 9.2268 7.4159 10.8237 9.9641 9.41013 6.81031 6.66814 7.80857 6.259 6.13075 10.4971 6.05768 6.00039 5.76453 5.37216 6.4609 5.12482 5.03438 7.14914 6.38781 6.17435 6.96557 5.74067 5.62526 5.40805 5.40749 6.60359 5.01702 7.62565
threshold=39.750000000000007 22.500000000000004 0 14.500000000000002 1.0000000180025095e-35 44.500000000000007 50.750000000000007 1 170.50000000000003 4.0971146524099096 9.5000000000000018 27.500000000000004 1.0000000180025095e-35 85.583333333333357 86.833333333333357 28.500000000000004 55.750000000000007 52.500000000000007 -0.60386735820685333 3.2500000000000004 1.0352049348247443 147.50000000000003 1.3148252467231007 41.500000000000007 9.5000000000000018 179.50000000000003 117.50000000000001 61.750000000000007 112.50000000000001 206.50000000000003
decision_type=8 8 1 2 10 2 10 1 2 2 2 2 2 10 10 2 10 2 2 10 2 2 2 2 2 2 2 10 2 2
left_child=-1 2 4 12 9 14 -6 8 -8 -2 -10 13 -4 -12 -5 16 17 -3 19 -9 25 22 -22 24 -21 26 27 -20 29 -29
right_child=1 15 3 5 6 -7 7 18 10 -11 11 -13 -14 -15 -16 -17 -18 -19 20 23 21 -23 -24 -25 -26 -27 -28 28 -30 -31
leaf_value=0.01675776567244909 0.0028213087641526307 0.00041760585899890845 -0.00011727750331743719 -0.0091368817309846681 0.013022698493825717 0.014862092390831791 0.0034921967144950486 0.0026724094047443003 -0.016947360642551514 0.02103032134338732 0.02184101430665901 -0.01076626581607747 -0.020423715456411858 -0.005235006208226466 -0.025600848342365402 0.02345568996176153 -0.018142925285596249 0.014060709324452926 0.0033359948110374561 -0.0051016982935736012 0.016047846535639135 0.022023969561224599 -0.0070316552627388076 0.0095772994445275771 -0.028470738208081492 0.0068871312297205277 -0.00256235875035233 -0.014797004054381949 -0.029582486741434648 0.012926342449657097
leaf_weight=38.095219492912292 598.36704495549202 48.433367036283016 390.18591106683016 157.17302267998457 27.021623358130455 12.506523318588732 293.10663076490164 153.10937234014273 31.187144801020622 16.520555801689625 19.162925451993946 42.157299675047398 12.685698211193083 11.091732390224932 21.376516424119473 15.897565245628355 8.8305036276578885 49.874420493841171 19.503755256533623 21.051188185811043 13.792615070939062 9.7468619570136052 56.830745831131935 9.4155784249305707 16.368917532265186 17.479585416615009 62.875760421156883 120.45940800011158 18.350697979331017 8.8853259682655317
leaf_count=295 3003 204 1816 902 134 72 1357 739 167 84 92 285 57 70 152 111 37 459 83 100 68 52 273 56 86 109 326 651 121 57
internal_value=2.02043e-05 -0.000266245 -0.000722762 -0.00354211 0.000368012 -0.0094625 -0.00155252 -0.00199211 0.000966448 0.00334389 -0.00605217 -0.00119278 -0.000805677 0.0120647 -0.0112396 0.00769103 0.00515655 0.00741104 -0.0041529 -0.000474796 -0.00651354 0.00082871 -0.00236314 -0.010604 -0.0157991 -0.00889099 -0.0101143 -0.0129222 -0.0150771 -0.012808
internal_weight=2321.54 2283.45 2160.41 593.928 1566.48 191.056 951.597 924.576 396.706 614.888 103.599 72.412 402.872 30.2547 178.55 123.036 107.138 98.3078 527.87 199.945 327.925 80.3702 70.6234 46.8357 37.4201 247.555 230.075 167.199 147.695 129.345
internal_count=12018 11723 10912 2999 7913 1126 4826 4692 1971 3087 614 447 1873 162 1054 811 700 663 2721 981 1740 393 341 242 186 1347 1238 912 829 708
cat_boundaries=0 1 2
cat_threshold=42 32
is_linear=0
shrinkage=0.03


Tree=106
num_leaves=31
num_cat=1
split_feature=18 24 5 22 23 3 20 5 4 23 4 26 23 4 23 10 13 11 15 13 3 20 23 1 15 10 8 23 15 4
split_gain=10.3305 12.9371 8.71031 6.9654 10.3098 6.52554 6.39046 6.31438 6.14992 5.78778 5.74573 8.02094 7.94104 9.73071 7.41572 8.05093 7.01945 6.8941 7.90142 6.80829 6.79481 6.11158 5.69807 7.29763 8.00237 6.92603 8.54087 7.95095 5.94742 6.17876
threshold=1.0000000180025095e-35 1.0000000180025095e-35 -0.84662355145155688 -2.4999999999999996 -35.499999999999993 8.5000000000000018 62.750000000000007 1.0000000180025095e-35 71.500000000000014 -98.499999999999986 18.500000000000004 0 -93.499999999999986 9.5000000000000018 -25.499999999999996 23.500000000000004 1.5000000000000002 1.0000000180025095e-35 52.500000000000007 170.50000000000003 1.5000000000000002 73.583333333333357 -88.499999999999986 18.500000000000004 4.5000000000000009 92.500000000000014 185.50000000000003 -108.49999999999999 1.0000000180025095e-35 70.500000000000014
decision_type=2 2 2 8 10 2 8 2 2 10 2 1 10 2 10 2 2 2 2 2 2 8 10 2 2 2 2 10 2 2
left_child=3 5 -3 4 -1 -2 -5 -6 -7 -4 11 16 -13 20 15 -15 -8 -12 19 21 -14 -19 23 24 28 -25 27 -27 29 -23
right_child=1 2 9 6 7 8 10 -9 -10 -11 17 12 13 14 -16 -17 -18 18 -20 -21 -22 22 -24 25 -26 26 -28 -29 -30 -31
leaf_value=0.017133930765663295 0.019431108187955501 0.015677689375884533 0.0064061198393876853 0.002823021719500315 0.0071396157789881025 -0.00012465512883984254 0.024706984359033436 -0.022061043469299327 0.025898739629509792 -0.015602122268569782 -0.0056407031520412159 -0.010535129155633061 0.0016564191349581782 0.031195208790377661 -0.0056623423296166273 0.0058160470690589066 0.0044609471804381061 0.0056267605825996775 -0.011611130164005333 0.022929636983136801 -0.008749009726778445 -0.0052121073318413726 -0.0038321273091494489 -0.020511599231817019 0.02082391454133177 -0.0005122663366742559 -0.013894214061300035 0.030229650665953092 -0.0084141555405503349 0.023670843531694793
leaf_weight=44.331481993198395 61.59368908405304 15.159509040415285 14.286665841937063 326.76568987965584 13.471398212015631 42.387930564582348 16.475472040474415 11.527892321348189 9.1225748732686025 37.448737479746342 487.01622760295868 71.1540751978755 151.11734203994274 19.639733821153641 17.076496616005898 26.000376425683498 137.95310056209564 119.27816666662693 57.135637626051903 10.381894409656523 88.951415523886681 11.011712566018106 376.6331125125289 16.488725453615189 30.886560291051865 20.312877453863624 19.353631488978863 11.040835246443747 25.633101806044579 14.787845104932783
leaf_count=205 642 114 116 1607 61 282 101 51 45 270 2489 327 627 86 77 131 619 527 349 62 423 56 1936 92 139 113 121 60 119 67
internal_value=-0.000115484 0.00676472 -0.00366169 -0.000701342 0.00858299 0.0129094 -0.00101858 -0.00665626 0.00488956 -0.00951834 -0.0017461 0.000859518 -0.00154993 0.000538292 0.0109632 0.0171718 0.006357 -0.00289317 -0.00101105 -7.12732e-05 -0.00221935 -0.000476149 -0.00186773 0.00307322 0.00901369 -0.00422967 0.00135908 0.0109129 0.00165947 0.0116086
internal_weight=2304.42 179.999 66.8949 2124.42 69.3308 113.104 2055.09 24.9993 51.5105 51.7354 1728.33 528.368 373.939 302.785 62.7166 45.6401 154.429 1199.96 712.944 655.808 240.069 645.427 526.148 149.515 82.3192 67.1961 50.7073 31.3537 51.4327 25.7996
internal_count=11914 1469 500 10445 317 969 10128 112 327 386 8521 2391 1671 1344 294 217 720 6130 3641 3292 1050 3230 2703 767 381 386 294 173 242 123
cat_boundaries=0 1
cat_threshold=56
is_linear=0
shrinkage=0.03


Tree=107
num_leaves=31
num_cat=1
split_feature=20 20 26 22 5 21 4 20 0 4 0 21 13 12 4 10 3 0 2 20 2 10 13 14 12 9 9 12 4 5
split_gain=14.507 9.15798 6.63101 7.21069 8.84827 5.87829 6.58108 5.43575 7.01354 6.49178 5.45676 6.00047 5.16922 6.34996 5.84541 6.15831 5.1276 5.95995 6.81888 5.06953 4.85745 5.02913 4.76624 8.8542 4.73661 9.74537 6.81963 6.6379 6.43832 4.44798
threshold=29.500000000000004 82.125000000000014 0 -2.4999999999999996 0.28768207245178107 12.500000000000002 411.50000000000006 55.250000000000007 622.50000000000011 51.500000000000007 527.50000000000011 -18.499999999999996 3.5000000000000004 6.5000000000000009 42.500000000000007 78.500000000000014 142.50000000000003 732.50000000000011 148.50000000000003 92.416666666666671 100.50000000000001 124.50000000000001 21.500000000000004 3.5000000000000004 14.500000000000002 338.50000000000006 189.50000000000003 19.500000000000004 226.50000000000003 2.0824089094397435
decision_type=8 10 1 8 2 8 2 10 2 2 2 8 2 2 2 2 2 2 2 10 2 2 2 2 2 2 2 2 2 2
left_child=-1 2 12 4 -4 6 19 9 10 -5 11 -9 -2 14 -14 -16 20 -18 -19 -3 -10 -22 -15 -24 25 -7 -26 -28 -29 -13
right_child=1 5 3 7 -6 24 -8 8 16 -11 -12 29 13 22 15 -17 17 18 -20 -21 21 -23 23 -25 26 -27 27 28 -30 -31
leaf_value=0.026360168618357681 0.0014861251227676745 -0.0091042171100393001 0.024518958985674591 0.0070409841476401997 -0.0010704135144786507 0.0016698538946584367 0.012046003660497547 -0.020538662414878017 0.026802198038365498 7.4183718149884955e-05 -0.010232118227018512 -0.0007456349040500024 -0.021761033611522016 -0.0056474989757633841 0.006308105679472392 -0.020252826730903461 0.018052886340832758 -0.013237214737390214 0.0056978539748024359 -0.027038574879360365 -0.0090172955440299182 0.013101657341746925 0.02437652458662995 -0.0073212777944738809 -0.011039459382738257 -0.024432589885633713 -0.014849106105048143 0.021479440672735224 -0.0054124127303663908 0.0075833310036604578
leaf_weight=17.782104209065437 127.51013419777155 63.322879269719124 26.027480781078339 266.53785836696625 21.963820673525333 240.43055971711874 9.5325980186462385 12.092963352799414 15.220443010330198 218.88010238111019 53.444207601249218 694.02264852821827 35.785825915634632 86.806885316967964 19.584904685616497 11.762250758707522 14.341552436351774 29.490089252591133 38.124125272035599 18.112856581807137 11.69998814165592 34.623150393366814 14.270800366997721 15.773048378527163 95.664272107183933 12.598121158778666 12.177146337926386 18.297488406300548 13.133433803915976 61.931333489716053
leaf_count=161 542 367 121 1924 96 1218 70 53 69 1160 245 3089 166 417 96 71 66 141 190 130 56 163 76 95 557 85 79 119 91 279
internal_value=0.000101867 -0.000113152 0.000866865 0.00169231 0.0130249 -0.00377763 -0.0106071 0.00132028 1.68011e-05 0.00390619 -0.00105411 -0.000402987 -0.00305301 -0.00635493 -0.0136368 -0.00397624 0.00611231 0.00116061 -0.00263328 -0.0133728 0.0125824 0.00744251 -0.00209112 0.00803537 -0.00217104 0.000279167 -0.0065928 0.00319078 0.0104223 -5.41698e-05
internal_weight=2310.95 2293.16 1809.89 1498.4 47.9913 483.269 90.9683 1450.41 964.991 485.418 821.491 768.047 311.494 183.984 67.133 31.3472 143.499 81.9558 67.6142 81.4357 61.5436 46.3231 116.851 30.0438 392.301 253.029 139.272 43.6081 31.4309 755.954
internal_count=11992 11831 9115 7652 217 2716 567 7435 4351 3084 3666 3421 1463 921 333 167 685 397 331 497 288 219 588 171 2149 1303 846 289 210 3368
cat_boundaries=0 1
cat_threshold=65
is_linear=0
shrinkage=0.03


Tree=108
num_leaves=31
num_cat=2
split_feature=20 26 25 18 24 24 6 0 6 4 4 20 8 21 10 1 0 15 2 1 26 15 8 4 20 13 4 12 12 2
split_gain=10.7623 10.2507 7.9819 7.65864 8.12947 7.25245 7.34179 6.23168 8.64152 7.75057 5.92216 5.75573 11.174 7.82354 5.50998 7.75333 5.2427 5.17491 7.25762 5.04059 5.71461 6.69108 8.51619 4.94255 4.85396 4.4651 4.28543 5.73186 5.03425 7.30421
threshold=39.750000000000007 0 72.500000000000014 1.0000000180025095e-35 1.5000000000000002 1.0000000180025095e-35 3.5000000000000004 14.500000000000002 1.5000000000000002 42.500000000000007 101.50000000000001 75.583333333333357 26.500000000000004 1.5000000000000002 228.50000000000003 27.500000000000004 820.50000000000011 7.5000000000000009 13.500000000000002 4.5000000000000009 1 2.5000000000000004 87.500000000000014 102.50000000000001 65.166666666666671 44.500000000000007 40.500000000000007 15.500000000000002 9.5000000000000018 16.500000000000004
decision_type=8 1 2 2 2 2 8 2 10 2 2 8 2 10 2 2 2 2 2 2 1 2 2 2 8 2 2 2 2 2
left_child=-1 2 -2 4 11 6 -5 8 -7 -9 -4 12 17 19 15 -14 -17 26 -19 -13 21 -21 -23 24 -6 -24 27 28 -3 -30
right_child=1 3 10 5 23 7 -8 9 -10 -11 -12 13 14 -15 -16 16 -18 18 -20 20 -22 22 25 -25 -26 -27 -28 -29 29 -31
leaf_value=0.015589860921797023 -0.016932020902483764 -0.0027144222979955694 -0.0079801078864485935 0.001039683813573767 0.022099710172958933 0.0059740803726862557 0.017240523957809662 0.012253215440624996 -0.031465255317273171 -0.017116599401446674 0.020740561008697356 0.003227579707289928 0.0072754940365728918 -0.011603293561940425 0.021066243673005476 0.00057790720820871037 -0.021897127365914856 -0.030492744669798483 -0.0038040152505385699 -0.014614887319745364 -0.003758418399694164 0.0094486474514786714 -0.015653178951715804 0.028725578293735059 -0.0017571628890263099 0.00015653090177666424 0.0038127155681316957 -0.013969162850170044 0.021993284972731546 -0.003318524017881813
leaf_weight=38.973842985928059 58.490644432604313 203.58266676962376 16.057561188936237 40.540101826190948 10.440702714025972 9.6586054712533969 66.01200558245182 31.546350292861462 11.230942979454992 9.8114661648869497 9.4295366108417493 192.18794218450785 221.73544066399336 67.901759497821331 20.04087233543396 28.565922722220421 12.844231948256491 11.214205250144003 38.284116089344025 21.637798085808754 616.97701615840197 99.774453848600388 16.536261036992073 11.204594865441321 22.926468625664711 193.08813759684563 154.00071962177753 32.923643723130226 18.665050253272057 20.982771068811417
leaf_count=306 329 896 81 253 49 88 693 239 92 54 49 841 991 394 88 124 58 51 172 91 3310 423 73 51 98 1039 702 148 82 96
internal_value=0.000158876 -0.000113013 -0.00976127 0.000305489 -0.000208495 0.00642569 0.0111435 -0.00169861 -0.0146725 0.0050461 0.00302763 -0.00049789 0.00154107 -0.00178557 0.0062554 0.00505194 -0.00674514 -0.00124948 -0.0103346 -0.00119125 -0.00208952 0.00110285 0.00228115 0.0123185 0.00613357 -0.00115902 -0.000182501 -0.0024162 -0.0008016 0.00884546
internal_weight=2307.27 2268.29 83.9777 2184.31 2015.51 168.799 106.552 62.2474 20.8895 41.3578 25.4871 1970.94 762.84 1208.1 283.186 263.146 41.4102 479.653 49.4983 1140.2 948.014 331.037 309.399 44.5718 33.3672 209.624 430.155 276.154 243.23 39.6478
internal_count=11961 11655 459 11196 9777 1419 946 473 180 293 130 9579 3408 6171 1261 1173 182 2147 223 5777 4936 1626 1535 198 147 1112 1924 1222 1074 178
cat_boundaries=0 1 2
cat_threshold=1 32
is_linear=0
shrinkage=0.03


Tree=109
num_leaves=31
num_cat=2
split_feature=20 20 26 15 10 3 0 15 20 6 11 24 11 22 13 13 2 8 0 8 3 10 8 10 3 8 26 3 2 13
split_gain=8.87293 6.9891 6.85339 5.70337 7.66035 7.55742 6.64024 10.3652 6.63344 5.56436 7.89395 6.22407 7.44505 6.78379 6.97763 6.37532 5.23874 5.27001 6.55435 5.34346 5.0348 6.38698 4.98507 4.95395 5.59758 4.85155 4.66136 4.64321 4.53687 9.1652
threshold=39.750000000000007 75.583333333333357 0 15.500000000000002 63.500000000000007 15.500000000000002 286.50000000000006 5.5000000000000009 81.166666666666671 2.5000000000000004 212.50000000000003 1.0000000180025095e-35 120.50000000000001 108.25000000000001 31.500000000000004 43.500000000000007 1.0000000180025095e-35 250.50000000000003 324.50000000000006 92.500000000000014 47.500000000000007 16.500000000000004 33.500000000000007 28.500000000000004 16.500000000000004 3.5000000000000004 1 146.50000000000003 15.500000000000002 3.5000000000000004
decision_type=8 10 1 2 2 2 2 2 10 8 2 2 2 8 2 2 2 2 2 2 2 2 2 2 2 2 1 2 2 2
left_child=-1 9 3 4 6 -5 7 23 -6 10 11 12 16 14 -13 -14 20 18 19 -18 21 -2 -4 24 -3 -20 -11 -24 29 -28
right_child=1 2 22 5 8 -7 -8 -9 -10 26 -12 13 15 -15 -16 -17 17 -19 25 -21 -22 -23 27 -25 -26 -27 28 -29 -30 -31
leaf_value=0.01425507502817927 0.012243952963139423 -0.0052485906333918555 -0.0028972257337148942 -0.025410878931063047 -0.0028977029268999585 -0.0013159068030294018 -0.010394384636486885 0.018618649465471135 0.01887085075363697 0.005924094514105578 -0.020342617033096033 0.023166598687430956 -0.00083449699609675055 -0.0075071006962633751 0.002113776954656373 0.021152812783984003 -0.0054692553429235187 -0.016890557868710146 -0.01434196079404546 -0.024733461452010028 0.016413208969016241 -0.01020988217935774 -0.012923680214696713 -0.012976419296134072 0.020774609907353581 0.0029353340395351282 0.003239637317129155 0.00085569352033856817 0.0047463701973721843 -0.0060944853838292793
leaf_weight=38.110868327319622 18.473596684634686 18.226418659090999 323.96713911741972 11.499281421303747 17.003601640462875 189.36407010257244 36.821085870265961 29.773416355252266 45.10287518799305 260.21347895264626 17.608262568712234 27.667229399085045 24.846216946840286 19.457046836614609 28.452468737959862 21.596232570707798 188.31467647105455 26.416712194681168 15.229438796639441 13.05538749694824 21.59954959154129 26.514474853873253 99.148252084851265 24.176272556185722 11.230535268783568 147.72703851759434 217.95840442180634 28.055446907877922 201.87158247828484 165.81937942653894
leaf_count=303 87 75 1720 53 73 1073 163 125 206 1618 78 123 128 103 127 98 895 160 78 67 102 119 594 101 50 730 1082 187 951 762
internal_value=8.70671e-05 -0.000156201 -0.00234017 0.000649471 0.00449528 -0.00281437 5.20316e-05 0.00473226 0.0129595 0.00110751 -0.00110913 -0.000490523 -0.00169874 0.00748014 0.0127168 0.00962019 -0.00286667 -0.00419236 -0.00322793 -0.00683426 0.00485955 -0.000923843 -0.00478378 -0.00317618 0.00502916 0.00124302 0.00267135 -0.0099016 0.00109875 -0.000798727
internal_weight=2315.3 2277.19 834.368 383.198 182.334 200.863 120.228 83.4066 62.1065 1442.82 596.958 579.35 503.773 75.5767 56.1197 46.4424 457.331 390.743 364.327 201.37 66.5876 44.9881 451.171 53.6332 29.457 162.956 845.863 127.204 585.649 383.778
internal_count=12031 11728 4420 1919 793 1126 514 351 279 7308 2895 2817 2464 353 250 226 2238 1930 1770 962 308 206 2501 226 125 808 4413 781 2795 1844
cat_boundaries=0 1 2
cat_threshold=32 44
is_linear=0
shrinkage=0.03


Tree=110
num_leaves=31
num_cat=0
split_feature=3 1 12 24 22 15 20 0 13 22 8 10 21 3 5 13 10 25 0 20 4 4 3 22 3 15 0 20 14 13
split_gain=10.2561 8.14584 7.7494 6.22833 11.1355 6.0442 5.15234 5.26376 6.75515 10.707 6.09368 10.6446 5.63812 5.27562 6.75452 6.55754 7.34145 7.03115 5.71448 5.67345 5.02736 5.62805 4.93693 4.66309 4.90936 4.40144 8.56081 8.36993 8.11715 8.93207
threshold=3.5000000000000004 2.5000000000000004 76.500000000000014 1.0000000180025095e-35 2.7500000000000004 16.500000000000004 92.416666666666671 1635.5000000000002 128.50000000000003 5.2500000000000009 236.50000000000003 68.500000000000014 -17.499999999999996 47.500000000000007 -2.5629209571137288 54.500000000000007 91.500000000000014 167.50000000000003 227.50000000000003 49.250000000000007 175.50000000000003 257.50000000000006 8.5000000000000018 0.75000000000000011 117.50000000000001 3.5000000000000004 411.50000000000006 71.750000000000014 4.5000000000000009 39.500000000000007
decision_type=2 2 2 2 8 2 10 2 2 8 2 2 8 2 2 2 2 2 2 8 2 2 2 8 2 2 2 8 2 2
left_child=5 -2 3 6 -5 -1 7 8 10 20 12 -12 -3 14 18 17 -17 25 -14 -15 23 -22 -20 -10 -25 26 -16 -27 -29 -30
right_child=1 2 -4 4 -6 -7 -8 -9 9 -11 11 -13 13 19 15 16 -18 -19 22 -21 21 -23 -24 24 -26 27 -28 28 29 -31
leaf_value=0.0040333212715035786 0.018071762431469764 -0.017665338705260197 0.017606355724296238 0.0082746132252202904 -0.0059430813466068199 -0.0180260463454881 -0.009489984400312939 -0.016575675809969312 0.0072244614808104433 0.02326351780891233 0.017563871228753195 -0.014074263433769409 -0.0060043905283513497 0.016336465508022983 -0.0055371121877695814 -0.020469007904707837 0.00045552117572099799 0.01730102055123648 0.031193255106087156 0.00052556501224276255 0.025608470090141236 -0.0031562669025952815 0.0042403581573525456 0.0004607134391926502 -0.027986492767072286 0.013685443861204322 0.01588122566987632 0.0058869814920303231 -0.023317414819501996 0.0041034309572936366
leaf_weight=604.74869978427887 19.145761460065842 17.830432869493961 18.657525822520256 142.60790383070707 74.850374117493629 10.417057506740091 78.452885061502457 19.876589298248291 11.478205561637877 24.145501956343651 10.192165955901144 69.955195434391499 13.641357786953447 20.335314244031906 396.1007781997323 39.635888308286667 23.937751673161983 14.568654634058474 11.473504669964315 481.2565879970789 10.304512806236746 12.932843282818792 12.720183327794073 9.4805885255336779 11.773062385618685 36.377511590719223 16.587983347475529 42.833842217922211 25.592701397836208 17.442645847797394
leaf_count=3204 104 84 99 656 393 54 527 132 56 140 50 422 63 130 1975 196 119 72 54 2421 56 71 58 52 69 176 93 211 132 89
internal_value=0.000319207 -0.000891939 -0.00112071 -0.00134349 0.003376 0.00363112 -0.00206358 -0.00162545 -0.00138985 0.00700233 -0.00193267 -0.00988405 -0.00138017 -0.00111313 -0.00289302 -0.00365647 -0.0127051 -0.00258842 0.00925338 0.00119779 -0.000298071 0.0101296 0.0177532 -0.00778185 -0.0158466 -0.00316137 -0.0046399 0.00182708 -0.00329629 -0.0123627
internal_weight=2299.35 1684.19 1665.04 1646.38 217.458 615.166 1428.93 1350.47 1330.6 80.1147 1250.48 80.1474 1170.34 1152.5 650.913 613.078 63.5736 549.504 37.835 501.592 55.9692 23.2374 24.1937 32.7319 21.2537 534.935 412.689 122.247 85.8692 43.0353
internal_count=11958 8700 8596 8497 1049 3258 7448 6921 6789 444 6345 472 5873 5789 3238 3063 315 2748 175 2551 304 127 112 177 121 2676 2068 608 432 221
is_linear=0
shrinkage=0.03


Tree=111
num_leaves=31
num_cat=1
split_feature=22 20 5 22 5 26 4 9 14 3 23 11 9 21 11 23 1 9 23 5 11 4 20 22 4 14 23 23 20 5
split_gain=10.0639 7.03773 5.42945 5.24429 6.2653 6.2336 11.6273 6.71309 10.6857 5.25788 5.04628 5.00001 4.67128 6.78286 9.10699 6.51546 5.19766 4.57414 4.36967 4.71146 5.63441 6.00136 4.20018 9.96892 8.72987 6.89107 6.04128 4.28484 7.23479 4.9493
threshold=1.2500000000000002 53.750000000000007 3.377052237098265 -2.4999999999999996 0.28768207245178107 0 16.500000000000004 99.500000000000014 10.500000000000002 41.500000000000007 -33.499999999999993 54.500000000000007 170.50000000000003 -11.499999999999998 5.5000000000000009 -73.499999999999986 4.5000000000000009 15.500000000000002 -65.499999999999986 0.63857388164897888 119.50000000000001 36.500000000000007 79.166666666666671 22.500000000000004 145.50000000000003 43.500000000000007 -16.499999999999996 -45.499999999999993 95.583333333333357 -0.78120625297643531
decision_type=10 8 2 8 2 1 2 2 2 2 10 2 2 10 2 10 2 2 10 2 2 2 10 10 2 2 10 10 10 2
left_child=1 -1 17 4 -3 6 7 8 10 -6 11 -5 15 14 -14 -8 -17 -2 -18 20 21 -20 23 -19 -25 26 27 29 -29 -24
right_child=2 3 -4 5 9 -7 12 -9 -10 -11 -12 -13 13 -15 -16 16 18 22 19 -21 -22 -23 25 24 -26 -27 -28 28 -30 -31
leaf_value=0.0082532309805943664 0.0042566564197153225 0.019096607732527398 -0.022963900389040216 0.015347519339331693 -0.014468321329242563 -0.001301189883008727 0.0038833172624032648 0.03185782067218329 -0.016686909535787848 0.010035621858607941 0.0022054363319679382 -0.0097180398596991846 0.023080427176171842 -0.016514025727771397 0.0024467920430063079 0.015510471022730435 -0.016256344773333195 -0.0035957281904985291 0.01000287015299452 -0.012532060774116555 0.015054348814249691 -0.0045550285941406759 0.0030582019785907744 0.027092336619460436 0.00038251072204609926 0.01887344555276926 0.016763129648837086 -0.016874615530998494 0.011837865028671986 -0.0087599843317372594
leaf_weight=128.51372921466827 75.723843194544315 29.900287330150604 11.026345789432524 98.985142201185226 12.404190778732302 754.88581133633852 176.79261559247971 10.096682675182818 14.014646857976912 18.126340851187706 52.554194718599319 7.0547817870974532 27.477305606007576 9.4785209670662862 60.293156169354916 11.732213757932184 23.437153950333595 216.62069947272539 28.334487266838551 39.020270064473152 16.392014749348164 195.2060698568821 44.896581999957561 18.405948519706726 25.531666100025177 8.4235070049762708 8.0986773073673231 72.129589930176735 8.1444641649723035 105.64677713811398
leaf_count=768 348 134 54 683 52 3751 840 50 75 82 321 36 130 48 337 56 112 1045 137 183 84 921 247 83 117 67 47 441 58 687
internal_value=0.000362348 0.00152859 -0.0029975 0.000978904 0.00957336 0.000632454 0.00250958 0.00913052 0.00762525 -6.31583e-05 0.00986476 0.0136047 0.000483465 0.006455 0.00909357 -0.000710199 -0.00329962 -0.00258165 -0.00407813 -0.00300053 -0.00140483 -0.00267344 -0.00360755 -0.000942825 0.0119254 -0.00639958 -0.00736559 -0.00828085 -0.0138517 -0.00523852
internal_weight=2309.35 1714.7 594.648 1586.19 60.4308 1525.76 770.869 182.705 172.609 30.5305 158.594 106.04 588.164 97.249 87.7705 490.915 314.122 583.622 302.39 278.953 239.933 223.541 507.898 260.558 43.9376 247.34 238.916 230.817 80.2741 150.543
internal_count=11994 8800 3194 8032 268 7764 4013 1165 1115 134 1040 719 2848 515 467 2333 1493 3140 1437 1325 1142 1058 2792 1245 200 1547 1480 1433 499 934
cat_boundaries=0 1
cat_threshold=56
is_linear=0
shrinkage=0.03


Tree=112
num_leaves=31
num_cat=2
split_feature=23 20 26 23 6 20 14 8 12 18 20 15 23 22 3 14 26 11 4 20 23 14 6 13 12 25 12 12 23 23
split_gain=7.13875 7.02824 7.79398 9.34612 9.05938 8.43521 6.53094 7.95364 7.26979 7.42006 6.48047 5.90821 7.81745 5.76887 5.66491 5.28315 5.08229 6.05633 5.2785 7.06858 5.27054 5.07249 4.66057 4.58164 5.73527 5.05499 4.48946 4.3678 4.26521 4.8504
threshold=2.5000000000000004 29.500000000000004 0 -22.499999999999996 22.500000000000004 61.750000000000007 7.5000000000000009 163.50000000000003 40.500000000000007 1.0000000180025095e-35 55.750000000000007 58.500000000000007 -22.499999999999996 -2.4999999999999996 8.5000000000000018 27.500000000000004 1 119.50000000000001 3.5000000000000004 81.750000000000014 -24.499999999999996 5.5000000000000009 23.500000000000004 20.500000000000004 24.500000000000004 162.50000000000003 19.500000000000004 59.500000000000007 -96.499999999999986 -82.499999999999986
decision_type=10 8 1 10 8 8 2 2 2 2 10 2 10 8 2 2 1 2 2 10 10 2 10 2 2 2 2 2 10 10
left_child=1 -1 4 6 5 -3 7 8 9 22 -6 13 -13 -7 -5 -8 27 18 19 20 -18 -19 28 25 -25 -20 -16 -15 -4 -30
right_child=-2 2 3 14 10 11 15 -9 -10 -11 -12 12 -14 16 26 -17 17 21 23 -21 -22 -23 -24 24 -26 -27 -28 -29 29 -31
leaf_value=0.019516828354797563 -0.02293698861938967 0.0059578701039340182 -0.013898810099017091 0.010911280637016848 0.017192800053092646 0.011045520876749869 -0.021108465783148348 0.017342975932705992 0.018736174548118701 0.013486144306173052 -0.0074985853050664724 -0.010700891300649808 0.016286487425398229 0.0010707490659970027 -0.011947814728300407 0.0054404480727027835 0.0093761945220328918 0.023952983760729372 -0.0030941463400645138 -0.018508667288805861 -0.010783520123447212 -0.00086693466709734414 0.0078711339341890878 -0.01251572606813154 0.00111145340462689 0.016932224071181706 0.011503721781153706 0.018466582645082632 0.0079617337999063446 -0.0070188424240295276
leaf_weight=15.530410893261431 11.249714657664297 215.20965857058764 74.742979966104031 56.53797073662281 46.926975131034851 41.098588421940804 35.652233652770519 13.978980682790278 10.273296341300009 16.135209210216999 11.338452130556105 83.094367705285549 10.015662543475626 776.58186376094818 22.424398928880692 7.8291709199547759 73.130981758236885 13.070422112941744 318.3225149512291 10.807717695832251 12.986515685915945 15.515354834496973 17.521454676985741 102.42744363099337 37.801241151988506 10.776872031390665 9.7864626199007017 12.217203758656977 20.68061900138855 202.27085122466087
leaf_count=148 59 1054 356 250 466 179 206 80 53 138 48 506 56 3940 112 53 367 59 1587 52 69 98 71 585 212 52 52 67 96 936
internal_value=-9.60902e-05 2.583e-05 -0.000115485 -0.00343318 0.000804109 0.000413935 -0.00546038 -0.00409131 -0.00501645 -0.00580704 0.0123424 -0.000375524 -0.0076557 0.00010529 0.00525942 -0.0163133 -0.000227414 -0.00229691 -0.00302205 0.00332598 0.00624723 0.0109076 -0.00683414 -0.00433733 -0.00886041 -0.00238904 -0.00469081 0.00134618 -0.0077231 -0.00559992
internal_weight=2305.94 2294.69 2279.16 487.834 1791.32 1733.06 399.085 355.603 341.624 331.351 58.2654 1517.85 93.11 1424.74 88.7488 43.4814 1383.64 594.839 566.253 96.9252 86.1175 28.5858 315.216 469.328 140.229 329.099 32.2109 788.799 297.694 222.951
internal_count=12007 11948 11800 2403 9397 8883 1989 1730 1650 1597 514 7829 562 7267 414 259 7088 3081 2924 488 436 157 1459 2436 797 1639 164 4007 1388 1032
cat_boundaries=0 1 2
cat_threshold=58 40
is_linear=0
shrinkage=0.03


Tree=113
num_leaves=31
num_cat=2
split_feature=22 5 12 26 23 21 23 6 14 14 3 26 15 14 8 9 8 23 13 1 8 8 23 3 11 11 23 25 21 12
split_gain=9.3233 6.88944 5.32097 5.24828 11.5133 6.58888 6.3237 5.55447 5.53907 10.4989 4.88162 4.78344 6.47778 7.94414 5.87474 8.34411 7.38678 6.59508 4.55108 8.31643 5.47759 4.18965 6.23644 13.4687 6.36674 6.1356 5.89593 11.1599 6.28298 6.161
threshold=1.2500000000000002 -4.1549614946291582 76.500000000000014 0 -6.4999999999999991 -21.499999999999996 -16.499999999999996 36.500000000000007 7.5000000000000009 5.5000000000000009 14.500000000000002 1 14.500000000000002 8.5000000000000018 29.500000000000004 109.50000000000001 9.5000000000000018 -93.499999999999986 126.50000000000001 28.500000000000004 310.50000000000006 207.50000000000003 -32.499999999999993 144.50000000000003 51.500000000000007 119.50000000000001 -37.499999999999993 167.50000000000003 -16.499999999999996 18.500000000000004
decision_type=10 2 2 1 10 8 10 8 2 2 2 1 2 2 2 2 2 10 2 2 2 2 10 2 2 2 10 2 10 2
left_child=2 -2 3 4 5 -1 8 21 9 -5 -8 12 13 -3 16 17 -13 -16 -14 -20 -21 25 24 -24 -23 26 27 28 -7 -30
right_child=1 11 -4 6 -6 7 10 -9 -10 -11 -12 14 18 -15 15 -17 -18 -19 19 20 -22 22 23 -25 -26 -27 -28 -29 29 -31
leaf_value=-0.020683909591217263 0.01779369148186688 0.002013876262437566 0.021834194988481208 -0.0025582683783371691 -0.019873829400993713 0.0041899554437773122 0.013537218388620893 0.015059114470663668 -0.013317798395597911 0.023803476900278359 -0.0090403267949470036 -0.006529777807411606 -0.0072757087020513412 0.025500038541213896 0.0093371079842798615 -0.021880885174890952 0.0056763839892742512 -0.011790999262366656 0.022313817872142601 0.012337857789428638 -0.013241140674439938 0.0062349792936768822 0.027274133356938051 -0.015410584271461879 -0.016596622691901548 0.017058341552482367 -0.00030783822319548255 0.022171083296677632 -0.018070400877708125 0.0059967510360827234
leaf_weight=9.8788775652647001 12.927779011428354 75.917951658368111 10.279411815106867 374.22008556127548 19.927401684224606 600.90596082806587 38.008936107158661 31.312933713197708 39.168188966810703 13.112048670649527 10.300821423530577 171.00536159425974 109.91440071165562 14.684002757072447 19.712641105055809 43.070485562086105 59.389848820865154 36.462787374854088 14.03118037432432 10.472131475806238 21.230225697159767 14.792942397296427 13.482038080692293 11.419138036668299 37.336865790188313 25.967427909374237 402.84651359170675 29.023709297180176 22.290131233632565 15.587997257709501
leaf_count=47 59 344 52 1831 103 3086 170 312 225 72 52 883 600 66 108 287 323 207 77 72 148 71 72 63 225 123 2008 152 108 82
internal_value=0.000178355 -0.00307672 0.00129392 0.00115772 0.0021781 0.00257378 -0.0015089 0.00278145 -0.00271099 -0.00160687 0.00863743 -0.00357526 -0.000270336 0.00605714 -0.0058507 -0.0120965 -0.00337242 -0.00434326 -0.00398594 0.00390707 -0.00467281 0.00244135 -0.00428285 0.0078606 -0.0101223 0.00291715 0.00255858 0.00428558 0.00343955 -0.00826655
internal_weight=2308.68 588.819 1719.86 1709.58 1234.77 1214.84 474.81 1204.97 426.5 387.332 48.3098 575.891 246.25 90.602 329.641 99.2459 230.395 56.1754 155.648 45.7335 31.7024 1173.65 77.031 24.9012 52.1298 1096.62 1070.65 667.808 638.784 37.8781
internal_count=12028 3174 8854 8802 6452 6349 2350 6302 2128 1903 222 3115 1307 410 1808 602 1206 315 897 297 220 5990 431 135 296 5559 5436 3428 3276 190
cat_boundaries=0 1 2
cat_threshold=58 96
is_linear=0
shrinkage=0.03


Tree=114
num_leaves=31
num_cat=1
split_feature=20 12 24 18 9 26 20 12 22 2 14 8 10 3 10 2 20 4 3 12 0 11 11 6 8 2 10 8 8 22
split_gain=8.20906 7.94132 10.9207 5.57972 8.44705 4.98315 5.97767 5.42384 6.30637 4.9828 7.5949 7.21128 10.7649 11.8989 7.23424 6.05698 4.88306 4.76249 7.01847 4.74086 4.42845 4.23002 11.7535 5.57433 5.41219 4.72604 6.44515 4.64573 4.89785 4.42897
threshold=39.750000000000007 1.5000000000000002 1.5000000000000002 1.0000000180025095e-35 3.5000000000000004 0 78.583333333333357 2.5000000000000004 -0.74999999999999989 20.500000000000004 7.5000000000000009 18.500000000000004 8.5000000000000018 1.0000000180025095e-35 41.500000000000007 2.5000000000000004 66.750000000000014 102.50000000000001 13.500000000000002 23.500000000000004 62.500000000000007 50.500000000000007 69.500000000000014 9.5000000000000018 46.500000000000007 242.50000000000003 118.50000000000001 37.500000000000007 20.500000000000004 116.75000000000001
decision_type=8 2 2 2 2 1 10 2 10 2 2 2 2 2 2 2 10 2 2 2 2 2 2 10 2 2 2 2 2 10
left_child=-1 9 3 5 -5 21 7 8 -7 11 -11 12 13 16 15 -13 -2 18 -4 -6 -10 23 -23 24 27 26 -26 28 -3 -24
right_child=1 2 17 4 19 6 -8 -9 20 10 -12 14 -14 -15 -16 -17 -18 -19 -20 -21 -22 22 29 -25 25 -27 -28 -29 -30 -31
leaf_value=0.013882423525590257 0.0061855341231641147 0.021970335111549947 0.02552689656422525 0.021202114326985762 -0.002744242432673993 -0.00048160189833867728 -0.0061739853510614853 -0.00065245052785197833 -0.032127105437061897 0.016056583815725101 -0.0053985844066107864 -0.0021148948057479514 0.013956989305941197 -0.016583118909303869 0.011145599150441761 -0.023215512267402729 -0.010902429499479236 0.029338449336479985 -0.0023773138692213449 0.018075380058760498 -0.0098790543338768827 -0.015607855098783281 0.0029814083894548994 -0.012203083348309164 0.0032855974772083899 0.01915453482664831 -0.012426874367902113 0.025826752829318195 -1.5618176708179995e-05 -0.0082767522679906644
leaf_weight=37.901686698198318 119.28056877106428 12.371629506349562 11.469002798199652 23.211153790354729 59.585387416183949 39.167575307190418 317.27250048518181 810.0608934238553 11.878670185804365 57.860777802765369 19.299913220107555 25.667537584900856 74.34027336537838 29.76564846932888 14.696324601769446 22.803788900375366 16.27680866420269 11.622502967715262 22.790562212467194 10.754550047218798 25.462223879992962 45.142874494194984 181.83733289688826 18.082958415150642 158.17332510650158 12.839096032083033 26.56962725520134 16.209336146712303 28.670664116740227 36.995093509554863
leaf_count=312 806 54 69 211 427 186 1858 3809 52 306 120 118 373 162 71 103 67 54 109 62 118 218 939 79 696 65 127 70 126 229
internal_value=0.00021842 -1.67563e-05 -0.000816675 -0.00118149 0.0059178 -0.0015662 -0.00262479 -0.00137871 -0.00896058 0.00393293 0.0106897 0.00218181 0.00455812 0.000273263 -0.00676464 -0.0123105 0.00406892 0.013482 0.00742316 0.000647701 -0.0176098 0.000841057 -0.00184755 0.00346953 0.00462501 0.00224319 0.000971101 0.0126653 0.00697668 0.00104915
internal_weight=2298.06 2260.16 1880.17 1834.28 93.5511 1740.73 1203.84 886.569 76.5085 379.992 77.1607 302.831 239.663 165.323 63.1677 48.4713 135.557 45.8821 34.2596 70.3399 37.3409 536.892 263.975 272.917 254.834 197.582 184.743 57.2516 41.0423 218.832
internal_count=11996 11684 9558 9326 700 8626 6023 4165 356 2126 426 1700 1408 1035 292 221 873 232 178 489 170 2603 1386 1217 1138 888 823 250 180 1168
cat_boundaries=0 1
cat_threshold=32
is_linear=0
shrinkage=0.03


Tree=115
num_leaves=31
num_cat=1
split_feature=20 23 22 2 26 14 0 23 2 22 2 5 1 12 14 13 23 0 20 5 5 10 5 12 11 2 13 11 13 3
split_gain=7.98729 5.90467 8.46176 7.06946 6.34747 7.64072 7.68498 5.59339 12.8291 8.53213 12.4973 8.5956 6.35113 6.30866 6.14674 9.72238 7.33351 8.82737 5.59034 5.55526 5.54583 8.90497 7.77394 8.93174 6.95099 6.05516 5.74796 9.67299 5.40218 5.38654
threshold=39.750000000000007 -6.4999999999999991 -1.0000000180025095e-35 1.0000000180025095e-35 0 7.5000000000000009 732.50000000000011 -38.499999999999993 242.50000000000003 1.2500000000000002 5.5000000000000009 -1.2706898712711701 6.5000000000000009 19.500000000000004 9.5000000000000018 26.500000000000004 -21.499999999999996 630.50000000000011 84.166666666666671 1.5040773967762746 0.33647223662121323 50.500000000000007 0.77687954363474188 3.5000000000000004 1.0000000180025095e-35 33.500000000000007 26.500000000000004 18.500000000000004 47.500000000000007 90.500000000000014
decision_type=8 10 10 2 1 2 2 10 2 10 2 2 2 2 2 2 10 2 10 2 2 2 2 2 2 2 2 2 2 2
left_child=-1 3 -3 -2 7 6 -6 9 14 10 19 13 -13 -12 -9 -16 18 -18 29 -5 24 22 -22 -24 -14 -26 -23 28 -28 -17
right_child=1 2 -4 4 5 -7 -8 8 -10 -11 11 12 20 -15 15 16 17 -19 -20 -21 21 26 23 -25 25 -27 27 -29 -30 -31
leaf_value=0.013951234219732956 0.0036321234291718453 0.0008841734927336535 -0.030792625171669617 -0.012068063419541818 -0.0027352839757054737 -0.01158546031819121 0.02201279735506886 -0.0057265582104626747 0.015081828377082723 -0.0020255879200848856 0.0095987856907432754 0.01295486734442336 -0.0065407584660000387 0.028974528519236379 0.018161836168530919 -0.0083536902726617165 -0.0012059042780849392 0.032212180499545259 -0.01661650003452414 0.011326506374135273 0.016164510238970586 -0.0080827346092073159 0.01352187077588482 -0.01716321782228631 0.018054529998116565 5.4867325647350389e-05 0.031115717795331729 -0.0050930480331086627 0.012876664285128256 0.0076035928347884469
leaf_weight=36.683729663491249 434.71104554831982 17.172736614942554 12.524258352816103 55.040792919695377 244.24914317578077 93.773793511092663 10.84248251467943 336.49193401634693 35.128840886056423 345.45218820124865 87.726825818419456 54.215853556990623 105.60804975032806 17.895983345806599 25.14098946005106 41.480285130441189 19.103972345590595 10.270375788211821 28.677680984139442 10.092900015413759 13.136593155562876 11.061943151056765 10.644444748759268 32.331830695271492 22.145589724183083 61.574496284127235 22.990097023546696 17.879438459873199 44.719798125326633 33.519841432571411
leaf_count=305 2250 90 58 279 1208 598 62 1645 201 1870 425 333 548 86 129 201 95 51 177 55 65 56 59 162 103 297 112 84 220 157
internal_value=0.00025358 2.47261e-05 -0.013043 0.000204848 -0.000628491 -0.00419084 -0.00160154 0.000262678 -0.00218484 0.00168743 0.00394897 0.00555529 0.00351052 0.0131226 -0.00343894 0.00143245 -0.00184056 0.0111541 -0.00559365 -0.00832647 0.00198035 0.00621357 -0.00325873 -0.00942842 -0.00145003 0.00497304 0.01169 0.0143093 0.0194322 -0.00121569
internal_weight=2292.29 2255.6 29.697 2225.91 1791.2 348.865 255.092 1442.33 529.814 912.517 567.065 501.931 396.308 105.623 494.685 158.193 133.052 29.3743 103.678 65.1337 342.092 152.764 56.1129 42.9763 189.328 83.7201 96.6513 85.5893 67.7099 75.0001
internal_count=11981 11676 148 11528 9278 1868 1270 7410 2656 4754 2884 2550 2039 511 2455 810 681 146 535 334 1706 758 286 221 948 400 472 416 332 358
cat_boundaries=0 1
cat_threshold=106
is_linear=0
shrinkage=0.03


Tree=116
num_leaves=31
num_cat=1
split_feature=22 18 26 15 3 12 5 4 20 1 10 14 12 9 8 5 21 8 12 10 5 15 12 9 8 3 20 20 8 22
split_gain=8.36068 6.71213 5.84733 7.94001 7.22693 6.99976 6.70035 6.35521 5.7211 5.22355 6.06883 6.71406 12.5868 7.39108 5.48456 5.04916 5.07368 6.24124 8.21522 9.98881 8.45486 9.83893 8.27605 8.66845 5.60067 5.54732 5.14718 4.99087 4.77926 5.35844
threshold=-2.4999999999999996 1.0000000180025095e-35 0 15.500000000000002 40.500000000000007 64.500000000000014 -3.4683333112382777 18.500000000000004 75.166666666666671 2.5000000000000004 45.500000000000007 2.5000000000000004 6.5000000000000009 4.5000000000000009 71.500000000000014 -4.0371688470447564 4.5000000000000009 213.50000000000003 5.5000000000000009 91.500000000000014 -0.32737640375881821 3.5000000000000004 21.500000000000004 64.500000000000014 63.500000000000007 12.500000000000002 87.833333333333357 69.250000000000014 4.5000000000000009 -1.0000000180025095e-35
decision_type=8 2 1 2 2 2 2 2 8 2 2 2 2 2 2 2 8 2 2 2 2 2 2 2 2 2 10 8 2 10
left_child=-1 2 3 9 27 6 8 -6 -4 -2 11 -11 14 -14 -13 -12 -17 18 20 22 -18 -22 23 25 -21 -20 -27 -5 -8 -30
right_child=1 -3 5 4 7 -7 28 -9 -10 10 15 12 13 -15 -16 16 17 -19 19 24 21 -23 -24 -25 -26 26 -28 -29 29 -31
leaf_value=0.010573828442898097 0.020611281333676335 0.005536132926883713 0.012699572100606144 0.0037168805762170781 0.013256372913965987 0.021139677654572118 -0.0015786535569844314 -0.0014309640566876566 -0.0050702765332255951 0.003771865640651044 0.023809851321405531 -0.0078949094726285113 0.025613029712243961 -0.00050330968803902068 -0.025895272273517751 0.015582946394414331 0.022212403165743584 -0.0093234125254098334 -0.016501547987140954 -0.0046991149052367899 -0.017685571763757183 0.016197236398661448 0.016286645647953398 -0.016350967726603292 0.022083875671912754 0.00033578950919710914 0.023163764678221045 -0.015299400111373176 -0.0029695128176888087 -0.010776466195285047
leaf_weight=66.941353268921375 14.182574823498724 173.66005945205688 44.358357928693295 15.746340982615946 27.436797872185707 10.338474020361899 552.34159132093191 391.46443890035152 24.766985893249512 159.72786955535412 12.391990989446638 49.033521495759487 11.304335728287695 46.852297268807888 22.117093779146671 34.189123973250389 40.78800068795681 29.668878741562366 11.622211411595343 9.1312670111656171 12.913261115550997 16.314057141542435 16.252666361629963 42.528006300330162 25.593965113162994 37.125829540193081 10.700702883303164 52.3560611307621 196.1619538962841 132.90070402622223
leaf_count=314 93 1466 223 74 133 50 2573 2126 114 727 53 223 53 212 107 161 214 197 51 47 72 84 78 195 122 173 48 267 968 751
internal_value=0.00020712 -0.00010953 -0.00059018 0.000914421 -0.00192356 -0.00228108 -0.00258174 -0.000439707 0.00635128 0.00322315 0.00276967 -0.000332108 -0.00539162 0.00492027 -0.0137717 0.00575699 0.00489703 0.00339518 0.00512162 0.00119841 0.0135547 0.00113725 -0.00297903 -0.00617787 0.0151067 0.0012498 0.00581312 -0.0109124 -0.00328873 -0.00614566
internal_weight=2290.91 2223.97 2050.31 1089.44 487.004 960.868 950.53 418.901 69.1253 602.438 588.255 289.035 129.307 58.1566 71.1506 299.22 286.828 252.639 222.97 152.955 70.0153 29.2273 118.229 101.977 34.7252 59.4487 47.8265 68.1024 881.404 329.063
internal_count=11969 11655 10189 5510 2600 4679 4629 2259 337 2910 2817 1322 595 265 330 1495 1442 1281 1084 714 370 156 545 467 169 272 221 341 4292 1719
cat_boundaries=0 1
cat_threshold=56
is_linear=0
shrinkage=0.03


Tree=117
num_leaves=31
num_cat=1
split_feature=20 22 24 26 21 8 5 20 10 22 20 11 4 5 6 14 14 18 12 5 5 6 5 1 8 14 4 2 5 2
split_gain=8.07681 7.29503 7.67106 6.48648 6.38094 5.3324 5.74369 5.5924 5.64051 4.98608 4.95244 5.10945 4.95123 4.7252 5.95525 4.7133 6.02001 5.82188 4.90154 5.46259 4.58164 7.64085 5.60761 11.3396 5.22052 5.24857 8.20468 5.17283 4.83468 4.75207
threshold=39.750000000000007 1.0000000180025095e-35 1.5000000000000002 0 -21.499999999999996 48.500000000000007 1.3638101486481538 60.750000000000007 50.500000000000007 1.7500000000000002 88.166666666666671 103.50000000000001 16.500000000000004 3.2619279743942671 2.5000000000000004 8.5000000000000018 5.5000000000000009 1.0000000180025095e-35 44.500000000000007 -2.4789185542646419 -0.36613388550587528 3.5000000000000004 -2.9665600680668684 7.5000000000000009 25.500000000000004 26.500000000000004 53.500000000000007 2.5000000000000004 -0.85889696853586239 67.500000000000014
decision_type=8 10 2 1 8 2 2 10 2 8 8 2 2 2 10 2 2 2 2 2 2 10 2 2 2 2 2 2 2 2
left_child=-1 3 -3 4 -2 6 20 13 -9 -4 12 -12 -7 14 -8 16 17 18 19 -5 21 -6 23 27 25 26 29 -23 -24 -22
right_child=1 2 9 15 5 10 7 8 -10 -11 11 -13 -14 -15 -16 -17 -18 -19 -20 -21 24 22 28 -25 -26 -27 -28 -29 -30 -31
leaf_value=0.01334052196494616 -0.020304242879471381 -0.0029386310589415245 0.028408372736870188 0.0039880514253747773 -0.0042714414399653133 0.023468875001518553 -0.014409434395503991 -0.012453322783659964 0.0090540109043965207 0.00055282093442342751 -0.0071837145417002887 0.0043695898275359956 0.0022124318709223841 0.020782426636411711 0.010984755572547978 -0.013150924206808986 0.016793487154146722 0.013484126730025022 0.016268517051349379 -0.0052156741268181159 0.0042313458746649603 -0.0019523918270524633 0.016328492493905819 0.019256569748828525 0.018437551635630916 -0.014145184588482259 0.029321147041356584 -0.027155714176104153 -0.0013886374860390899 0.023653817979520955
leaf_weight=37.065749816596508 9.900438115000723 960.77230978012085 10.621556773781776 71.733374983072281 79.892241857945919 9.8933652788400632 13.759972997009756 46.753669008612633 13.455865092575548 11.592945672571659 117.60617376863956 47.773170098662376 107.64250060915947 13.036436550319193 18.023820795118809 30.922465845942497 15.128340207040308 19.963279128074646 10.816692873835562 289.58817181736231 136.09579172730446 20.344784200191501 61.011120915412903 15.830593809485434 43.439830906689167 9.266840383410452 13.931470692157744 10.60967396199703 17.661120302975178 11.468210339546202
leaf_count=311 46 4980 48 322 367 50 79 204 60 56 637 266 473 81 133 171 79 168 53 1321 947 98 343 78 219 43 65 55 98 62
internal_value=-0.000362716 -0.000595471 -0.00252969 0.000919665 0.00248094 0.00281575 0.00460332 -0.0016581 -0.00757739 0.0145216 -0.000503302 -0.0038401 0.00418455 0.00628544 -0.000113191 -0.00200288 -0.00117528 -0.00190953 -0.00276924 -0.00338249 0.00617101 0.00294774 0.0075424 -0.000687304 0.00923301 0.00679778 0.00807917 -0.0111703 0.0123837 0.00588986
internal_weight=2275.6 2238.54 982.987 1255.55 817.397 807.497 524.581 105.03 60.2095 22.2145 282.915 165.379 117.536 44.8202 31.7838 438.152 407.23 392.102 372.138 361.322 419.552 205.35 125.457 46.7851 214.202 170.762 161.495 30.9545 78.6722 147.564
internal_count=11913 11602 5084 6518 4404 4358 2932 557 264 104 1426 903 523 293 212 2114 1943 1864 1696 1643 2375 1039 672 231 1336 1117 1074 153 441 1009
cat_boundaries=0 1
cat_threshold=58
is_linear=0
shrinkage=0.03


Tree=118
num_leaves=31
num_cat=1
split_feature=20 23 2 9 25 2 23 6 2 23 4 9 15 2 10 4 26 25 12 8 20 3 20 8 15 11 23 4 4 23
split_gain=6.24001 5.07442 7.3397 6.24791 6.22211 6.18534 7.6739 7.5792 5.36439 5.55549 6.01746 7.58074 5.13869 7.00927 6.58257 9.00932 5.29939 7.12301 7.07276 6.21108 5.43218 5.7166 7.72989 7.4483 5.53303 6.18649 5.50303 8.00197 10.1698 7.7031
threshold=20.500000000000004 -6.4999999999999991 1.0000000180025095e-35 3.5000000000000004 222.50000000000003 14.500000000000002 -183.49999999999997 21.500000000000004 23.500000000000004 -16.499999999999996 123.50000000000001 38.500000000000007 48.500000000000007 53.500000000000007 175.50000000000003 122.50000000000001 0 132.50000000000003 42.500000000000007 14.500000000000002 94.166666666666671 139.50000000000003 62.250000000000007 82.500000000000014 41.500000000000007 174.50000000000003 -53.499999999999993 25.500000000000004 16.500000000000004 -27.499999999999996
decision_type=8 10 2 2 2 2 10 10 2 10 2 2 2 2 2 2 1 2 2 2 10 2 10 2 2 2 10 2 2 10
left_child=-1 2 -2 -3 5 6 -4 8 -7 12 11 -11 16 -14 -15 -16 19 18 -18 -10 21 26 -23 -24 25 -25 27 28 -21 -28
right_child=1 3 4 -5 -6 7 -8 -9 9 10 -12 -13 13 14 15 -17 17 -19 -20 20 -22 22 23 24 -26 -27 29 -29 -30 -31
leaf_value=0.020414327101254941 0.0036467997804731293 0.00575880241158806 -0.025162008049293458 -0.021005123931737375 0.016534411445263356 0.004622493727158344 -0.0031838539344080812 0.02027135886536708 -0.011097889020531175 0.019495904214658692 0.025084940873817053 -0.0099053792668774981 0.017431231056974941 -0.016056406957993895 0.022253416825085883 -0.0070795714168452413 -0.0057446380344012204 0.014467335773092978 0.010824911829603056 0.0052375467283822547 -0.011611562775457286 -0.020838464974284775 0.019066042227662856 -0.013581237308098152 0.014811870458563052 0.0096252891150430814 -0.0036870345732616413 0.010014087027522411 -0.02193968496287968 0.0084280648131148973
leaf_weight=12.55244719237089 438.48803900182247 11.65059608966112 13.823095470666884 20.996557511389256 17.709384672343731 185.58511723577976 429.6370467171073 15.655519403517244 33.991827979683876 12.071949280798437 13.836703665554522 18.942915827035904 9.0261440202593786 57.442241862416267 10.35085319727659 54.688665300607681 308.29864986985922 17.838087826967239 24.150377012789249 41.877385415136814 24.5565465092659 18.664919957518578 14.251279927790163 41.807286866009235 10.538651168346403 12.837235473096369 139.64027210325003 186.83864437788725 16.448213115334511 70.121567852795124
leaf_count=127 2291 61 69 102 89 916 2137 113 200 57 71 94 46 321 58 352 1670 85 127 224 154 110 70 219 60 76 707 934 81 356
internal_value=0.000118191 -2.88671e-06 0.000170807 -0.0115667 -0.000677219 -0.000857351 -0.00392401 0.000160108 -9.28528e-05 -0.000865066 0.00936686 0.00179002 -0.00129297 -0.00683175 -0.00874647 -0.00214503 -0.000529386 -0.00341009 -0.00451211 0.00116018 0.00191958 0.00254029 -0.00399886 0.000167864 -0.00418958 -0.0080545 0.00395605 0.00699857 -0.00266725 0.000383711
internal_weight=2284.32 2271.77 2239.12 32.6472 1800.63 1782.92 443.46 1339.46 1323.81 1138.22 44.8516 31.0149 1093.37 131.508 122.482 65.0395 961.861 350.287 332.449 611.574 577.582 553.025 98.0994 79.4345 65.1832 54.6445 454.926 245.164 58.3256 209.762
internal_count=11977 11850 11687 163 9396 9307 2206 7101 6988 6072 222 151 5850 777 731 410 5073 1882 1797 3191 2991 2837 535 425 355 295 2302 1239 305 1063
cat_boundaries=0 1
cat_threshold=56
is_linear=0
shrinkage=0.03


Tree=119
num_leaves=31
num_cat=2
split_feature=20 12 8 23 4 26 13 10 11 10 22 8 11 26 23 8 11 11 14 4 4 23 20 13 15 3 21 3 2 14
split_gain=7.29664 9.83917 8.93311 6.4226 6.52177 6.06876 6.00996 13.1833 8.60425 7.81423 5.91955 10.4801 9.21741 7.15729 6.18959 8.54884 5.98664 5.71117 5.40952 4.66929 4.52294 4.51195 4.06442 4.05487 6.57255 13.118 5.52459 5.93017 4.97799 7.32155
threshold=88.583333333333357 5.5000000000000009 26.500000000000004 -137.49999999999997 259.50000000000006 0 98.500000000000014 91.500000000000014 11.500000000000002 135.50000000000003 -0.74999999999999989 28.500000000000004 43.500000000000007 1 -89.499999999999986 267.50000000000006 69.500000000000014 208.50000000000003 4.5000000000000009 63.500000000000007 159.50000000000003 -22.499999999999996 41.250000000000007 125.50000000000001 16.500000000000004 70.500000000000014 1.0000000180025095e-35 186.50000000000003 154.50000000000003 26.500000000000004
decision_type=10 2 2 8 2 1 2 2 2 2 8 2 2 1 10 2 2 2 2 2 2 8 8 2 2 2 10 2 2 2
left_child=3 2 -2 4 -1 6 7 8 -3 -9 11 12 -5 18 15 -15 -14 -8 19 -12 -20 -18 -16 24 28 -26 27 -27 29 -24
right_child=1 5 -4 10 -6 -7 17 9 -10 -11 13 -13 16 14 22 -17 21 -19 20 -21 -22 -23 23 -25 25 26 -28 -29 -30 -31
leaf_value=-0.0058074499422724433 0.022905608474075564 0.0061702226390530201 -0.010752972542194887 0.0078930415986512379 0.015123935044426589 -0.013017900984648438 -0.019064678737663415 0.030094695365727002 -0.019324503366028964 -0.0025769954935691702 -0.010803712803036486 0.015030121224244368 -0.023790293434525149 0.0062814410001766777 0.01565255575719543 -0.018521932714458164 -0.0062806252237335575 0.0058967379921009049 -0.027184148686557233 0.011209033191007613 9.788280462547982e-05 0.015836460971812731 0.00064477444102741693 0.0072910720638147773 -0.015895252462198067 0.006312878113658704 -0.015768083011166723 -0.0099941444291384192 0.010869227191872876 -0.022515707753807537
leaf_weight=177.06261701881886 19.034426584839824 22.68172162771225 10.246669098734854 85.491427518427372 13.535084404051302 78.297870948910713 26.247356049716473 18.069931097328666 23.265993520617485 9.8401882871985418 19.920038066804409 76.283456660807133 13.797079630196093 283.68695641309023 14.529729872941969 12.128956936299799 42.656763441860676 11.270223893225191 18.944470971822742 13.830844298005102 7.5254471749067298 9.2641685232520086 951.62778250873089 67.857707560062408 66.767522014677525 89.45928243547678 15.661422468721865 24.838842861354351 41.239705331623554 11.445001848042009
leaf_count=957 92 98 58 412 74 533 176 97 114 62 100 373 76 1507 103 69 211 88 114 70 50 44 4833 359 328 429 83 125 238 62
internal_value=0.000427228 -0.00476668 0.0111609 0.000981984 -0.00424985 -0.00727116 -0.00182999 0.00298114 -0.00687588 0.018885 0.00151809 0.00604216 0.00143887 0.000887029 0.00129304 0.00520548 -0.00694971 -0.0116079 -0.00844014 -0.00172009 -0.0197066 -0.00210963 0.000397985 0.000211121 -0.000194623 -0.00519443 0.000382581 0.00271315 0.000788944 0.00034647
internal_weight=2276.51 218.954 29.2811 2057.55 190.598 189.673 111.375 73.8578 45.9477 27.9101 1866.96 227.493 151.209 1639.46 1579.24 295.816 65.718 37.5176 60.2208 33.7509 26.4699 51.9209 1283.43 1268.9 1201.04 196.727 129.96 114.298 1004.31 963.073
internal_count=11935 1318 150 10617 1031 1168 635 371 212 159 9586 1116 743 8470 8136 1576 331 264 334 170 164 255 6560 6457 6098 965 637 554 5133 4895
cat_boundaries=0 1 2
cat_threshold=32 1
is_linear=0
shrinkage=0.03


Tree=120
num_leaves=31
num_cat=1
split_feature=8 1 4 11 15 8 22 20 20 14 9 5 5 10 9 15 20 4 4 10 8 8 8 11 1 9 12 26 5 12
split_gain=8.04048 5.96323 9.08391 5.66924 4.65957 4.56064 6.79085 4.54246 4.08306 4.84944 4.32021 3.71793 4.04704 12.4057 5.93559 5.05666 8.40358 6.5683 10.6125 5.92038 5.05184 7.573 5.1189 4.91065 4.78822 4.24247 7.5482 4.61044 7.76775 5.60527
threshold=236.50000000000003 30.500000000000004 193.50000000000003 128.50000000000003 104.50000000000001 310.50000000000006 2.7500000000000004 39.750000000000007 94.166666666666671 2.5000000000000004 214.50000000000003 4.0971146524099096 0.72749243065792724 183.50000000000003 1.0000000180025095e-35 28.500000000000004 66.250000000000014 212.50000000000003 259.50000000000006 81.500000000000014 92.500000000000014 104.50000000000001 88.500000000000014 69.500000000000014 21.500000000000004 159.50000000000003 10.500000000000002 0 0.50482547990470061 20.500000000000004
decision_type=2 2 2 2 2 2 10 8 10 2 2 2 2 2 2 2 8 2 2 2 2 2 2 2 2 2 2 1 2 2
left_child=7 2 3 -2 -3 -4 -7 -1 11 -10 -11 12 15 14 -14 19 -17 -18 -19 20 22 -22 24 -20 25 27 -27 28 29 -9
right_child=1 4 5 -5 -6 6 -8 8 9 10 -12 -13 13 -15 -16 16 17 18 23 -21 21 -23 -24 -25 -26 26 -28 -29 -30 -31
leaf_value=0.011244297160577451 -0.017129582077229911 -0.018358579331248723 -0.0040788842235520845 0.006572733690108936 0.0069643466374205206 0.025029599076137502 -0.0034877669855515703 0.0024579828497245711 0.010142414642747578 -0.017629832633531625 0.0052466669296692622 0.011778430625820076 0.0053758800975070931 0.028476055291299804 -0.0046406767305090723 0.011110096774599404 -0.01018191378974335 0.023303897117138556 -0.021617100308679464 0.0062548181373296742 -0.018413613771655478 -0.00075408966044704135 0.021868380993054114 0.0042965839385964875 -0.010639767632329981 0.024131310158285065 -0.0046489842498506524 0.00078706828297999353 0.029298358626296182 0.026704719685768513
leaf_weight=36.349840193986893 35.65432770550251 42.787121266126633 20.394439473748207 11.473383739590643 7.1467969566583625 18.274636909365658 11.958400450646876 93.059015363454819 10.111010208725927 30.693065032362938 9.1963352635502797 26.880318127572536 63.249738052487373 10.662081241607664 312.7899898737669 28.978695154190063 106.56827016919851 14.806833818554876 11.36037949472666 242.31042385101318 26.439086087048054 107.85734870284796 10.337239935994146 13.495445534586905 27.05072420835495 19.018188327550888 13.422710403800009 888.92596857249737 12.171350024640558 8.4878601804375631
leaf_count=307 208 297 113 66 50 103 71 591 49 194 70 134 333 56 1568 129 592 79 61 1281 127 533 48 76 139 94 71 4383 61 43
internal_value=0.000402167 -0.0063424 -0.00198383 -0.0113425 -0.0146687 0.00677885 0.0139993 0.000873855 0.000688009 -0.00769708 -0.0123564 0.000897416 0.000746191 -0.00200853 -0.00294611 0.00140285 -0.00339788 -0.00632887 0.00401956 0.00198525 0.00112349 -0.00434114 0.00181118 -0.00792528 0.00159559 0.00192531 0.0124403 0.00157304 0.00697945 0.00472531
internal_weight=2271.91 147.689 97.7552 47.1277 49.9339 50.6275 30.233 2124.22 2087.87 50.0004 39.8894 2037.87 2010.99 386.702 376.04 1624.29 175.21 146.231 39.6627 1449.08 1206.77 134.296 1072.47 24.8558 1062.14 1035.09 32.4409 1002.64 113.718 101.547
internal_count=11927 908 561 274 347 287 174 11019 10712 313 264 10399 10265 1957 1901 8308 937 808 216 7371 6090 660 5430 137 5382 5243 165 5078 695 634
cat_boundaries=0 1
cat_threshold=8
is_linear=0
shrinkage=0.03


Tree=121
num_leaves=31
num_cat=1
split_feature=25 5 20 5 0 3 1 13 0 23 1 20 21 26 23 23 23 9 12 12 23 5 4 3 2 23 9 4 8 5
split_gain=8.05771 6.29263 6.00981 7.04978 7.27085 7.20628 6.03457 9.7646 7.47061 6.39932 5.77362 5.66318 6.22084 6.04704 8.51294 8.80775 11.0173 5.38341 5.42211 8.50398 5.21973 7.54123 8.49974 6.15975 5.52661 5.05397 5.0003 4.96943 4.80674 4.77992
threshold=82.500000000000014 4.0971146524099096 62.750000000000007 1.0007400001050621 142.50000000000003 182.50000000000003 6.5000000000000009 13.500000000000002 18.500000000000004 -26.499999999999996 29.500000000000004 82.125000000000014 14.500000000000002 0 -25.499999999999996 -36.499999999999993 -44.499999999999993 70.500000000000014 23.500000000000004 4.5000000000000009 -134.49999999999997 -1.1394342831883644 58.500000000000007 246.50000000000003 408.50000000000006 -38.499999999999993 1.5000000000000002 9.5000000000000018 59.500000000000007 -0.74833622438484826
decision_type=2 2 10 2 2 2 2 2 2 10 2 10 8 1 10 10 10 2 2 2 8 2 2 2 2 8 2 2 2 2
left_child=1 11 6 -4 -5 -6 8 9 -2 -8 17 13 28 14 15 16 -1 18 19 -9 21 22 -15 24 -22 -18 -23 -21 -13 -16
right_child=2 -3 3 4 5 -7 7 10 -10 -11 -12 12 -14 20 29 -17 25 -19 -20 27 23 26 -24 -25 -26 -27 -28 -29 -30 -31
leaf_value=-0.0089100100657277127 0.002199038177659725 0.014641267603377781 0.0016538781532316092 0.0041137006056246803 -0.02077278735844687 0.0051919245979853892 -0.0026867978974103148 0.019247094706528411 0.021006325767591112 -0.028647681332203172 -0.013574335383619804 -0.02606906924891567 -0.003609536975733092 -0.015090029905907677 0.013815508578832387 -0.021550089702837942 0.022978056908405421 0.019596360182313064 0.023010466188260695 -0.025948161815827951 0.0010165390893412043 0.0072852278138854443 0.017152224960369482 -0.012744599230494228 0.022818982385540022 -0.0021940096438484193 -0.015517640590147859 -0.0008310931959027931 -0.0076996766672849789 -0.0017361067817130034
leaf_weight=134.29715855419636 34.134086236357689 19.660824373364449 442.44765883684158 28.380615055561066 39.146186493337154 12.196005888283251 41.583225920796394 15.422831021249293 42.64231214672327 9.8411150202155095 9.673542842268942 20.357514075934887 225.65327956527472 10.518723845481874 24.525766626000404 36.53202598541975 14.786683537065981 32.604885645210743 11.155382238328455 8.0118288248777372 796.85925165563822 9.5803211554884893 19.615090996026993 28.104398645460606 9.6065614223480207 12.87144383788109 56.438466772437096 33.568805903196335 35.358571790158749 58.072990253567696
leaf_count=661 293 101 2137 125 182 62 227 92 284 55 49 131 1313 57 106 167 68 169 57 51 4113 72 96 144 55 61 293 192 245 258
internal_value=-0.000541529 -0.00180768 0.00197523 0.000169803 -0.00798501 -0.0146237 0.00590854 0.00259045 0.0127806 -0.00810664 0.00759952 -0.00203392 -0.00586053 -0.00114132 -0.00490236 -0.00843164 -0.00535844 0.00974567 0.00481822 0.000922729 5.0662e-05 -0.00653047 0.00577433 0.000816403 0.00130419 0.0115958 -0.0121493 -0.00616643 -0.0147528 0.0029916
internal_weight=2273.65 1512.84 760.808 522.17 79.7228 51.3422 238.638 161.862 76.7764 51.4243 110.437 1493.18 281.369 1211.81 281.086 198.487 161.955 100.764 68.1588 57.0035 930.723 96.1526 30.1338 834.57 806.466 27.6581 66.0188 41.5806 55.7161 82.5988
internal_count=11916 7941 3975 2506 369 244 1469 892 577 282 610 7840 1689 6151 1321 957 790 561 392 335 4830 518 153 4312 4168 129 365 243 376 364
cat_boundaries=0 1
cat_threshold=65
is_linear=0
shrinkage=0.03


Tree=122
num_leaves=31
num_cat=2
split_feature=23 2 20 20 26 25 26 23 1 8 4 12 13 23 4 5 5 6 6 23 23 2 12 2 23 13 5 13 25 20
split_gain=8.42766 6.40587 6.77752 6.22034 6.1199 6.88249 6.10993 5.48496 5.4393 7.09525 6.40544 6.13222 7.91243 7.21351 6.96485 5.37871 5.76735 5.24527 6.40498 5.60906 5.22634 5.20528 6.1883 5.19295 6.81793 5.96759 5.71191 6.59499 5.02584 5.24265
threshold=2.5000000000000004 1.0000000180025095e-35 29.500000000000004 94.583333333333357 0 147.50000000000003 1 -8.4999999999999982 29.500000000000004 10.500000000000002 156.50000000000003 42.500000000000007 60.500000000000007 -20.499999999999996 16.500000000000004 0.66079911157425786 1.5720471126025024 18.500000000000004 15.500000000000002 -31.499999999999996 -27.499999999999996 359.50000000000006 6.5000000000000009 5.5000000000000009 -103.49999999999999 1.5000000000000002 1.6094379124341009 12.500000000000002 65.000000000000014 78.583333333333357
decision_type=10 2 8 10 1 2 1 10 2 2 2 2 2 10 2 2 2 10 10 8 10 2 2 2 10 2 2 2 2 10
left_child=1 6 -3 4 -4 8 20 15 10 -10 11 12 13 23 -15 17 -17 18 19 28 -1 22 -5 24 -6 -25 -27 -28 -8 -30
right_child=-2 2 3 21 5 -7 7 -9 9 -11 -12 -13 -14 14 -16 16 -18 -19 -20 -21 -22 -23 -24 25 -26 26 27 -29 29 -31
leaf_value=-0.008067628294020841 -0.023900955139754061 0.022834216856308466 0.0014557201610615647 0.0075139360571779678 -0.021518369899390946 0.0096316314360406618 0.0012112939771583063 -0.013230281128649246 0.0064613875236433169 -0.020807186542589142 0.0052478601230873849 0.012474801864211469 -0.026950412736199074 -0.0027812346042211215 -0.022921091628225775 -0.011020090970382961 0.0061629435957663787 -0.01037388920325389 0.032458696857630275 0.015010808183529501 0.0051163169754616664 0.010889571279408674 -0.019362197003157229 0.010636951533200838 -0.0037807187698706756 -0.00080491053791338293 -0.024861134140081696 -0.00019410663907246204 0.017679089254417069 -0.0029776562724122876
leaf_weight=66.624332085251808 12.020300522446631 10.139872953295706 868.45378016680479 9.0132336989045125 25.141753382980824 41.839639790356159 107.34408936649561 12.556703031063078 11.4003764167428 29.524162210524082 92.300533950328827 21.022891893982887 11.858340479433535 31.26913321018219 30.176191240549088 29.258694380521774 40.977072477340698 12.09396507591009 9.3737635314464551 73.92230186611414 44.240176156163216 8.0297982245683652 38.399113312363625 36.441897235810757 79.205142945051193 426.11182486265898 18.946660563349724 19.122743763029575 40.923526011407375 14.666521221399305
leaf_count=286 62 102 4529 49 125 205 586 64 70 199 496 107 69 144 153 148 225 90 56 400 188 63 257 175 381 2178 97 96 255 65
internal_value=0.000165925 0.000304421 -0.000494451 -0.000638613 -0.000320989 -0.00207823 0.00349478 0.00538791 -0.00270251 -0.013238 -0.00214182 -0.00312329 -0.0036244 -0.00316958 -0.0128807 0.00630093 -0.00104935 0.00829574 0.00925097 0.00819991 -0.00257749 -0.0104405 -0.0142033 -0.00216361 -0.00821819 -0.000887762 -0.00181346 -0.0127927 0.00503713 0.0122728
internal_weight=2272.4 2260.38 1808.4 1798.26 1742.82 874.361 451.981 341.117 832.522 40.9245 791.597 699.297 678.274 666.415 61.4453 328.56 70.2358 258.324 246.23 236.856 110.865 55.4421 47.4123 604.97 104.347 500.623 464.181 38.0694 162.934 55.59
internal_count=11920 11858 9495 9393 9024 4495 2363 1889 4290 269 4021 3525 3418 3349 297 1825 373 1452 1362 1306 474 369 306 3052 506 2546 2371 193 906 320
cat_boundaries=0 1 2
cat_threshold=40 64
is_linear=0
shrinkage=0.03


Tree=123
num_leaves=31
num_cat=2
split_feature=20 26 2 20 23 0 3 23 0 20 14 3 23 22 13 13 23 20 5 9 11 5 26 22 5 2 13 9 22 21
split_gain=5.90927 5.59446 5.3008 4.91167 5.04674 8.08286 5.47521 4.71609 5.67126 4.2834 5.31906 4.73539 6.43052 6.36472 5.8992 6.50277 6.34684 6.09441 6.40316 5.83639 5.66744 5.35912 6.13313 7.8292 6.53492 5.63058 5.51999 7.06025 5.2544 5.00898
threshold=92.416666666666671 0 10.500000000000002 29.500000000000004 -183.49999999999997 125.50000000000001 24.500000000000004 -6.4999999999999991 54.500000000000007 62.750000000000007 2.5000000000000004 4.5000000000000009 -84.499999999999986 7.2500000000000009 123.50000000000001 101.50000000000001 -21.499999999999996 90.416666666666671 -0.10110072102849464 19.500000000000004 96.500000000000014 -0.76590749908646683 1 3.7500000000000004 -0.018928763464095329 22.500000000000004 28.500000000000004 232.50000000000003 1.2500000000000002 -23.499999999999996
decision_type=10 1 2 8 8 2 2 10 2 8 2 2 10 10 2 2 10 10 2 2 2 2 1 10 2 2 2 2 8 10
left_child=1 -1 -2 -3 5 -5 -7 9 -9 10 -6 13 19 20 15 17 -16 -14 -19 -13 -11 -21 26 24 25 -24 -23 -28 -17 -29
right_child=2 3 -4 4 7 6 -8 8 -10 11 -12 12 14 -15 16 28 -18 18 -20 21 -22 22 23 -25 -26 -27 27 29 -30 -31
leaf_value=-0.0071298735586321519 0.0084961645698620834 0.01756716126876906 -0.010475170457156376 -0.026383491132847832 -0.0016410668015783569 0.013935852718679092 -0.0087365986850202523 0.0063919957247767813 -0.020867528732361949 0.0011124204153621336 0.0068402039487482826 0.010228511685952407 -0.0028946402784559627 0.017392073579163447 0.0022761505680001901 -0.0033414738257682652 0.027654867437422497 -0.0017266295610014015 0.029423912704543205 0.0072511650991300596 0.016496191339879902 0.019693129944377469 0.013368590736377911 0.01225351982996927 -0.024366237648332942 -0.014642041450926093 -0.0036391270205165119 0.026303110893296899 -0.026421855488396553 -0.0025839924625877838
leaf_weight=80.26081383228302 15.041465058922766 13.996610797941683 80.647893458604813 15.200843952596186 98.617636829614639 13.232793763279913 28.396589867770672 10.049970805644991 18.370796173810959 452.62564760074019 201.58019392192364 70.754087649285793 720.87194134294987 23.983215279877186 64.99390609562397 17.41399060934782 9.3140182346105558 12.768359154462816 9.9369236156344396 77.058188021183014 21.64379508793354 13.163269750773905 9.9304799661040324 10.844418801367281 28.654643923044205 14.869727939367293 95.91315919905901 12.755363434553148 17.839146755635738 8.624180503189562
leaf_count=453 77 146 550 86 494 65 147 53 89 2463 971 351 3627 107 367 84 50 64 52 383 96 66 50 66 160 90 479 66 104 51
internal_value=-0.000179162 0.000143573 -0.00743603 0.000457565 0.00033621 -0.00840244 -0.00137183 0.000585779 -0.0113386 0.000761323 0.00405783 0.000175076 -0.000848932 0.00262927 -0.00224247 -0.00301453 0.00578219 -0.0024061 0.0125725 0.00261798 0.00184771 0.000606701 -0.0020459 -0.00881385 -0.0148529 -0.00334261 0.00186051 -0.000133053 -0.0154275 0.0150557
internal_weight=2269.35 2173.66 95.6894 2093.4 2079.41 56.8302 41.6294 2022.58 28.4208 1994.16 300.198 1693.96 1195.71 498.253 853.138 778.83 74.3079 743.577 22.7053 342.568 474.269 271.813 194.755 64.2993 53.4549 24.8002 130.456 117.293 35.2531 21.3795
internal_count=11907 11280 627 10827 10681 298 212 10383 142 10241 1465 8776 6110 2666 4348 3931 417 3743 116 1762 2559 1411 1028 366 300 140 662 596 188 117
cat_boundaries=0 1 2
cat_threshold=1 40
is_linear=0
shrinkage=0.03


Tree=124
num_leaves=31
num_cat=1
split_feature=20 26 1 23 20 2 10 22 2 6 3 11 4 13 22 4 2 11 6 0 3 13 23 0 0 10 9 2 21 3
split_gain=8.17089 7.26663 5.64021 5.47397 8.01066 6.35924 6.12693 6.11522 5.44561 7.82137 6.36759 6.32346 6.26714 8.34044 6.7717 6.2828 6.00329 5.90576 5.64823 5.48502 5.39624 4.92374 4.83376 5.46356 4.44871 4.37256 4.22852 7.69766 4.9914 5.85546
threshold=75.583333333333357 0 19.500000000000004 -54.499999999999993 95.833333333333357 242.50000000000003 309.50000000000006 113.25000000000001 15.500000000000002 1.5000000000000002 94.500000000000014 128.50000000000003 10.500000000000002 22.500000000000004 -1.7499999999999998 2.5000000000000004 10.500000000000002 41.500000000000007 8.5000000000000018 335.50000000000006 1.5000000000000002 8.5000000000000018 -49.499999999999993 167.50000000000003 292.50000000000006 12.500000000000002 214.50000000000003 176.50000000000003 19.500000000000004 109.50000000000001
decision_type=10 1 2 10 10 2 2 10 2 10 2 2 2 2 8 2 2 2 10 2 2 2 10 2 2 2 2 2 10 2
left_child=1 26 8 4 6 7 -2 22 9 17 12 16 15 -14 -15 25 -11 -3 21 -16 -18 -17 23 -5 -19 -10 28 -28 29 -1
right_child=3 2 -4 5 -6 -7 -8 -9 10 11 -12 -13 13 14 19 18 20 24 -20 -21 -22 -23 -24 -25 -26 -27 27 -29 -30 -31
leaf_value=0.0047129837922652322 0.001784839037914379 0.008182746144514275 -0.0063053286825862651 0.0017716924320981113 -0.016997861253127626 0.0065525273901362148 -0.019547948467559608 -0.026760350383253594 0.019585048271671651 -0.0024289694778339491 -0.014337310072839121 0.017037413916797608 0.011759833494597558 0.016125520200399396 0.00051816279879633221 -0.033223614366168851 -0.0031897417110673004 -0.018819457882314341 0.0065119366490578347 -0.020598291245790129 -0.023121173043421536 -0.0073676257192629054 -0.0040578865141304892 -0.02146817174798811 0.0064417974289256398 0.00046475600927243057 0.027576072542716441 0.0019870863930596073 0.024629273170328012 -0.0044059808572803547
leaf_weight=332.83466550335288 367.63698783516884 108.3063600435853 118.31470486521721 12.66368682682514 22.402134567499161 38.979233793914318 11.53144560754299 11.476800180971621 12.780242905020712 366.47304372489452 15.671683341264723 12.606337338685988 141.30839893221855 14.135473340749739 31.601274900138378 10.236062079668047 24.035238087177277 13.530503928661348 11.945241950452326 16.001389905810356 24.686422355473042 18.088526666164398 324.78460345417261 30.132200688123703 10.348770543932913 49.420153737068176 18.152323327958584 24.01707524061203 8.8465336114168149 77.387037932872772
leaf_count=1968 1945 602 681 59 143 255 88 72 65 1765 88 66 681 69 152 50 118 63 55 84 118 88 1661 165 54 241 80 108 44 356
internal_value=-6.93993e-05 0.00127557 -0.000181919 -0.00246507 3.77757e-05 -0.00486368 0.00108634 -0.00605178 0.00064442 -0.00114164 0.00375226 -0.00311221 0.00472393 0.00776433 -0.00142241 -0.00131749 -0.00376347 0.00521135 -0.0104105 -0.00685779 -0.0135506 -0.0175259 -0.00533436 -0.0147079 -0.00805288 0.00464111 0.00433755 0.0133858 0.00350062 0.00298619
internal_weight=2280.33 1460.73 999.49 819.607 401.571 418.037 379.168 379.057 881.175 559.987 321.188 427.801 305.517 203.047 61.7381 102.47 415.195 132.186 40.2698 47.6027 48.7217 28.3246 367.58 42.7959 23.8793 62.2004 461.238 42.1694 419.068 410.222
internal_count=11984 7596 5040 4388 2176 2212 2033 1957 4359 2786 1573 2067 1485 986 305 499 2001 719 193 236 236 138 1885 224 117 306 2556 188 2368 2324
cat_boundaries=0 1
cat_threshold=40
is_linear=0
shrinkage=0.03


Tree=125
num_leaves=31
num_cat=0
split_feature=23 6 23 20 3 22 2 5 10 11 8 3 13 23 23 24 4 10 0 5 22 13 0 4 15 15 15 6 5 22
split_gain=8.77311 7.00597 8.08346 8.14461 7.86878 5.61961 9.8992 7.77452 8.29304 7.08302 6.02805 4.9597 6.24889 9.36926 4.93259 4.75289 5.65225 4.73464 7.64265 6.93329 5.87008 7.37867 5.24681 5.02502 6.48146 6.87898 5.11156 5.42276 4.67292 5.52317
threshold=2.5000000000000004 1.5000000000000002 -183.49999999999997 45.250000000000007 20.500000000000004 1.2500000000000002 6.5000000000000009 -0.25732659669698749 160.50000000000003 354.50000000000006 234.50000000000003 175.50000000000003 9.5000000000000018 -50.499999999999993 -201.49999999999997 1.5000000000000002 9.5000000000000018 101.50000000000001 447.50000000000006 -0.19125463855996824 1.0000000180025095e-35 96.500000000000014 552.50000000000011 199.50000000000003 53.500000000000007 15.500000000000002 28.500000000000004 2.5000000000000004 -2.9665600680668684 -1.7499999999999998
decision_type=10 8 8 8 2 8 2 2 2 2 2 2 2 10 10 2 2 2 2 2 10 2 2 2 2 2 2 10 2 8
left_child=1 5 14 4 28 7 -7 -1 -9 11 -10 12 13 -8 -3 17 -17 20 -19 23 -5 -22 -21 26 25 -25 27 -20 -4 -30
right_child=-2 2 3 15 -6 6 9 8 10 -11 -12 -13 -14 -15 -16 16 -18 18 19 22 21 -23 -24 24 -26 -27 -28 -29 29 -31
leaf_value=-0.0046685910734700856 -0.02527591288644352 -0.00035351394562456131 0.018660356429311936 0.0021532258602287913 0.029052767839132836 0.0075260795814770381 -0.0021102789249090878 0.0011869135611878663 0.021761159981265113 0.018910869249410923 -0.0045068386242310731 -0.015049894194728016 -0.0035155910836479009 -0.0350885866805127 -0.02097325409854827 -0.002436354781092092 0.020450417662760387 0.022411887830754623 0.0208864178956546 -0.023873718585566275 -0.002848310379662287 0.016142294670694207 -0.00028412217218149745 0.0050976666776584561 -0.0031438247609114527 0.036347155207757144 -0.014687489060942074 -0.0038281269189630396 -0.02112803529632545 0.010809376360336525
leaf_weight=153.42814603447914 11.0614161118865 19.443400345742702 10.749829716980459 798.82816509157419 18.040490612387657 49.084267146885395 16.294373720884327 174.52292117476463 33.084091581404209 8.3407815247774106 9.8245915845036489 63.96470945328474 191.58527900278568 14.032533079385756 21.639131918549538 15.567080430686472 23.991089202463627 21.399562649428844 14.20731418579817 9.9677529484033567 449.2802891805768 18.211870260536671 37.609641164541245 10.78680942207575 10.473688833415506 15.780550561845301 11.514767065644262 16.29155720770359 8.8692111596465093 8.739754758775236
leaf_count=753 57 106 84 4196 140 247 93 852 170 58 59 437 1122 80 118 100 119 114 74 51 2122 94 209 62 58 78 62 88 64 55
internal_value=0.000241978 0.000378266 0.00151611 0.00187868 0.0141183 -0.00207625 -0.0048363 0.000484842 0.00412603 -0.00691722 0.015781 -0.00773408 -0.00556729 -0.0180026 -0.0114547 0.00147863 0.0116059 0.00118738 0.00624543 0.00335926 0.000591639 -0.00207563 -0.00561601 0.00876352 0.0166646 0.0243045 0.0015721 0.00798226 0.00395178 -0.00554767
internal_weight=2266.62 2255.55 1541.39 1500.31 46.3993 714.162 343.302 370.86 217.432 294.218 42.9087 285.877 221.912 30.3269 41.0825 1453.91 39.5582 1414.35 148.032 126.632 1266.32 467.492 47.5774 79.0547 37.041 26.5674 42.0136 30.4989 28.3588 17.609
internal_count=11922 11865 7994 7770 343 3871 2037 1834 1081 1790 229 1732 1295 173 224 7427 219 7208 796 682 6412 2216 260 422 198 140 224 162 203 119
is_linear=0
shrinkage=0.03


Tree=126
num_leaves=31
num_cat=2
split_feature=20 26 23 23 20 12 12 12 25 21 21 6 20 5 10 0 10 26 11 23 23 5 5 9 12 5 10 10 6 9
split_gain=6.4905 5.40031 9.36545 6.03626 5.68213 8.1367 6.26547 6.53475 5.7467 5.10369 5.30351 4.74522 5.21089 4.36371 4.26452 7.59419 4.23279 4.45243 5.52758 7.28335 4.9716 4.01341 6.14259 4.00237 3.95737 7.63178 5.25563 8.76557 8.26371 5.38633
threshold=20.500000000000004 0 -25.499999999999996 -2.4999999999999996 86.833333333333357 5.5000000000000009 40.500000000000007 50.500000000000007 222.50000000000003 19.500000000000004 1.5000000000000002 36.500000000000007 49.250000000000007 4.0971146524099096 50.500000000000007 253.50000000000003 298.50000000000006 1 50.500000000000007 -30.499999999999996 -127.49999999999999 -1.9056538841968973 -0.17910010674083063 172.50000000000003 2.5000000000000004 -0.30459979925220132 13.500000000000002 45.500000000000007 1.5000000000000002 72.500000000000014
decision_type=8 1 8 10 10 2 2 2 2 10 10 8 10 2 2 2 2 1 2 10 10 2 2 2 2 2 2 2 10 2
left_child=-1 2 -2 4 8 -6 14 -8 9 10 11 13 -13 24 15 -7 17 18 23 20 -20 -4 -23 -16 25 26 -3 29 -29 -28
right_child=1 3 21 -5 5 6 7 -9 -10 -11 -12 12 -14 -15 16 -17 -18 -19 19 -21 -22 22 -24 -25 -26 -27 27 28 -30 -31
leaf_value=0.021421339573809255 -0.0069888545119131482 0.0096463256231833772 0.017697119707378962 -0.017134733719537013 0.0081310526168618686 -0.0064785061506451433 0.024424626633929317 -0.0059381328640042575 0.018910955886998794 0.016867178325622983 -0.0075580875823030051 0.017598107140984757 -0.012863446109781837 0.014606467701264572 0.0033566921824186836 -0.030224899944891304 -0.024602548205555498 -0.0091988201031422551 0.0077571019803850628 0.012873408013837292 -0.015221749103413737 -0.012555470311199825 0.0064682589878457385 0.024946540400011912 0.0016784431770899757 -0.0069257884593454978 -0.0037145098027125227 0.028213570839161217 0.00033744729370046005 -0.025102477333389998
leaf_weight=11.621737755835055 231.59525792300701 56.533700041472912 15.560181975364683 16.400986097753048 46.388044372200966 38.890988633036613 11.326417595148088 12.579077258706091 15.51168819516897 17.316742584109306 62.512223176658154 27.538926027715206 5.3807078003883353 20.038845546543598 24.653350301086903 17.139679260551929 7.9818983003497115 56.104104697704315 10.224548354744909 15.609069772064684 37.030198000371456 19.900366745889187 55.833615452051163 10.521038420498369 1152.4940246790648 153.34948489069939 70.299749292433262 13.406632050871847 28.587179273366928 11.594045616686342
leaf_count=127 1139 306 66 85 242 191 83 91 81 88 312 314 24 105 115 87 69 405 59 95 238 93 249 54 5750 893 337 78 146 55
internal_value=-3.19236e-05 -0.000151548 -0.00367579 0.000453395 0.000614585 -0.00326031 -0.00546781 0.00885081 0.00129996 0.00111966 0.000938993 0.00128877 0.0123867 0.00103817 -0.00707007 -0.0141451 -0.0045532 -0.0033631 0.00087602 -0.00435303 -0.0101921 0.0043152 0.00137098 0.0103255 0.000845534 -0.00202688 0.00215217 -0.00131749 0.0096862 -0.00700879
internal_weight=2273.92 2262.3 322.889 1939.41 1923.01 288.448 242.06 23.9055 1634.56 1619.05 1601.74 1539.22 32.9196 1506.3 218.155 56.0307 162.124 154.142 98.0382 62.8638 47.2547 91.2942 75.734 35.1744 1486.26 333.771 180.421 123.888 41.9938 81.8938
internal_count=11977 11850 1547 10303 10218 1729 1487 174 8489 8408 8320 8008 338 7670 1313 278 1035 966 561 392 297 408 342 169 7565 1815 922 616 224 392
cat_boundaries=0 1 2
cat_threshold=65 32
is_linear=0
shrinkage=0.03


Tree=127
num_leaves=31
num_cat=1
split_feature=22 26 22 8 5 11 3 10 3 5 5 12 23 9 13 0 0 8 15 3 11 8 13 0 9 13 23 9 3 10
split_gain=6.84272 5.86372 7.05306 5.88863 4.47478 4.28615 4.25188 12.5918 5.16217 4.23984 8.37253 5.53354 6.3452 5.44942 4.63097 4.46379 6.04022 4.15862 5.79318 8.40996 4.92027 5.47117 6.01725 5.28276 4.75395 5.90354 4.68531 4.49445 4.4728 5.76411
threshold=-2.4999999999999996 0 -0.74999999999999989 230.50000000000003 0.28768207245178107 129.50000000000003 246.50000000000003 216.50000000000003 263.50000000000006 0.098847515454296722 0.037214401875985022 25.500000000000004 -68.499999999999986 364.50000000000006 36.500000000000007 151.50000000000003 225.50000000000003 179.50000000000003 1.5000000000000002 7.5000000000000009 1.0000000180025095e-35 59.500000000000007 13.500000000000002 331.50000000000006 13.500000000000002 14.500000000000002 -60.499999999999993 71.500000000000014 1.5000000000000002 44.500000000000007
decision_type=8 1 10 2 2 2 2 2 2 2 2 2 10 2 2 2 2 2 2 2 2 2 2 2 2 2 8 2 2 2
left_child=4 2 -2 9 -1 -5 7 -4 -8 10 13 15 -13 17 -14 -11 -17 18 28 24 -21 26 23 -23 -20 -26 -22 -19 29 -3
right_child=1 3 6 5 -6 -7 8 -9 -10 11 -12 12 14 -15 -16 16 -18 27 19 20 21 22 -24 -25 25 -27 -28 -29 -30 -31
leaf_value=0.016928240271983409 0.0077472337021143815 0.0019660055435730029 0.00041581321770950029 -0.016243143327713285 0.0015765706861752085 0.0086678230131013462 -0.023719520531258829 0.017381211688582032 -0.0024985805584622702 -0.0027215667969400018 0.025876083061865354 0.023548466322336703 0.010536242789215574 -0.015454404293045794 -0.01594321101181384 -0.023287209774095069 -0.0059448509961983762 -0.0013653123343898498 -0.033319965322897459 -0.012401777846463225 0.023583953239444028 -0.030215683573922816 0.010601992227092577 0.0011405921243121822 0.0029740493215047411 -0.02349575498668529 0.00070378817860988546 0.026929462612146779 -0.0017077537686883209 0.016375857230101324
leaf_weight=35.126288585364819 149.4249125495553 361.52704015374184 731.93038795143366 35.943083666265011 32.855732187628746 6.8135151118040076 11.711683884263037 40.615371063351631 56.41639706492424 142.30465425550938 10.127588160336016 11.918818682432173 10.871327459812166 19.879119113087654 10.950868897140024 25.719852887094021 59.167143858969212 9.4511917158961314 11.132071286439894 22.796770535409451 15.267479464411734 9.5163969397544914 12.012284867465494 8.8219614773988706 14.804106324911119 14.130180038511751 16.081032559275631 9.6338724419474584 349.07786562293768 25.881682142615318
leaf_count=166 1102 1828 3588 269 153 46 69 234 352 694 54 65 57 123 65 137 348 54 55 122 74 49 67 52 66 70 84 60 1734 127
internal_value=0.000335067 4.38327e-05 0.00174657 -0.00134863 0.00963918 -0.0121661 0.000692802 0.00132906 -0.00643696 -0.000955142 1.2808e-05 -0.00431854 0.00687264 -0.00030662 -0.00286809 -0.00600341 -0.0114094 5.2666e-05 -0.000261806 -0.0062183 -0.00079595 0.00362161 -0.00537792 -0.0158523 -0.0173556 -0.0103057 0.0122316 0.0135471 0.000752683 0.00296837
internal_weight=2271.91 2203.93 990.099 1213.83 67.982 42.7566 840.674 772.546 68.1281 1171.07 910.141 260.933 33.741 900.013 21.8222 227.192 84.887 880.134 861.049 124.562 84.4959 61.6992 30.3506 18.3384 40.0664 28.9343 31.3485 19.0851 736.487 387.409
internal_count=11964 11645 5345 6300 319 315 4243 3822 421 5985 4619 1366 187 4565 122 1179 485 4442 4328 639 448 326 168 101 191 136 158 114 3689 1955
cat_boundaries=0 1
cat_threshold=40
is_linear=0
shrinkage=0.03


Tree=128
num_leaves=31
num_cat=1
split_feature=20 23 8 5 25 13 9 26 20 5 20 8 22 0 9 22 5 11 5 3 14 3 20 12 23 8 10 10 10 3
split_gain=6.9248 5.69593 8.08686 5.04475 5.31868 10.8237 5.5732 4.98477 6.08508 5.95782 4.96592 5.04701 4.11474 10.0369 4.90054 4.04644 7.01737 6.40764 8.74343 6.82438 8.73299 6.68224 6.20575 6.14912 5.22399 4.51988 4.30842 8.877 5.22549 4.46436
threshold=20.500000000000004 -6.4999999999999991 3.5000000000000004 -3.6857446476071378 167.50000000000003 13.500000000000002 185.50000000000003 0 50.750000000000007 -2.9249504913930973 92.416666666666671 17.500000000000004 -3.4999999999999996 125.50000000000001 21.500000000000004 1.2500000000000002 4.0971146524099096 78.500000000000014 -3.131127375944772 170.50000000000003 8.5000000000000018 5.5000000000000009 72.166666666666671 6.5000000000000009 -52.499999999999993 213.50000000000003 113.50000000000001 135.50000000000003 185.50000000000003 21.500000000000004
decision_type=8 10 2 2 2 2 2 1 8 2 10 2 10 2 2 10 2 2 2 2 2 2 8 2 10 2 2 2 2 2
left_child=-1 3 -3 -2 7 -6 -7 9 -9 -5 15 -12 -11 -14 -15 16 -10 18 -17 26 -21 22 24 -24 -20 -22 29 -28 -29 -19
right_child=1 2 -4 4 5 6 -8 8 10 12 11 -13 13 14 -16 17 -18 19 21 20 25 -23 23 -25 -26 -27 27 28 -30 -31
leaf_value=0.02310963951044517 0.0060111549802522972 -0.02968900319109798 0.0015731210123069678 0.011626098839328101 0.025325894510611797 -0.0046999791947315191 0.017901275927787813 0.0088903707430208253 0.00061445873820489166 0.0043773448801974002 0.010942147307029502 -0.010601853507752043 -0.029257047568915916 0.0015506061031927238 -0.01033724161502027 -0.031212763630212484 0.017189994344581599 0.018549358208731746 -0.017186899576048392 -0.025940135438142324 0.01843433718297802 -0.0055758273386876502 0.02475841416614338 -0.0020324541510512366 0.0081139585499869164 -0.0049178173359113401 0.03976154226950155 -0.0065370395414831931 0.021829874304077974 -0.0020935114383360126
leaf_weight=10.714946411550043 124.10483785718679 12.962725117802622 15.754989959299563 16.277028329670429 21.01680438965559 42.696724243462086 11.665950581431387 65.900386482477188 1189.7093587629497 24.403154790401459 10.557186551392077 68.539902336895466 17.864694319665432 50.458505570888519 79.829417079687119 9.6821613460779172 22.442772321403027 11.454489968717096 13.889491856098177 12.706858955323694 9.9257333725690824 273.49347575753927 18.928057134151462 12.344756498932837 13.631273359060286 22.628099896013737 9.5378033071756381 12.66379573941231 9.3414444103836995 38.153758063912392
leaf_count=116 585 70 76 84 128 208 54 408 6090 169 64 467 82 248 464 44 108 53 58 73 56 1475 86 61 57 147 46 70 50 187
internal_value=0.000104589 -1.55801e-05 -0.0130623 0.000159481 -0.000190745 0.00758002 0.000385873 -0.000485151 9.72903e-06 -0.00498228 -0.000327668 -0.00762564 -0.00689397 -0.00876744 -0.00575652 2.01541e-05 0.000935268 -0.00234507 -0.00447524 0.00340735 -0.00584401 -0.00360485 0.00550356 0.0144476 -0.00481006 0.0025395 0.00857546 0.0170676 0.00593046 0.00294525
internal_weight=2253.28 2242.57 28.7177 2213.85 2089.74 75.3795 54.3627 2014.36 1825.53 188.833 1759.63 79.0971 172.556 148.153 130.288 1680.53 1212.15 468.381 341.969 126.412 45.2607 332.287 58.7936 31.2728 27.5208 32.5538 81.1513 31.543 22.0052 49.6082
internal_count=11884 11768 146 11622 11037 390 262 10647 9600 1047 9192 531 963 794 712 8661 6198 2463 1781 682 276 1737 262 147 115 203 406 166 120 240
cat_boundaries=0 1
cat_threshold=5
is_linear=0
shrinkage=0.03


Tree=129
num_leaves=31
num_cat=1
split_feature=20 25 26 8 13 1 20 5 12 1 9 12 3 23 13 22 22 4 25 22 13 3 13 4 20 5 23 12 8 1
split_gain=8.53982 7.32705 6.09603 8.18618 7.3005 6.38754 6.39331 5.68754 5.86784 5.78216 5.52805 5.41465 6.19224 6.80604 7.62288 6.32393 5.88988 5.84507 7.13045 5.22461 5.53043 7.63687 6.3555 4.94576 4.76294 8.03102 5.9163 4.58917 6.17727 5.81914
threshold=49.250000000000007 52.500000000000007 0 50.500000000000007 36.500000000000007 18.500000000000004 77.833333333333357 -0.31588814233130108 1.0000000180025095e-35 11.500000000000002 17.500000000000004 81.500000000000014 33.500000000000007 -140.49999999999997 13.500000000000002 1.2500000000000002 1.0000000180025095e-35 75.500000000000014 82.500000000000014 140.83333333333334 123.50000000000001 127.50000000000001 107.50000000000001 179.50000000000003 64.750000000000014 0.11207824629891851 -64.499999999999986 23.500000000000004 19.500000000000004 25.500000000000004
decision_type=8 2 1 2 2 2 10 2 2 2 2 2 2 8 2 8 8 2 2 10 2 2 2 2 8 2 8 2 2 2
left_child=1 -1 3 5 7 6 -2 8 9 -5 -6 12 13 14 15 -4 -14 18 -16 20 22 -22 -12 -24 25 -18 -27 -26 -29 -30
right_child=2 -3 11 4 10 -7 -8 -9 -10 -11 19 -13 16 -15 17 -17 24 -19 -20 -21 21 -23 23 -25 27 26 -28 28 29 -31
leaf_value=-0.017152489275788843 0.010079081268793448 0.011326408272952428 -0.032464155230327925 -0.0037011522759517008 0.016157292446391767 0.029728244139520001 -0.0027354623732348893 -0.013719522721289954 -0.0056715201417147079 0.020744006628018917 0.0017901374283914176 0.016759819713129037 -0.00080471799797077485 0.00042048760770721613 -0.022723015012876047 -0.0073696938001876237 -0.011921334828164539 0.018430655913562303 0.0092255037408689212 -0.012612210245191947 0.025556230260009423 0.0034743490048191042 -0.028771818804631841 -0.0029104240511671257 -0.011529607544146413 0.027177163545811171 -0.0013825577850827395 0.011106084322314308 0.0032721619119522312 -0.018377070988162242
leaf_weight=8.0861772149801237 106.96874836087227 85.588844783604145 15.472016543149946 16.507112212479115 22.971427954733372 9.9561228305101377 51.343387812376022 48.801654227077961 89.779707439243793 16.844399854540825 274.97505478560925 13.235369578003882 220.25358514487743 829.59601391106844 11.900574155151846 21.783087186515331 20.876318074762821 10.774032309651373 11.457501538097857 21.867789775133133 18.790097542107105 50.390328906476498 10.090200506150724 17.289820976555347 175.11071043461561 11.891845613718031 13.038469329476358 20.55204951018095 20.21589619666338 23.286798372864723
leaf_count=53 653 584 68 72 104 44 219 272 462 93 1328 69 1059 4225 64 149 95 52 59 145 92 310 51 95 1049 52 57 126 117 165
internal_value=-0.00010751 0.00871286 -0.000491044 0.0016714 2.06668e-05 0.00750731 0.00593202 -0.00516238 -0.00168766 0.0088895 0.00216814 -0.0016442 -0.00184089 -0.000348797 -0.00917102 -0.0183676 -0.00449585 0.00110412 -0.00731639 0.00131239 0.00216362 0.0097507 0.000401236 -0.013119 -0.00733592 0.00149893 0.0127632 -0.00902722 -0.00211421 -0.00846911
internal_weight=2269.7 93.675 2176.02 756.576 588.308 168.268 158.312 171.933 123.131 33.3515 416.375 1419.44 1406.21 900.983 71.3872 37.2551 505.226 34.1321 23.3581 393.403 371.536 69.1804 302.355 27.38 284.972 45.8066 24.9303 239.165 64.0547 43.5027
internal_count=11983 637 11346 3940 3024 916 872 899 627 165 2125 7406 7337 4617 392 217 2720 175 123 2021 1876 402 1474 146 1661 204 109 1457 408 282
cat_boundaries=0 1
cat_threshold=48
is_linear=0
shrinkage=0.03


Tree=130
num_leaves=31
num_cat=3
split_feature=20 26 15 3 0 10 15 1 5 22 5 26 2 22 0 23 2 26 21 1 5 20 10 0 1 14 14 1 0 5
split_gain=7.59006 5.60581 6.28002 6.21378 6.33826 11.9561 8.58258 5.38317 4.70614 4.56571 5.87821 5.40996 5.1248 6.25397 8.8723 5.52209 6.70024 6.33013 7.79161 5.25943 7.66148 5.01422 4.68866 6.2182 6.08713 7.08215 4.39938 5.31923 6.87886 7.23561
threshold=82.125000000000014 0 86.500000000000014 359.00000000000006 292.50000000000006 43.500000000000007 7.5000000000000009 9.5000000000000018 -2.1332705098011391 -3.4999999999999996 0.32084487047911342 1 57.500000000000007 9.2500000000000018 541.50000000000011 -121.49999999999999 141.50000000000003 2 22.500000000000004 18.500000000000004 -1.0000000180025095e-35 73.166666666666671 228.50000000000003 1384.0000000000002 20.500000000000004 12.500000000000002 34.500000000000007 21.500000000000004 307.50000000000006 0.66079911157425786
decision_type=10 1 2 2 2 2 2 2 2 8 2 1 2 10 2 10 2 1 8 2 2 10 2 2 2 2 2 2 2 2
left_child=9 2 3 4 6 -6 7 -2 -3 10 -1 -11 26 14 15 19 17 -17 -19 -14 -21 -15 24 -24 25 -16 27 28 -13 -30
right_child=1 8 -4 -5 5 -7 -8 -9 -10 11 -12 12 13 21 22 16 -18 18 -20 20 -22 -23 23 -25 -26 -27 -28 -29 29 -31
leaf_value=0.020375230890670948 0.010784474564946548 0.0047781495539478032 -0.020705619972071924 0.024211068684132253 -0.030520651438277518 -0.00018199294049303302 0.028617091191885088 -0.012522428592515254 -0.0081278430029025541 -0.0068478786353106521 -0.0012973405182903459 -0.00031419428063353123 0.0071208408073991977 0.025137506716612548 -0.0091164146971672091 -0.003571736842343048 0.01965344598699735 -0.0094619577406750716 0.012341673051988378 -0.030167413576769865 0.0044687378100625643 0.0061017225000132231 0.016953425984742657 -0.0098006433805661042 -0.0088416164247571497 0.022670103341707042 0.018198775897267774 -0.008605930668813315 0.0095017773965234403 -0.0099722234398526097
leaf_weight=23.894487842917442 21.332688629627228 28.37321937084198 11.166839353740214 9.2773489877581579 11.651026435196398 154.16838135570288 14.068838670849798 13.860499322414396 203.49328960478306 66.238722793757915 20.36366718262434 1010.911932695657 20.179057329893112 19.915422655642033 11.129317179322245 48.393041543662548 36.61464087665081 16.286032140254974 108.92777793854475 10.993909224867823 10.604174576699732 33.035609230399132 20.145433969795707 11.582694530487059 99.15603095293045 12.404241129755972 11.203679278492926 59.091280527412891 120.2332873865962 19.168123967945576
leaf_count=117 92 143 87 68 55 843 59 59 1300 371 94 5274 111 88 57 255 190 76 554 55 53 171 100 63 523 61 57 294 585 95
internal_value=0.000297791 -0.00310255 0.000277982 0.00142196 0.000331477 -0.00248387 0.00966899 0.0015129 -0.00626575 0.00118667 0.0105951 0.00094228 0.00128641 0.0039913 0.00270982 0.00617038 0.00814431 0.00561832 0.00875927 -0.0037206 -0.0137166 0.0135945 -0.00294093 0.00718553 -0.0055966 0.00787899 0.000276541 9.56146e-05 0.000549697 0.00677209
internal_weight=2257.86 467.392 235.526 224.359 215.081 165.819 49.262 35.1932 231.867 1790.47 44.2582 1746.21 1679.98 459.367 406.416 251.999 210.221 173.607 125.214 41.7771 21.5981 52.951 154.418 31.7281 122.69 23.5336 1220.61 1209.4 1150.31 139.401
internal_count=11950 2706 1263 1176 1108 898 210 151 1443 9244 211 9033 8662 2357 2098 1294 1075 885 630 219 108 259 804 163 641 118 6305 6248 5954 680
cat_boundaries=0 1 2 3
cat_threshold=32 1 66
is_linear=0
shrinkage=0.03


Tree=131
num_leaves=31
num_cat=1
split_feature=20 10 26 8 23 4 22 4 25 5 12 23 10 10 22 6 5 5 20 4 23 11 6 20 25 13 10 13 6 8
split_gain=8.54459 6.18379 6.13406 4.84267 6.01372 5.1712 5.86074 4.84232 6.81871 7.05181 8.87212 6.67761 6.26849 6.93271 5.01713 4.97046 4.86417 5.47755 4.98116 4.93515 4.64503 8.35415 6.12885 5.44873 6.67249 5.44213 4.64371 8.36578 5.12153 4.67527
threshold=66.750000000000014 438.00000000000006 0 53.500000000000007 -10.499999999999998 127.50000000000001 -1.7499999999999998 15.500000000000002 147.50000000000003 0.66079911157425786 13.500000000000002 -40.499999999999993 32.500000000000007 22.500000000000004 1.0000000180025095e-35 1.5000000000000002 0.30475388107033569 -0.20444047292417619 55.750000000000007 64.500000000000014 -65.499999999999986 95.500000000000014 1.5000000000000002 55.750000000000007 72.500000000000014 2.5000000000000004 9.5000000000000018 1.5000000000000002 14.500000000000002 1.0000000180025095e-35
decision_type=10 2 1 2 10 2 8 2 2 2 2 10 2 2 8 8 2 2 10 2 8 2 10 10 2 2 2 2 8 2
left_child=2 -2 7 4 5 20 -7 11 9 14 -11 15 13 -13 -9 -1 17 18 19 -16 21 22 -4 24 -24 -26 28 -28 -22 -29
right_child=1 -3 3 -5 -6 6 -8 8 -10 10 -12 12 -14 -15 16 -17 -18 -19 -20 -21 26 -23 23 -25 25 -27 27 29 -30 -31
leaf_value=-0.00090348722330485802 -0.0019545149387732923 -0.024068673810114148 0.0083451000803730201 -0.0044641122804474648 -0.011382099372160682 0.001149459812701264 0.023211572868164505 0.015123624581525136 -0.018502663087084897 0.006066138533458363 -0.024791751521624994 0.0019428432313367541 0.018576818491605789 -0.031642768719731366 0.00014577320420315493 0.021154402143946219 0.019922532644556658 -0.014083482640762391 -0.0043642481826956089 0.026666149972262073 -0.0086670717710192087 -0.02685978736588826 -0.0040603766863335613 -0.013321724932796843 -0.0049480284124243283 0.024879124940660517 0.025878581320623147 0.014293148405014505 0.0043269210731231803 0.0020158666292054714
leaf_weight=11.20882537961006 1221.9900651648641 10.497004330158232 49.19814545661211 161.80308403074741 30.478734895586967 22.152422927320004 20.423015281558037 45.822768002748489 11.979470379650591 17.529599271714687 14.551300145685671 21.417147926986221 11.84640311449766 6.4098300263285628 11.947881452739241 48.202936328947544 11.511526286602018 18.190839938819408 26.071035780012608 12.421716690063475 47.509814858436584 10.667010776698588 88.313385054469109 38.544842764735222 8.2795128673315066 13.890069700777529 16.967803649604321 33.587128154933453 61.494081184267998 147.15966149792075
leaf_count=63 6195 82 280 881 143 121 90 249 65 89 72 189 76 47 90 460 56 85 111 74 233 55 463 164 58 91 77 167 352 712
internal_value=-0.00048229 -0.00216222 0.00154857 0.00011479 0.00138075 0.00209675 0.0120222 0.00533013 0.00242928 0.00412222 -0.00825675 0.0107664 0.00117351 -0.00662277 0.00731509 0.0170468 0.0027191 -0.000411102 0.00469761 0.0141821 0.00125549 -0.00218864 -0.000732868 -0.0037654 -0.00034184 0.014007 0.00360063 0.00633074 -0.00136387 0.00436337
internal_weight=2252.07 1232.49 1019.58 750.469 588.666 558.187 42.5754 269.111 170.026 158.047 32.0809 99.0851 39.6734 27.827 125.966 59.4118 80.143 68.6315 50.4406 24.3696 515.611 208.893 198.226 149.028 110.483 22.1696 306.718 197.715 109.004 180.747
internal_count=11890 6277 5613 3887 3006 2863 211 1726 891 826 161 835 312 236 665 523 416 360 275 164 2652 1111 1056 776 612 149 1541 956 585 879
cat_boundaries=0 1
cat_threshold=40
is_linear=0
shrinkage=0.03


Tree=132
num_leaves=31
num_cat=1
split_feature=6 20 23 20 23 12 23 4 13 0 26 8 5 21 22 12 9 20 8 10 10 23 22 3 12 20 0 15 5 23
split_gain=6.21058 8.56228 5.49625 8.2934 5.45789 7.3995 5.64211 6.8218 7.85326 8.28329 5.54675 7.94673 4.9848 4.97918 4.89938 5.56242 4.76501 4.73229 5.18726 5.24542 7.90457 4.85428 4.67488 5.61368 4.72121 4.59741 4.3221 4.73429 5.17145 4.13132
threshold=2.5000000000000004 88.583333333333357 -183.49999999999997 33.250000000000007 -37.499999999999993 1.5000000000000002 -31.499999999999996 195.50000000000003 59.500000000000007 320.50000000000006 0 54.500000000000007 2.5989721962006249 19.500000000000004 -4.4999999999999991 2.5000000000000004 1.5000000000000002 75.583333333333357 1.0000000180025095e-35 30.500000000000004 55.500000000000007 -23.499999999999996 -2.4999999999999996 68.500000000000014 76.500000000000014 64.750000000000014 172.50000000000003 1.5000000000000002 -1.7902420173804774 -139.49999999999997
decision_type=8 8 8 8 10 2 10 2 2 2 1 2 2 10 10 2 2 10 2 2 2 10 10 2 2 8 2 2 2 10
left_child=1 13 -2 -4 5 -5 25 8 12 -10 29 14 17 22 -12 -16 -17 26 -19 -20 21 -21 23 -1 -24 -6 -8 -28 -29 -7
right_child=2 -3 3 4 6 10 7 -9 9 -11 11 -13 -14 -15 15 16 -18 18 19 20 -22 -23 24 -25 -26 -27 27 28 -30 -31
leaf_value=0.020035875810162675 -0.010998680745638423 -0.0060897525345720007 0.02648482029364764 0.0088875139274459791 0.0070506120852836971 -0.0065766037367145334 0.0016425205411910448 0.018594096226320581 -0.036353249565004991 -0.0033314249267431349 0.014412617022401479 -0.016564352794053949 -0.013877668770661442 0.018181492761173781 -0.018792153761026376 0.016428676546375653 -0.001915908336068332 -0.01993967976964053 0.011163035779969577 -0.0031468780632906489 0.010653499626455988 -0.029001074658370134 -0.0012260782039661214 -0.0031922871451765694 0.018068230648325079 -0.011844699684468005 0.019805581403265434 -0.0146143043704349 0.011521330641846052 0.0049842079455459437
leaf_weight=20.363612450659275 30.20423861593008 293.04344291239977 11.089372925460337 158.36485594138503 13.492639392614363 29.878891035914421 200.22246147692204 16.854715153574944 9.6466939747333544 19.751822829246521 17.763037391006947 30.224226392805576 18.439416877925396 12.199370846152304 14.607386782765387 13.432763800024984 107.89317445456982 15.089099273085592 20.710029125213623 12.83592703938484 13.883020155131815 12.91961306333542 727.36652904748917 16.242629528045654 10.598055623471735 62.085395328700542 27.000274948775768 9.6410911679267901 17.998111590743065 291.78571039810777
leaf_count=91 164 1809 113 953 65 162 1047 80 47 103 123 154 97 65 67 59 501 69 92 61 72 61 3669 77 52 313 128 47 92 1486
internal_value=-8.01515e-05 -0.00172199 0.00142782 0.00176475 0.00150002 0.00324985 -0.000970558 0.000473139 -0.000381479 -0.0150065 0.0014699 -0.00262465 0.000890785 -8.94911e-05 3.62641e-05 -0.00193389 0.000232836 0.00175465 -0.00480299 -0.000754991 -0.00710329 -0.0167152 -0.000400328 0.00991844 -0.000924913 -0.00842338 0.00370686 0.011106 0.00221275 0.00377626
internal_weight=2255.63 1079.81 1175.81 1145.61 1134.52 663.95 470.57 394.992 378.138 29.3985 505.585 183.921 348.739 786.77 153.696 135.933 121.326 330.3 75.4377 60.3486 39.6386 25.7555 774.571 36.6062 737.965 75.578 254.862 54.6395 27.6392 321.665
internal_count=11919 5763 6156 5992 5879 3505 2374 1996 1916 150 2552 904 1766 3954 750 627 560 1669 355 286 194 122 3889 168 3721 378 1314 267 139 1648
cat_boundaries=0 1
cat_threshold=108
is_linear=0
shrinkage=0.03


Tree=133
num_leaves=31
num_cat=1
split_feature=20 25 26 13 24 22 9 24 23 0 24 6 23 23 1 5 9 9 3 23 6 5 5 9 23 20 3 3 8 13
split_gain=8.29828 5.9805 4.22319 5.33 6.62547 5.21664 7.70158 5.37251 5.13407 4.71426 5.00083 5.0808 4.48928 4.38746 11.3906 7.37511 6.21739 5.96451 5.14876 4.27483 4.01435 3.77275 6.81386 4.36574 3.60435 3.48377 4.07782 4.34893 5.33349 6.21256
threshold=29.500000000000004 222.50000000000003 0 2.5000000000000004 1.0000000180025095e-35 -2.4999999999999996 187.50000000000003 1.5000000000000002 -84.499999999999986 397.50000000000006 1.0000000180025095e-35 35.500000000000007 -24.499999999999996 -35.499999999999993 3.5000000000000004 -2.1995340502643663 43.500000000000007 43.500000000000007 12.500000000000002 -33.499999999999993 7.5000000000000009 -2.5629209571137288 -3.131127375944772 21.500000000000004 -6.4999999999999991 92.416666666666671 467.50000000000006 254.50000000000003 27.500000000000004 56.500000000000007
decision_type=8 2 1 2 2 10 2 2 10 2 2 8 8 10 2 2 2 2 2 10 10 2 2 2 8 10 2 2 2 2
left_child=-1 2 5 12 21 6 9 24 -9 10 11 13 -4 15 -15 -2 -17 18 -16 -10 -14 22 23 -5 25 26 27 28 -7 -30
right_child=1 -3 3 4 -6 7 -8 8 19 -11 -12 -13 20 14 17 16 -18 -19 -20 -21 -22 -23 -24 -25 -26 -27 -28 -29 29 -31
leaf_value=0.022877289917485048 -0.014710488883926506 0.01639599646922324 -0.0012220624248186717 -0.013680121557132274 -0.026500876462093901 -0.0013927794595883854 0.035637628900702142 -0.0065956953953335822 0.02850668431077218 -0.013640105775787809 -0.0019110283230355987 0.024010163614867575 -4.2472101011424881e-05 -0.025791437107061652 0.015709258422419901 0.020018200627875456 -0.002443965631893791 0.029534796602120349 -0.013653976000664099 0.0056498546396639765 0.018063049140399186 -0.0054790852969530488 0.018517230576492752 0.0062158221232966361 -0.015197605422008341 -0.0059460369938772505 0.01694796244793945 -0.0083955657490596101 0.0056975037950101129 -0.00036016472468887613
leaf_weight=13.330339420586823 8.1359275206923467 18.78929265588522 121.56439453363419 19.168292805552483 11.270876139402388 731.52126674354076 6.17736992239952 10.899279497563837 13.849115952849386 11.90594222396612 59.911081701517105 15.835053239017723 20.051952041685581 11.415835455060003 8.8097864389419609 43.809074621647596 14.470130667090414 7.595007397234439 10.887896686792372 15.84944958239794 23.459775388240814 262.94935238361359 16.715913236141205 18.694745555520058 13.575040243566034 88.488397158682346 11.899937301874159 52.371696747839451 278.68712978065014 334.48309805244207
leaf_count=148 83 95 557 84 55 3545 32 52 68 61 461 206 91 96 78 369 82 44 59 70 101 1439 75 84 66 596 69 298 1295 1685
internal_value=0.000120209 -2.38734e-05 -0.000168572 -0.00258615 -0.00484181 0.000526325 0.00509003 -5.83556e-05 0.0105778 0.00393229 0.00515765 0.00864575 0.00175307 0.00612692 -0.00187826 0.0107512 0.0144939 0.00868207 -0.000396788 0.0168899 0.00990579 -0.00399223 0.00314083 -0.0039494 -0.00035093 -0.000206287 0.000158154 3.12085e-06 0.00033622 0.00239785
internal_weight=2276.57 2263.24 2244.45 493.875 328.799 1750.58 198.953 1551.62 40.5978 192.776 180.87 120.959 165.076 105.124 38.7085 66.4151 58.2792 27.2927 19.6977 29.6986 43.5117 317.528 54.579 37.863 1511.03 1497.45 1408.96 1397.06 1344.69 613.17
internal_count=12044 11896 11801 2486 1737 9315 1571 7744 190 1539 1478 1017 749 811 277 534 451 181 137 138 192 1682 243 168 7554 7488 6892 6823 6525 2980
cat_boundaries=0 1
cat_threshold=46
is_linear=0
shrinkage=0.03


Tree=134
num_leaves=31
num_cat=0
split_feature=20 23 2 9 2 20 15 8 3 12 14 13 0 14 18 22 23 13 23 20 23 8 20 20 8 20 0 8 2 10
split_gain=9.00081 7.98014 4.54994 7.21133 5.72836 5.37343 5.33197 5.11002 4.82053 4.57605 4.4922 4.93698 7.92197 5.23983 4.75379 5.36161 5.06235 4.5638 4.41236 5.84563 5.50653 6.99419 7.6819 6.83479 7.49571 6.22566 5.53035 5.32942 5.09646 6.14151
threshold=39.750000000000007 2.5000000000000004 1.5000000000000002 93.500000000000014 14.500000000000002 84.166666666666671 16.500000000000004 2.5000000000000004 88.500000000000014 7.5000000000000009 10.500000000000002 21.500000000000004 145.50000000000003 6.5000000000000009 1.0000000180025095e-35 -2.4999999999999996 -60.499999999999993 8.5000000000000018 -12.499999999999998 81.166666666666671 -55.499999999999993 288.50000000000006 94.166666666666671 84.416666666666671 22.500000000000004 87.833333333333357 52.500000000000007 44.500000000000007 297.50000000000006 213.50000000000003
decision_type=8 10 2 2 2 10 2 2 2 2 2 2 2 2 2 8 10 2 10 8 10 2 10 10 2 10 2 2 2 2
left_child=-1 2 3 6 5 -4 8 -7 10 -5 11 12 13 14 15 -2 -16 -14 20 -20 21 22 25 26 -25 -6 -22 -24 -28 -30
right_child=1 -3 4 9 18 7 -8 -9 -10 -11 -12 -13 17 -15 16 -17 -18 -19 19 -21 23 -23 27 24 -26 -27 28 -29 29 -31
leaf_value=0.014872340563708364 0.018319441022591539 -0.024329071692410782 -0.0054548117363201042 0.025526256334032389 0.0020111751212553409 -0.010485584671922054 -0.016101370775807308 0.011990754969991213 0.01608469650168555 0.0050368594245468121 -0.017575356879161622 0.010720458504497659 -0.0017897341658199804 0.020909489382181942 0.019727249970666466 -0.0013671957619308373 0.0010594104933812931 -0.023547227926217398 -0.0066063388275675317 0.020338420428972888 0.014418841637499088 -0.0090624196204784936 0.0026481044305179443 -0.020466418972550176 -0.0041552661752296159 0.011387577159605514 -0.0020070469543441269 -0.027360222068441766 0.02600076930836304 -0.0027504356991594914
leaf_weight=34.703007061034441 12.074125863611696 11.38090008497238 334.40430492162704 17.442514337599277 526.25347639992833 11.817985616624354 14.394721329212187 31.18193095177412 19.462322033941746 22.301357239484787 10.20756448805332 47.056008093059063 16.996917739510536 11.579098552465437 22.626425553113222 260.33404833823442 29.542540762573481 17.112425222992897 10.484345369040968 19.900073297321796 20.12548553571105 49.785392992198467 8.8135715648531932 32.64983706921339 106.04777383804321 71.640477277338505 453.60536129027605 11.862116076052187 12.230413764715196 13.170618660748003
leaf_count=316 56 58 1660 81 2715 62 68 159 95 110 49 227 73 55 254 1163 289 79 49 99 117 330 57 211 655 428 2256 84 63 70
internal_value=-7.13441e-05 -0.000310835 -0.00017651 0.00233518 -0.000911811 -0.00417037 0.00126395 0.0057155 0.00185787 0.0144349 0.0011742 0.00167372 0.000498222 0.00190914 0.00116918 -0.0004308 0.00937467 -0.0130651 1.07316e-05 0.0111267 -0.000256162 0.00164552 0.00252058 -0.00224831 -0.00811398 0.00315181 -0.000605408 -0.0150363 -0.00126538 0.0115535
internal_weight=2261.19 2226.48 2215.1 501.13 1713.97 377.404 461.386 42.9999 446.991 39.7439 427.529 417.322 370.266 336.156 324.577 272.408 52.169 34.1093 1336.57 30.3844 1306.18 668.355 618.57 637.829 138.698 597.894 499.132 20.6757 479.006 25.401
internal_count=11988 11672 11614 2599 9015 1881 2408 221 2340 191 2245 2196 1969 1817 1762 1219 543 152 7134 148 6986 3614 3284 3372 866 3143 2506 141 2389 133
is_linear=0
shrinkage=0.03


Tree=135
num_leaves=31
num_cat=0
split_feature=11 22 25 20 11 23 21 4 22 10 20 25 9 2 13 5 20 5 15 13 1 23 5 20 2 5 9 13 23 5
split_gain=6.19651 7.14458 5.21084 5.09762 5.11082 4.84605 15.8322 5.83853 7.71017 5.32911 4.93595 4.91614 9.99264 4.65176 7.65349 5.56076 9.04113 4.70539 4.51596 7.95892 6.19203 6.7924 4.35192 4.1912 4.98321 4.41069 4.37928 4.05077 5.63617 6.05022
threshold=505.50000000000006 140.83333333333334 82.500000000000014 42.250000000000007 89.500000000000014 -27.499999999999996 6.5000000000000009 142.50000000000003 3.7500000000000004 44.500000000000007 68.250000000000014 92.500000000000014 67.500000000000014 1.0000000180025095e-35 1.5000000000000002 1.3862943611198912 58.750000000000007 -1.6839703538143189 7.5000000000000009 16.500000000000004 11.500000000000002 -66.499999999999986 4.0971146524099096 84.833333333333357 3.5000000000000004 1.0000000180025095e-35 46.500000000000007 3.5000000000000004 -36.499999999999993 -2.5629209571137288
decision_type=2 10 2 8 2 10 8 2 10 2 10 2 2 2 2 2 10 2 2 2 2 8 2 10 2 2 2 2 10 2
left_child=1 2 22 4 -4 7 -7 8 13 -9 -10 12 -8 17 -15 16 -16 -5 19 20 21 -18 27 24 25 -13 -26 28 29 -1
right_child=-2 -3 3 5 -6 6 11 9 10 -11 -12 23 -14 14 15 -17 18 -19 -20 -21 -22 -23 -24 -25 26 -27 -28 -29 -30 -31
leaf_value=-0.0092633220718719243 0.023503085029375769 -0.015573025218686205 0.024579821279202725 -0.00098044628320604049 -0.005544181563093986 0.028296483500128151 -0.0082764550851948393 -0.020501409987196267 -0.01862311261147679 -0.00045813652073235599 5.3240751961781767e-05 -0.010289491407929707 0.02535238603974738 -0.015111803393295022 0.018670693639475055 -0.0035379087954709818 -0.0078880495283568126 0.017776873121911573 0.010793040087689731 -0.0042716718259580132 0.027013025807619453 0.018820145296129184 0.012726034216221491 0.0044892375888479878 -0.025525991246551638 0.012371490260690562 -0.0079199614124219747 -0.0015750397424995812 -0.0022030553432996745 0.0084525180856165772
leaf_weight=19.02247766405344 9.3161942288279516 24.556954257190228 16.484440281987194 15.432989224791525 6.6885608732700339 12.374057926237581 20.779803119599819 12.642129026353357 15.724310792982577 96.017637751996517 53.380515910685062 20.945771828293804 11.56264855712652 15.431656152009962 52.508469987660646 46.327237643301487 19.011583387851715 52.11095217615366 70.422142334282398 81.840273179113865 14.087991729378698 14.045343339443205 20.668453224003315 16.393058262765408 27.563497684895992 10.959036633372305 25.237807311117649 1209.2424607276917 130.1661721765995 136.20982691273093
leaf_count=86 56 160 132 82 48 61 103 57 71 501 277 117 56 98 339 236 83 327 329 389 69 60 106 85 143 55 121 6419 645 755
internal_value=0.000305064 0.000199451 0.000378972 0.00246322 0.0160153 0.00199558 -0.00286086 0.00326528 0.0047696 -0.00295578 -0.00440146 -0.00593907 0.00414587 0.00643923 0.00487221 0.00595326 0.00770577 0.0135393 0.0047397 0.00137715 0.0110682 0.00367923 -0.000623289 -0.00917434 -0.0118402 -0.00236621 -0.0174143 -0.000816274 0.00239292 0.00623619
internal_weight=2277.15 2267.84 2243.28 727.972 23.173 704.799 145.816 558.983 450.323 108.66 69.1048 133.442 32.3425 381.219 313.675 298.243 251.916 67.5439 199.407 128.985 47.1449 33.0569 1515.31 101.099 84.7061 31.9048 52.8013 1494.64 285.398 155.232
internal_count=12066 12010 11850 3839 180 3659 741 2918 2360 558 348 680 159 2012 1603 1505 1269 409 930 601 212 143 8011 521 436 172 264 7905 1486 841
is_linear=0
shrinkage=0.03


Tree=136
num_leaves=31
num_cat=0
split_feature=6 22 20 3 4 20 4 6 21 23 20 21 8 4 11 12 0 9 8 6 9 0 12 10 10 13 14 1 3 10
split_gain=5.58273 4.82926 4.76263 3.95781 7.97958 3.86941 6.53528 4.71279 4.64993 4.23535 4.33041 3.85569 4.36843 4.84544 4.01704 5.0707 4.37852 4.34438 3.77983 3.71162 3.70164 3.65419 3.61047 4.84869 5.18777 5.91633 12.8026 5.34127 6.47262 6.19598
threshold=22.500000000000004 -3.4999999999999996 55.750000000000007 71.500000000000014 26.500000000000004 61.750000000000007 263.50000000000006 11.500000000000002 1.5000000000000002 -32.499999999999993 76.166666666666671 -10.499999999999998 141.50000000000003 1.5000000000000002 136.50000000000003 26.500000000000004 222.50000000000003 24.500000000000004 1.5000000000000002 1.5000000000000002 53.500000000000007 80.500000000000014 66.500000000000014 348.50000000000006 234.50000000000003 106.50000000000001 22.500000000000004 21.500000000000004 190.50000000000003 89.500000000000014
decision_type=10 8 10 2 2 8 2 8 10 10 10 10 2 2 2 2 2 2 2 10 2 2 2 2 2 2 2 2 2 2
left_child=1 3 -2 4 21 6 7 11 22 10 -10 12 13 18 15 16 20 -16 -3 -12 -15 -1 23 24 27 -26 -27 28 -7 -29
right_child=2 5 -4 -5 -6 8 -8 -9 9 -11 19 -13 -14 14 17 -17 -18 -19 -20 -21 -22 -23 -24 -25 25 26 -28 29 -30 -31
leaf_value=0.013256673372691827 0.013156568210780666 -0.024032148557459915 -0.011627138107486168 -0.0043171330814109257 0.032495888757359911 -0.00029627322032512425 0.02241157261172334 -0.013770141204511506 0.00026785108319317326 0.0023308145739399599 -0.023859556569442362 0.016855876914479505 -0.013610626906500124 0.006159424889860491 0.006096881355678656 -0.0083831468892449409 0.014001622611385005 -0.021695279439978583 0.00090055418774523616 -0.0064953883177592611 -0.0076270583074690805 -0.0086725813886274917 0.011460676562894836 -0.015909577775895929 0.025359121948623956 -0.026703884907176869 0.018998595062028778 -0.01233317425901252 0.013047223675426359 -0.0021040144682042514
leaf_weight=14.687494479119779 45.85755255445838 9.1984512582421321 7.4020656943321219 14.746993057429789 12.384374707937239 1338.3917215652764 13.522215642035006 15.578176684677599 19.910470992326736 28.158565320074558 25.598044291138649 15.320153906941412 14.576233483850954 101.36156119406223 8.8815522342920321 20.614871583878994 55.089786730706692 9.7916563674807531 11.659365545958279 20.705809779465199 20.260360278189182 11.215437687933443 21.210004456341267 17.69331619143486 13.712713330984114 8.2757767736911791 12.612223088741301 66.729481995105743 32.536973714828491 252.90594844520092
leaf_count=69 318 41 31 71 60 6827 65 77 87 153 169 90 71 550 54 97 280 48 76 111 93 52 116 134 86 53 83 372 160 1495
internal_value=5.45028e-05 -0.000179108 0.0095613 0.0086793 0.0136676 -0.00040111 0.00277975 0.00176371 -0.000908708 -0.00736101 -0.011456 0.00271891 0.00179416 0.00279541 0.00414102 0.00540766 0.00705459 -0.00883848 -0.0106914 -0.0163962 0.00381934 0.00379232 -0.000559553 -0.000712323 -0.000547333 0.0107867 0.000498622 -0.000785547 2.96943e-05 -0.00427133
internal_weight=2260.59 2207.33 53.2596 53.0343 38.2873 2154.3 295.854 282.332 1858.44 94.3729 66.2143 266.754 251.434 236.858 216 197.327 176.712 18.6732 20.8578 46.3039 121.622 25.9029 1764.07 1742.86 1725.16 34.6007 20.888 1690.56 1370.93 319.635
internal_count=11989 11640 349 252 181 11388 1542 1477 9846 520 367 1400 1310 1239 1122 1020 923 102 117 280 643 121 9326 9210 9076 222 136 8854 6987 1867
is_linear=0
shrinkage=0.03


Tree=137
num_leaves=31
num_cat=1
split_feature=21 21 24 23 15 9 22 8 23 26 20 23 23 10 8 3 23 5 9 3 10 15 9 22 8 20 23 23 10 23
split_gain=6.72293 6.08924 4.46542 4.33353 4.25996 7.44969 4.09842 4.01552 10.3412 4.9464 7.09455 6.72584 8.26086 5.80352 9.06988 5.74611 6.66155 7.63671 7.11294 6.46373 5.12877 5.17699 6.94271 5.98984 4.97274 4.72453 5.67974 4.70078 4.66029 4.6446
threshold=19.500000000000004 6.5000000000000009 2.5000000000000004 -6.4999999999999991 12.500000000000002 116.50000000000001 -1.0000000180025095e-35 187.50000000000003 -19.499999999999996 0 41.750000000000007 -137.49999999999997 -124.49999999999999 90.500000000000014 92.500000000000014 235.50000000000003 -55.499999999999993 -0.89452759934920978 61.500000000000007 130.50000000000003 5.5000000000000009 7.5000000000000009 110.50000000000001 0.75000000000000011 104.50000000000001 72.166666666666671 -89.499999999999986 -101.49999999999999 76.500000000000014 -75.499999999999986
decision_type=10 10 2 10 2 2 10 2 8 1 8 8 10 2 2 2 10 2 2 2 2 2 2 10 2 8 10 10 2 10
left_child=1 2 3 7 -3 -6 -5 9 25 13 -11 -12 -13 14 20 16 18 -18 -15 -19 -1 23 29 -22 -16 -9 -27 -20 -28 -23
right_child=-2 4 -4 6 5 -7 -8 8 -10 10 11 12 -14 15 24 -17 17 19 27 -21 21 22 -24 -25 -26 26 28 -29 -30 -31
leaf_value=0.016176889288205255 0.01689596298369991 0.0010091192318523151 0.016913586879138704 -0.0017627886731565968 -0.034871217937044334 -0.0054748345746336155 -0.024028018873461274 0.002967838914068498 0.02292393885751445 0.015704710110971187 -0.0085996609264809079 0.012257798561334238 -0.0010594486991121603 -0.008193026433102546 -0.016201087283528922 -0.0099522189185529981 -0.012577918838556109 0.019793197601949621 0.0096948636719903451 -0.0053022106919869624 0.0027371434180046305 0.026493726781007997 -0.0096648980280439091 -0.0071350265705988269 -0.0026369163357834475 -0.017496702985032912 0.010312047203451108 0.027371359712085604 -0.0072270187460765044 0.0081696885608614021
leaf_weight=24.432768929749727 19.251856818795204 18.123468622565269 12.595178212970493 17.194769851863388 11.93551245331764 20.549230389297009 12.353264793753622 41.210993476212025 10.902145959436892 21.725896365940571 100.71562552824616 42.621707979589701 1075.7735209427774 8.8058798611164075 30.353466480970383 13.975176796317099 19.564481966197491 22.69081125408411 25.357648737728596 14.569099642336367 251.7867756895721 16.718717910349369 13.74486258625984 69.81308525800705 111.01592837274075 43.044109508395195 15.228414408862589 32.711761295795441 86.971340395510197 47.353432692587376
leaf_count=249 101 91 71 88 61 126 59 208 61 170 561 232 5554 46 145 76 100 113 126 79 1330 79 62 311 553 289 85 162 567 221
internal_value=-0.000311471 -0.000467263 -0.000226396 -0.000333593 -0.0106525 -0.0169945 -0.0115532 -0.000173437 -0.00423947 0.000241376 -0.000897798 -0.00121366 -0.000541435 0.00223186 0.000912556 0.0077635 0.00982872 0.00220855 0.0161757 0.0100985 0.00310708 0.00226919 0.00915995 0.000578613 -0.00564262 -0.00594156 -0.00847249 0.0199472 -0.00453899 0.0132848
internal_weight=2253.09 2233.84 2183.23 2170.64 50.6082 32.4847 29.548 2141.09 197.357 1943.73 1240.84 1219.11 1118.4 702.894 565.219 137.675 123.7 56.8244 66.8753 37.2599 423.85 399.417 77.817 321.6 141.369 186.455 145.244 58.0694 102.2 64.0722
internal_count=11976 11875 11597 11526 278 187 147 11379 1210 10169 6517 6347 5786 3652 2950 702 626 292 334 192 2252 2003 362 1641 698 1149 941 288 652 300
cat_boundaries=0 1
cat_threshold=52
is_linear=0
shrinkage=0.03


Tree=138
num_leaves=31
num_cat=1
split_feature=23 12 2 12 5 23 23 0 3 15 0 3 26 15 6 12 10 0 10 25 15 5 6 23 0 23 23 12 0 23
split_gain=5.50271 4.36265 4.87069 6.33567 6.96955 7.98861 7.1889 7.47181 6.70585 6.12539 7.6927 5.32773 5.27145 6.4788 5.72853 9.66916 6.01696 7.33464 5.85032 5.18975 5.329 7.82043 5.79208 5.1539 5.06 4.96423 5.76631 4.78671 4.64037 4.60178
threshold=-4.4999999999999991 76.500000000000014 43.500000000000007 23.500000000000004 0.12341160612581305 -183.49999999999997 -20.499999999999996 101.50000000000001 12.500000000000002 2.5000000000000004 145.50000000000003 140.50000000000003 0 2.5000000000000004 2.5000000000000004 9.5000000000000018 89.500000000000014 499.50000000000006 28.500000000000004 52.500000000000007 13.500000000000002 1.0000000180025095e-35 1.5000000000000002 -21.499999999999996 902.50000000000011 -89.499999999999986 -93.499999999999986 21.500000000000004 133.50000000000003 -69.499999999999986
decision_type=10 2 2 2 2 8 10 2 2 2 2 2 1 2 10 2 2 2 2 2 2 2 10 10 2 10 8 2 2 10
left_child=1 2 3 4 5 28 9 -8 -5 10 -6 -10 13 -4 16 18 17 -14 -16 -7 21 25 -22 -18 29 26 -21 -25 -1 -17
right_child=-2 -3 12 8 6 19 7 -9 11 -11 -12 -13 14 -15 15 24 23 -19 -20 20 22 -23 -24 27 -26 -27 -28 -29 -30 -31
leaf_value=-0.029227232915723794 -0.0138784951294767 0.012504590102271925 -0.014982829404930269 -0.005715060606438312 -0.0022311542113894428 -0.002418985732230104 -0.0031552554791247417 -0.032240825222919392 0.01917133761081307 0.002834903128768029 -0.016495528938076848 -0.0037132807635408905 -0.0046802198126607037 0.0047817389231554477 -0.0076688541257847144 0.0024980487070994325 -0.0017239533184115958 -0.02033596851536484 0.012469362423581857 0.0064523101468665616 0.0065828457662896536 0.025443840375919596 -0.011669153799501768 0.027362305496022678 0.016079755499997295 0.002001179170795989 0.027983455670132322 -0.00011323118731053987 -0.003116853077170243 -0.0089807412948402603
leaf_weight=10.423081561923029 26.224622450768948 22.662675000727177 60.454225033521652 19.538196362555027 156.11622742190957 183.71296894550323 17.308399096131328 14.092037394642828 43.255304433405399 138.53014692664146 42.661615654826164 11.177300438284872 156.74502880126238 19.178913347423077 14.570365596562622 52.173839412629604 317.03904850035906 31.802240692079067 85.861060995608568 142.6967795714736 24.167515359818935 14.074042133986948 40.867055915296078 9.9335451051592845 10.929712280631064 467.22135839238763 11.310158282518385 11.920268826186655 13.795458421111105 76.733397610485554
leaf_count=65 131 121 351 93 802 819 87 69 222 701 223 55 812 118 86 277 1875 178 445 811 120 74 198 52 59 2512 63 65 71 403
internal_value=-0.000472873 -0.000308406 -0.000446124 0.000672208 0.000174456 0.00158646 -0.00329872 -0.0168006 0.00914808 -0.00199587 -0.00535981 0.0144899 -0.00222781 -0.00909455 -0.00136852 0.00244644 -0.00313361 -0.00741423 0.00950095 0.0020592 0.0032357 0.00407384 -0.00488955 -0.000737234 -0.00265162 0.00354958 0.00820387 0.0130264 -0.0150675 -0.00435136
internal_weight=2247.18 2220.95 2198.29 1350.95 1276.98 908.268 368.708 31.4004 73.9708 337.308 198.778 54.4326 847.342 79.6331 767.709 240.268 527.44 188.547 100.431 884.05 700.337 635.302 65.0346 338.893 139.837 621.228 154.007 21.8538 24.2185 128.907
internal_count=11958 11827 11706 6985 6615 4733 1882 156 370 1726 1025 277 4721 469 4252 1270 2982 990 531 4597 3778 3460 318 1992 739 3386 874 117 136 680
cat_boundaries=0 1
cat_threshold=65
is_linear=0
shrinkage=0.03


Tree=139
num_leaves=31
num_cat=2
split_feature=5 9 2 18 5 22 3 26 20 3 3 12 9 14 26 2 5 10 12 20 12 3 15 15 13 2 10 12 12 12
split_gain=4.56775 4.72634 6.99053 3.91775 3.84242 2.99265 5.5943 6.38592 5.86304 5.86627 5.25089 8.5663 5.33099 5.85106 4.65541 6.24145 5.13376 4.55102 5.77992 4.46533 4.87531 5.34635 3.93771 4.66941 3.90751 3.87116 6.94283 10.356 5.44738 6.22088
threshold=-4.2425243579337222 21.500000000000004 2.5000000000000004 1.5000000000000002 -4.7229433450037162 1.2500000000000002 5.5000000000000009 0 62.750000000000007 7.5000000000000009 149.50000000000003 10.500000000000002 143.50000000000003 19.500000000000004 1 110.50000000000001 -3.6256724916861063 123.50000000000001 12.500000000000002 88.833333333333357 5.5000000000000009 60.500000000000007 1.5000000000000002 6.5000000000000009 2.5000000000000004 4.5000000000000009 21.500000000000004 1.0000000180025095e-35 9.5000000000000018 4.5000000000000009
decision_type=2 2 2 2 2 8 2 1 8 2 2 2 2 2 1 2 2 2 2 10 2 2 2 2 2 2 2 2 2 2
left_child=1 2 -1 5 -4 -2 14 8 -8 -10 17 -12 -13 -14 15 25 -16 -11 -19 20 21 22 24 -24 -9 26 27 -7 29 -27
right_child=3 -3 4 -5 -6 6 7 19 9 10 11 12 13 -15 16 -17 -18 18 -20 -21 -22 -23 23 -25 -26 28 -28 -29 -30 -31
leaf_value=0.013595499755358295 0.00058504741747142939 0.013645228709915852 0.0014962977406831467 0.01776837638273765 -0.023110185264585196 0.0036259332323767667 0.019562184085816382 0.0043787464619598907 -0.017855339411795533 -0.0002888928665092661 -0.01979907992807076 0.013431388161688516 -0.014650974737994595 0.0062831509143171397 -0.011873239210620482 -0.023080800491403531 0.012590153203554688 0.023959305894267389 0.0018827471048637324 -0.018522111729201676 -0.0027042238692428422 -0.027431043763429166 0.016031317027927428 -0.01071908555796486 -0.016612064113359071 0.0012366393049740429 0.017343846412450088 -0.012211705583245932 -0.004678947118349759 0.017317097439865883
leaf_weight=16.166990898549557 1059.1417237855494 41.766676895320415 10.432512085884811 9.5582034811377508 11.32236313447356 71.875946074724197 11.363290116190909 9.539509102702139 17.641422405838966 276.9966993406415 29.987110838294029 16.861783929169178 27.069585092365742 20.237620405852795 8.1337944343686086 9.4610675908625108 55.553785607218742 15.738468155264853 29.98435265570879 25.577429950237274 178.07207719236612 14.590318016707895 10.803211294114591 10.730629339814184 38.653187245130539 47.457780953496695 13.387437924742697 75.149280235171318 39.863016322255135 39.077941589057446
leaf_count=82 5156 195 51 93 57 481 54 54 86 1443 183 91 183 150 40 52 450 104 169 214 1022 87 68 56 213 270 70 352 199 190
internal_value=-0.000200937 0.00680752 -0.000880529 -0.000462227 -0.011763 -0.000551375 -0.00165131 -0.00315252 -0.000795273 -0.00138961 -0.000651746 -0.00684575 -0.00058155 -0.00575085 0.00140944 -0.000308596 0.0080813 0.00117097 0.00983198 -0.00653342 -0.00554694 -0.0114485 -0.00776359 0.00281707 -0.0124525 0.000509454 -0.00257809 -0.004497 0.00441733 0.00861315
internal_weight=2242.2 79.6885 37.9219 2162.51 21.7549 2152.95 1093.81 733.847 445.88 434.517 416.876 94.1561 64.169 47.3072 359.96 296.272 63.6876 322.72 45.7228 287.966 262.389 84.3169 69.7265 21.5338 48.1927 286.811 160.413 147.025 126.399 86.5357
internal_count=11915 385 190 11530 108 11437 6281 4177 2463 2409 2323 607 424 333 2104 1614 490 1716 273 1714 1500 478 391 124 267 1562 903 833 659 460
cat_boundaries=0 1 2
cat_threshold=112 98
is_linear=0
shrinkage=0.03


Tree=140
num_leaves=31
num_cat=1
split_feature=4 26 3 23 8 12 9 23 6 10 2 20 3 8 5 4 23 12 9 12 10 10 15 15 5 15 1 4 3 20
split_gain=5.10002 8.08154 8.45919 6.79127 6.95876 6.59106 6.06315 5.86768 6.18305 5.64069 7.92442 4.97069 4.64752 6.56597 5.19596 5.70273 5.2741 4.63354 4.61473 4.49547 4.8661 4.97218 7.78475 7.31344 4.81508 12.3399 4.57318 5.75605 5.14661 7.29121
threshold=16.500000000000004 0 35.500000000000007 -16.499999999999996 15.500000000000002 9.5000000000000018 1.5000000000000002 -10.499999999999998 11.500000000000002 94.500000000000014 136.50000000000003 58.750000000000007 21.500000000000004 11.500000000000002 0.25671984684781385 2.5000000000000004 -52.499999999999993 12.500000000000002 26.500000000000004 81.500000000000014 338.50000000000006 218.50000000000003 53.500000000000007 19.500000000000004 0.72749243065792724 39.500000000000007 31.500000000000004 342.50000000000006 81.500000000000014 76.583333333333357
decision_type=2 1 2 8 2 2 2 10 10 2 2 8 2 2 2 2 10 2 2 2 2 2 2 2 2 2 2 2 2 8
left_child=1 6 3 4 12 -4 -1 8 11 10 -8 -2 13 14 17 16 -16 -3 -6 20 21 22 24 -23 26 -26 27 -13 -28 -30
right_child=7 2 5 -5 18 -7 9 -9 -10 -11 -12 19 -14 -15 15 -17 -18 -19 -20 -21 -22 23 -24 -25 25 -27 28 -29 29 -31
leaf_value=0.014592924116540786 0.0046734652855567153 0.0024075860706871659 -0.026342533056456507 0.011487802663168257 -0.017825677656721349 0.00028753326892703507 0.0039731937877731773 -0.013957205383655356 -0.017773661495459777 0.022533009671326144 -0.023623143917430749 -4.3301705602929361e-05 0.014044800588806279 0.0188947704795853 0.0066106256214468672 -0.022237343083611919 -0.011779715182100395 -0.012957543061197629 0.0039892926219388608 0.015623172684480453 -0.01475286895858042 -0.0092622522107232153 -0.011320476108439519 0.013934273681031428 -0.01013969094463805 0.021591290142041208 -0.021876070221679315 0.015521906082359538 0.019818070742350223 -0.011776304741902213
leaf_weight=65.124431274831295 155.82206253707409 235.90108343213797 17.882924817502499 48.419914156198502 29.983940586447716 14.978598363697527 150.87650161236525 29.171005494892597 17.620900310575962 12.456998102366923 8.9881362840533239 990.24609939008951 22.200374647974968 15.059666134417055 26.42519398778677 17.464675508439541 27.846105739474297 18.094803906977177 11.705945611000059 13.530794627964495 22.277950778603554 16.172017723321915 65.307382561266422 42.804675839841366 98.954641789197922 11.454135812819002 17.046197950839996 20.854237288236618 8.8996411263942736 18.580752700567245
leaf_count=532 862 1215 91 232 150 80 868 143 89 66 50 4985 107 70 128 87 133 86 60 70 173 111 381 262 507 61 103 108 41 129
internal_value=0.00012414 0.00219773 -8.77443e-05 0.000989259 -0.000292106 -0.0145543 0.00658356 -0.000857887 -0.000593936 0.00386974 0.00228443 -0.000377816 0.00105255 0.000167573 -0.000753427 -0.00782428 -0.00286769 0.00126644 -0.0117504 -0.000974423 -0.00115728 -0.000911304 -0.00132116 0.00752517 -0.000751895 -0.00668357 -0.000125759 0.000292754 -0.00942695 -0.00120775
internal_weight=2252.15 723.409 485.963 453.102 404.682 32.8615 237.446 1528.74 1499.57 172.322 159.865 1481.95 362.992 340.792 325.732 71.736 54.2713 253.996 41.6899 1326.13 1312.6 1290.32 1231.34 58.9767 1166.04 110.409 1055.63 1011.1 44.5266 27.4804
internal_count=11980 3955 2439 2268 2036 171 1516 8025 7882 984 918 7793 1826 1719 1649 348 261 1301 210 6931 6861 6688 6315 373 5934 568 5366 5093 273 170
cat_boundaries=0 1
cat_threshold=56
is_linear=0
shrinkage=0.03


Tree=141
num_leaves=31
num_cat=1
split_feature=26 4 21 10 20 3 3 3 5 23 20 11 4 13 3 4 1 10 15 3 4 0 2 2 20 5 8 9 6 14
split_gain=5.58447 10.154 10.5647 6.90477 7.20762 6.27974 6.01046 9.08237 6.46196 8.26956 8.96706 8.91528 6.4492 6.30455 5.45444 5.51619 5.33717 10.6353 9.61662 5.14321 6.46477 5.51234 6.25931 8.18186 5.04826 7.95733 6.68847 5.18197 4.91368 4.80637
threshold=0 45.500000000000007 15.500000000000002 68.500000000000014 76.166666666666671 42.500000000000007 140.50000000000003 47.500000000000007 -2.1965466111306506 -95.499999999999986 81.416666666666671 109.50000000000001 183.50000000000003 45.500000000000007 153.50000000000003 216.50000000000003 31.500000000000004 218.50000000000003 31.500000000000004 62.500000000000007 127.50000000000001 436.50000000000006 154.50000000000003 92.500000000000014 72.166666666666671 -1.9056538841968973 33.500000000000007 107.50000000000001 3.5000000000000004 9.5000000000000018
decision_type=1 2 8 2 10 2 2 2 2 10 8 2 2 2 2 2 2 2 2 2 2 2 2 2 10 2 2 2 10 2
left_child=1 2 3 4 5 -1 7 8 9 -3 -11 -12 24 -8 19 -16 -9 18 -18 20 21 22 23 -2 25 -10 -26 -28 -27 -15
right_child=14 6 -4 -5 -6 -7 13 16 12 10 11 -13 -14 29 15 -17 17 -19 -20 -21 -22 -23 -24 -25 26 28 27 -29 -30 -31
leaf_value=0.015148905383448779 -0.0005425657571073839 0.013328391123070963 0.0074650038811216683 0.0093617669203461366 -0.026747326573499167 -0.01407452354464586 -0.021476058413003658 0.0070237865736338528 -0.022864063898110805 0.0067097748402015081 -0.013868522544913548 0.012885147979329508 -0.021514264803541419 -0.010147901334195011 0.022067510487477529 -0.0046583636496157722 0.007342127057374386 0.015042993787835718 -0.025330391544505247 -0.0093573629504548634 0.014409533172184352 -0.018994752204600191 0.021349528753321811 -0.016608093257626147 -0.021931080354903359 0.0085784184183521333 -0.0087992969773929546 0.011615350855852276 -0.0078524276644326204 0.00036113107485697288
leaf_weight=10.375825181603433 719.69972163438797 45.725323759019375 401.10851829871535 17.901131719350815 17.30555422604084 14.847172833979128 16.51080334186554 264.08617339283228 9.9683102145791036 64.179673500359058 56.487207792699337 13.087852522730826 19.183070868253708 53.824383117258549 16.998406991362575 10.837435051798819 12.289752915501593 17.187003947794437 20.897864133119583 66.459515646100044 23.611464686691761 14.374243520200251 10.266555696725844 28.711997210979462 24.084470421075821 61.577175155282021 38.547016277909279 14.650001078844069 21.313871473073959 136.93309850990772
leaf_count=49 3534 230 2433 93 85 72 106 1359 50 319 258 63 100 285 100 69 73 98 124 394 123 90 57 155 134 303 187 73 106 826
internal_value=0.000877094 0.00208263 0.00570408 -0.00591549 -0.0124133 -0.0019338 0.000224801 0.00158275 -0.00160996 0.00246219 -0.00132387 -0.00872459 -0.00546302 -0.00423782 -0.000965174 0.0118615 0.00532044 -0.00357218 -0.0133705 -0.00140325 -0.000728805 -0.0012092 -0.000847663 -0.00118024 -0.00353814 0.00118065 -0.00915076 -0.00306669 0.00431029 -0.00264157
internal_weight=2243.03 1352.07 461.538 60.4297 42.5286 25.223 890.533 683.265 368.804 179.48 133.755 69.5751 189.324 207.268 890.959 27.8358 314.461 50.3746 33.1876 863.123 796.664 773.053 758.678 748.412 170.141 92.8594 77.2815 53.197 82.891 190.757
internal_count=11948 7426 2732 299 206 121 4694 3477 1823 870 640 321 953 1217 4522 169 1654 295 197 4353 3959 3836 3746 3689 853 459 394 260 409 1111
cat_boundaries=0 1
cat_threshold=60
is_linear=0
shrinkage=0.03


Tree=142
num_leaves=31
num_cat=0
split_feature=10 10 20 12 25 1 0 24 3 11 8 10 20 8 3 20 21 11 11 23 23 23 23 6 3 4 13 14 20 4
split_gain=4.69326 5.76189 5.67401 4.13222 4.04083 5.46002 6.97058 4.31026 4.40196 5.50587 5.95053 5.17403 5.89216 3.82568 5.05551 3.67856 3.594 4.1519 5.15283 6.85577 6.31923 6.29342 5.29962 5.109 6.14153 4.65801 5.20116 8.16216 5.58129 4.48263
threshold=348.50000000000006 234.50000000000003 88.583333333333357 41.500000000000007 82.500000000000014 20.500000000000004 622.50000000000011 1.0000000180025095e-35 231.50000000000003 120.50000000000001 281.50000000000006 158.50000000000003 78.166666666666671 33.500000000000007 101.50000000000001 82.125000000000014 -17.499999999999996 271.50000000000006 101.50000000000001 -147.49999999999997 -139.49999999999997 -44.499999999999993 -27.499999999999996 3.5000000000000004 20.500000000000004 133.50000000000003 1.5000000000000002 1.0000000180025095e-35 75.583333333333357 132.50000000000003
decision_type=2 2 8 2 2 2 2 2 2 2 2 2 8 2 2 8 8 2 2 10 10 10 10 10 2 2 2 2 8 2
left_child=1 4 -3 -2 5 6 -1 8 9 11 -11 13 -13 14 -7 -8 -6 18 19 23 -21 -20 29 24 -18 26 -24 -28 -29 -22
right_child=3 2 -4 -5 16 7 15 -9 -10 10 -12 12 -14 -15 -16 -17 17 -19 21 20 22 -23 25 -25 -26 -27 27 28 -30 -31
leaf_value=-0.00091405240006318847 -0.023296753574799701 0.015600106436609772 -0.0058849476486975147 0.0019697692342044398 -0.015473082217633636 -0.0080323958562622498 0.02147837093183487 0.0088378651193137016 -0.017151007427752402 -0.00079231592945394678 0.026534724040557928 0.015498822499812036 -0.0074609129066885854 -0.012546645593220265 0.013159011255564531 0.0023868137360028093 0.038545568180336956 0.019858815886974537 -0.012311619595543865 -0.018365627115174497 0.0046041418933555119 0.0062035570215464549 0.011036308061227835 -0.00018362795875818326 0.01069483030064884 0.0099619893422564273 -0.027289681811123737 0.0051146905176076909 -0.010851409158650051 -0.0039438116550326672
leaf_weight=1139.2214456088841 13.944504305720331 37.467556484043598 14.908303774893282 9.3083868250250799 10.256433323025702 36.777653478085995 18.112353302538395 17.664917916059494 28.175204314291477 32.71467536687851 8.1656476706266385 17.237632676959038 21.510728411376476 104.31472340226173 12.868289090692995 17.845209181308746 9.2603759653866273 10.05979237705469 48.592175994068384 13.483496617525814 362.77141769602895 24.025766745209694 13.252583079040049 20.116345018148422 27.672597348690033 18.409042082726955 16.0863928347826 32.528368249535561 47.230066291987896 64.302543044090271
leaf_count=5833 114 206 115 58 50 222 85 89 181 187 54 87 152 617 73 99 60 56 252 72 1946 128 92 116 145 88 86 159 246 319
internal_value=-0.000392308 -0.000249125 0.0094889 -0.0135181 -0.000488135 -0.00139684 -0.000498853 -0.00515822 -0.00613278 -0.00473633 0.00516938 -0.00685351 0.00288594 -0.00930751 -0.00238819 0.0123245 0.00135209 0.00161739 0.00132634 0.00220738 0.00120163 -0.00618479 0.00170957 0.0120288 0.01851 -0.00363803 -0.00600253 -0.00844815 -0.00435715 0.00331091
internal_weight=2248.28 2225.03 52.3759 23.2529 2172.66 1454.61 1175.18 279.429 261.765 233.589 40.8803 192.709 38.7484 153.961 49.6459 35.9576 718.047 707.791 697.731 625.113 568.064 72.6179 554.58 57.0493 36.933 127.506 109.097 95.8448 79.7584 427.074
internal_count=11987 11815 321 172 11494 7679 6017 1662 1573 1392 241 1151 239 912 295 184 3815 3765 3709 3329 3008 380 2936 321 205 671 583 491 405 2265
is_linear=0
shrinkage=0.03


Tree=143
num_leaves=31
num_cat=1
split_feature=22 13 0 0 11 8 4 13 8 9 8 2 10 15 22 26 15 13 21 2 9 9 0 10 4 0 4 4 8 2
split_gain=3.71873 5.16661 8.62898 5.34459 3.36189 5.29005 4.65975 4.40557 4.31472 4.45386 3.843 5.12638 3.72716 7.09223 9.47603 6.63945 7.40949 6.66475 5.8976 5.7377 6.14319 6.70369 5.51543 4.67163 4.27717 6.36823 4.58692 4.26807 7.37323 7.76998
threshold=-3.4999999999999996 23.500000000000004 60.500000000000007 317.50000000000006 285.50000000000006 242.50000000000003 96.500000000000014 125.50000000000001 281.50000000000006 120.50000000000001 414.50000000000006 369.50000000000006 107.50000000000001 16.500000000000004 3.2500000000000004 0 1.5000000000000002 155.50000000000003 16.500000000000004 355.50000000000006 70.500000000000014 150.50000000000003 347.50000000000006 124.50000000000001 266.50000000000006 581.50000000000011 228.50000000000003 163.50000000000003 156.50000000000003 1.0000000180025095e-35
decision_type=8 2 2 2 2 2 2 2 2 2 2 2 2 2 8 1 2 2 8 2 2 2 2 2 2 2 2 2 2 2
left_child=1 2 -1 -3 5 12 -7 -6 -8 -10 -11 -12 13 24 18 19 -17 23 -15 20 -14 -22 -16 -18 25 26 27 -2 29 -29
right_child=4 3 -4 -5 7 6 8 -9 9 10 11 -13 15 14 22 16 17 -19 -20 -21 21 -23 -24 -25 -26 -27 -28 28 -30 -31
leaf_value=0.016706125330055249 -4.2081917338982505e-05 0.032348439977268328 -0.014861541070820229 0.0033977488734388537 0.0015055929132479604 -0.019105453860817665 -0.014199524695444068 0.022198831602839014 0.01122468712081889 -0.010490136084757552 0.018643516848001269 -0.0094151211402095161 -0.018972041088043051 -0.015294032457697551 -0.02797710211938224 -0.022094183545926203 0.017178486721296543 -0.010577037301287387 0.00053671182987621022 0.023295089720219188 0.018257475298049324 0.0028838940864330856 -0.0079475413429735894 0.00072320192441319327 0.017130375921257896 -0.021550591396232079 -0.017297166095730371 0.023087320036905768 0.028986607903760463 -0.0030046931397382697
leaf_weight=13.256170041859152 1429.7056360580027 10.957608342170717 16.19205442070961 11.541134901344774 29.772703304886818 20.596714846789837 25.493154771625996 12.546711206436155 21.250342182815075 35.676817834377289 11.174702160060408 10.426057547330855 7.8846296221017829 24.288835719227791 21.81691650301218 13.964164733886717 20.418491616845131 33.585100963711739 129.96454098820686 17.137535907328129 33.511906549334526 100.0294111892581 29.570595748722553 56.799693420529366 12.195487841963766 11.268097214400767 12.439247854053972 12.340309262275694 11.012737572193144 43.907374754548073
leaf_count=65 7481 55 73 57 163 129 155 85 121 235 71 79 43 122 119 77 111 203 643 99 170 570 163 322 63 71 64 58 58 210
internal_value=-7.31867e-05 0.00778301 -0.000569329 0.0182742 -0.000263109 -0.000429905 -0.00640351 0.00801147 -0.00373049 -0.000196033 -0.00455309 0.00528308 -5.87332e-05 -0.000579204 -0.00579648 0.00312567 -0.00211163 0.000392924 -0.00203846 0.006932 0.00528625 0.00684889 -0.0168229 0.0052384 0.000124039 -2.35168e-05 0.00015135 0.000307791 0.00763645 0.00302299
internal_weight=2240.72 51.947 29.4482 22.4987 2188.78 2146.46 124.618 42.3194 104.021 78.5279 57.2776 21.6008 2021.84 1738.51 205.641 283.331 124.767 110.803 154.253 158.563 141.426 133.541 51.3875 77.2182 1532.87 1520.67 1509.41 1496.97 67.2604 56.2477
internal_count=11935 250 138 112 11685 11437 790 248 661 506 385 150 10647 9052 1047 1595 713 636 765 882 783 740 282 433 8005 7942 7871 7807 326 268
cat_boundaries=0 1
cat_threshold=51
is_linear=0
shrinkage=0.03


Tree=144
num_leaves=31
num_cat=0
split_feature=20 20 22 15 20 4 6 10 13 14 8 20 22 20 23 14 24 8 25 23 12 23 23 8 9 1 13 6 14 11
split_gain=5.04855 4.12687 7.75086 6.23177 6.7034 7.66871 5.08198 4.64094 4.59687 5.8793 6.83787 5.65907 5.45245 5.13773 5.1228 5.09117 4.54682 7.93945 6.93433 7.73753 10.3363 8.80832 6.54668 6.06923 6.83471 5.87133 5.87098 5.23339 8.14275 4.97901
threshold=20.500000000000004 75.583333333333357 4.7500000000000009 62.500000000000007 74.166666666666671 38.500000000000007 2.5000000000000004 173.50000000000003 33.500000000000007 6.5000000000000009 12.500000000000002 64.750000000000014 1.7500000000000002 73.166666666666671 -113.49999999999999 10.500000000000002 1.0000000180025095e-35 12.500000000000002 52.500000000000007 -37.499999999999993 1.5000000000000002 -153.49999999999997 -22.499999999999996 4.5000000000000009 24.500000000000004 8.5000000000000018 7.5000000000000009 26.500000000000004 1.0000000180025095e-35 46.500000000000007
decision_type=8 10 10 2 10 2 8 2 2 2 2 8 10 10 10 2 2 2 2 10 2 8 10 2 2 2 2 8 2 2
left_child=-1 2 3 4 6 -6 -2 -5 12 10 -10 -11 13 16 -12 -13 18 26 22 20 21 -20 -8 24 27 -25 -18 28 -21 -22
right_child=1 -3 -4 7 5 -7 8 -9 9 11 14 15 -14 -15 -16 -17 17 -19 19 23 29 -23 -24 25 -26 -27 -28 -29 -30 -31
leaf_value=0.019748288335520472 -0.0023943777695776712 -0.0020177229362218913 0.0086998708393872456 -0.025971959899317245 -0.0004114616484137616 0.026089225100526404 -0.0044449249569917795 -0.00029094101730764465 -0.0099536695264921416 -0.010690015687636285 -0.0014982934369562797 -0.0063171510758320819 -0.0094884167757003299 -0.017436288782945068 0.024590312246197767 0.016794093055637772 -0.0056361378216300715 -0.022184612534728292 -0.010278311117195692 -0.024455702524365248 0.0067934403504186234 0.021658182837299721 0.0077932290996787189 -0.016530573992615261 0.021074185669864971 0.0026567466162120833 0.015053361708014726 0.017346523309607391 0.0043319532375664651 -0.008595299123772512
leaf_weight=10.339741390198467 498.85701674968004 816.78628920763731 99.233138203620911 13.291501991450788 20.058078482747078 18.211095131933689 161.02943480759859 11.414322488009928 7.8766866698861113 22.788885697722435 8.2993563264608365 13.082739770412443 44.343592807650566 11.908657297492026 33.364665843546391 21.765195913612843 41.898584619164467 17.602855950593948 8.2020489051938039 12.376184858381746 89.794950932264328 65.729487057775259 50.979177244007587 29.374970592558384 17.939891412854195 26.756332397460938 16.331285744905472 10.779299110174177 25.404159069061279 22.991479955613613
leaf_count=124 2511 4430 459 62 92 91 726 54 42 119 45 67 198 52 179 112 324 104 57 76 523 469 222 167 87 142 102 99 132 117
internal_value=-0.000218606 -0.000319612 0.000656719 4.70653e-05 0.000336539 0.0125426 -4.39986e-05 -0.01458 0.00149863 0.00722704 0.0146961 0.00066604 0.000549451 0.00129458 0.0194802 0.0081834 0.00169662 -0.00512263 0.0026964 0.00555378 0.00938245 0.0180252 -0.00147939 -0.000304486 0.00578864 -0.00749806 0.000322671 -0.000169746 -0.00548583 0.00360848
internal_weight=2248.81 2238.47 1421.69 1322.45 1297.75 38.2692 1259.48 24.7058 760.62 107.178 49.5407 57.6368 653.442 609.099 41.664 34.8479 597.19 75.8327 521.357 309.349 186.718 73.9315 212.009 122.631 66.4995 56.1313 58.2299 48.5596 37.7803 112.786
internal_count=11984 11860 7430 6971 6855 183 6672 116 4161 564 266 298 3597 3399 224 179 3347 530 2817 1869 1166 526 948 703 394 309 426 307 208 640
is_linear=0
shrinkage=0.03


Tree=145
num_leaves=31
num_cat=1
split_feature=26 15 20 3 14 3 22 15 14 20 25 9 5 9 21 9 5 8 9 15 14 11 8 4 9 12 14 5 14 11
split_gain=4.89845 5.10444 5.77223 11.2422 8.14824 7.31738 5.56344 6.72458 5.60552 4.81664 4.60176 5.10719 6.38166 4.56834 7.70006 7.37641 5.55887 5.22013 5.21536 7.17208 4.4487 4.8329 4.32722 4.88272 7.10454 5.71152 6.65377 5.38064 4.51166 4.73799
threshold=0 14.500000000000002 62.750000000000007 110.50000000000001 15.500000000000002 40.500000000000007 134.83333333333334 26.500000000000004 5.5000000000000009 78.583333333333357 147.50000000000003 19.500000000000004 -2.0811278839191552 80.500000000000014 -8.4999999999999982 107.50000000000001 0.55961578793542299 33.500000000000007 132.50000000000003 59.500000000000007 3.5000000000000004 33.500000000000007 66.500000000000014 133.50000000000003 83.500000000000014 1.5000000000000002 2.5000000000000004 0.37469344944141075 8.5000000000000018 111.50000000000001
decision_type=1 2 8 2 2 2 8 2 2 10 2 2 2 2 10 2 2 2 2 2 2 2 2 2 2 2 2 2 2 2
left_child=1 -1 3 -3 -5 20 7 -7 -9 22 11 -11 -13 -10 15 -15 -16 -17 -19 -20 -4 -22 -2 24 25 26 -24 -26 29 -25
right_child=9 2 5 4 -6 6 -8 8 13 10 -12 12 -14 14 16 17 -18 18 19 -21 21 -23 23 28 27 -27 -28 -29 -30 -31
leaf_value=0.0040927884111691942 0.00081633702663731831 0.020954155662342953 0.0069876300513787232 -0.024436611938546082 0.0085596321124934739 0.0074287342401800236 -0.012354614248903238 -0.014799349718938157 -0.0091866172472857832 0.0013795807648953173 0.013569077049955653 0.0046872003896512721 -0.011852013772260585 0.022382475510782689 -0.014818748785443828 0.019859993003385812 0.011342559282911094 -0.013586441402332007 0.010610263013403424 -0.0060104668223174267 -0.019239279336251268 0.00040749287678812525 0.01328403814082698 -0.00042106040221469288 0.013920753482774625 -0.020787970765076175 -0.016294817400521175 -0.015548565869686991 -0.007797337661726903 0.018417704892576301
leaf_weight=491.88522771373391 857.35204942151904 30.148974418640137 10.399484448134897 10.771729856729509 14.901306234300135 109.83557943999767 28.097460702061653 24.440517470240593 38.614816211163998 59.686725087463856 10.493750318884848 24.818876385688782 120.41959600150585 18.705370269715786 32.65296758711338 13.017043210566042 8.5387409850954992 18.746372997760773 52.486783482134342 40.621131755411625 39.921829260885715 15.494295157492159 11.733798354864122 33.023704342544079 16.711081437766556 41.615284167230129 13.838078439235685 7.1926267743110648 31.825319774448872 17.848149359226227
leaf_count=2684 4269 163 52 52 73 538 187 127 200 289 52 125 789 99 202 72 53 105 293 257 212 80 53 167 108 227 77 45 217 85
internal_value=0.000346619 0.00189942 -0.000193422 0.00881962 -0.00568184 -0.00132461 0.000262301 0.00128516 -0.00145659 -0.000906632 -0.00498277 -0.00599405 -0.00901301 6.27031e-05 0.00203477 0.0053155 -0.0092554 0.0026014 0.000434751 0.00337215 -0.0104905 -0.0138362 -5.9853e-05 -0.00436232 -0.00911431 -0.0140571 -0.00273325 0.00478515 0.000918353 0.00641607
internal_weight=2245.84 999.28 507.394 55.822 25.673 451.572 385.757 357.659 247.824 1246.56 215.419 204.925 145.238 223.383 184.768 143.577 41.1917 124.871 111.854 93.1079 65.8156 55.4161 1031.14 173.788 91.0909 67.1872 25.5719 23.9037 82.6972 50.8719
internal_count=11952 5449 2765 288 125 2477 2133 1946 1408 6503 1255 1203 914 1281 1081 826 255 727 655 550 344 292 5248 979 510 357 130 153 469 252
cat_boundaries=0 1
cat_threshold=40
is_linear=0
shrinkage=0.03


Tree=146
num_leaves=31
num_cat=1
split_feature=20 3 5 10 1 0 15 15 8 9 14 1 14 14 8 0 20 13 5 5 20 9 23 0 0 26 23 14 10 23
split_gain=6.30897 5.53745 5.59984 5.54014 6.75826 6.42372 7.70422 6.05747 5.34184 5.30239 5.171 4.92572 4.57064 5.67766 4.19125 3.97003 3.93182 3.90368 3.68756 3.50333 3.38294 3.30936 3.50579 4.70372 3.62139 2.9833 5.51868 4.55728 3.2776 7.29338
threshold=29.500000000000004 231.50000000000003 0.75239990483332042 218.50000000000003 30.500000000000004 466.50000000000006 31.500000000000004 52.500000000000007 185.50000000000003 112.50000000000001 40.500000000000007 21.500000000000004 37.500000000000007 26.500000000000004 74.500000000000014 980.50000000000011 63.250000000000007 118.50000000000001 -0.20444047292417619 -0.4228568508200336 88.166666666666671 370.00000000000006 -183.49999999999997 125.50000000000001 222.50000000000003 0 -24.499999999999996 1.5000000000000002 92.500000000000014 -81.499999999999986
decision_type=8 2 2 2 2 2 2 2 2 2 2 2 2 2 2 2 8 2 2 2 8 2 8 2 2 1 10 2 2 10
left_child=-1 3 11 4 12 -6 8 -8 14 -4 20 -3 13 15 -7 21 -13 -11 -14 -15 -5 22 23 -2 -25 26 27 -24 -27 -30
right_child=1 2 9 10 5 6 7 -9 -10 17 -12 16 18 19 -16 -17 -18 -19 -20 -21 -22 -23 25 24 -26 28 -28 -29 29 -31
leaf_value=0.019772747302514063 -0.021389045022343286 0.0053367448383010692 -0.014256889809339604 0.01979717652201041 -0.028340346947666885 0.001454842421128068 -0.025893088647096496 -0.0018762039695784066 -0.011147778540465369 0.02147266376554437 -0.0078319028122701001 0.0037976878303190753 0.023935007437169101 3.8243540372455623e-05 0.027392958782022244 0.013996062021673366 -0.018754286925072371 -0.0038295030332535594 0.00048403843954398606 -0.018198653681490609 0.00013874359166139862 -0.014220649614701932 -0.00064907490693174045 0.012524321891141573 -0.0079482551765650365 -0.00028724764101628093 0.012645732072581186 -0.018234561954897619 0.011739073205336415 -0.00018070712240176478
leaf_weight=12.531859911978243 15.210368655622004 11.447495691478251 9.9893911555409449 27.981016971170902 12.160953409969805 12.163826890289785 19.082423962652683 18.172057427465916 11.092522807419298 12.397519066929819 11.553388945758341 7.6905817538499823 11.517687581479551 14.910044595599173 9.5934558808803541 16.421566374599934 50.623187117278576 8.8499900475144369 11.733725927770136 25.012633666396141 10.839218132197855 14.445578671991823 23.2729537114501 10.192071519792078 24.557129964232445 1570.1009625084698 10.05454485863447 30.072568148374557 67.499601311981678 141.81812169402838
leaf_count=149 86 59 50 148 71 70 118 112 78 68 76 35 64 88 51 95 366 55 66 141 80 85 118 51 129 8072 49 171 355 760
internal_value=-0.00065053 -0.000774644 -0.00760247 -0.000445847 -0.000687155 -0.00906044 -0.00536443 -0.0145334 0.00515609 0.00289374 0.00928624 -0.0122768 -0.000336071 -0.000495693 0.0135929 -0.000260327 -0.0157662 0.0112354 0.0126085 -0.0115532 0.0144496 -0.000390347 -0.000277342 -0.00803943 -0.0017612 -6.26625e-05 -0.00594834 -0.0107157 0.000182649 0.00370066
internal_weight=2232.99 2220.46 100.998 2119.46 2069.08 82.2652 70.1043 37.2545 32.8498 31.2369 50.3736 69.7613 1986.82 1963.57 21.7573 1923.65 58.3138 21.2475 23.2514 39.9227 38.8202 1907.22 1892.78 49.9596 34.7492 1842.82 63.4001 53.3455 1779.42 209.318
internal_count=11916 11767 633 11134 10830 500 429 230 199 173 304 460 10330 10200 121 9971 401 123 130 229 228 9876 9791 266 180 9525 338 289 9187 1115
cat_boundaries=0 1
cat_threshold=1
is_linear=0
shrinkage=0.03


Tree=147
num_leaves=31
num_cat=2
split_feature=26 20 11 20 21 26 5 23 5 11 5 8 2 25 5 23 8 2 12 3 9 20 12 15 8 6 12 8 20 5
split_gain=4.8711 5.07141 4.49548 4.80506 6.76747 6.1026 13.1863 7.49574 8.06403 6.42508 5.71675 6.64811 5.66752 7.75714 5.96207 5.95528 10.376 5.16955 5.64075 4.94062 5.17437 4.69165 4.51701 6.92877 5.16425 6.50864 4.46676 5.56015 5.89367 6.4636
threshold=0 68.750000000000014 297.00000000000006 79.583333333333357 14.500000000000002 1 0.083306131544387277 -66.499999999999986 -0.93023247154921418 13.500000000000002 -0.76590749908646683 74.500000000000014 17.500000000000004 117.50000000000001 -0.43545296941055905 -59.499999999999993 80.500000000000014 118.50000000000001 8.5000000000000018 147.50000000000003 18.500000000000004 89.833333333333357 13.500000000000002 57.500000000000007 2.5000000000000004 3.5000000000000004 23.500000000000004 41.500000000000007 73.583333333333357 -0.23277692647456269
decision_type=1 10 2 10 8 1 2 10 2 2 2 2 2 2 2 10 2 2 2 2 2 10 2 2 2 10 2 2 8 2
left_child=1 -1 3 26 10 6 12 8 -7 19 11 -5 15 14 17 -6 -17 18 -14 20 -10 -15 24 -24 -9 -26 -2 28 -28 -30
right_child=2 -3 -4 4 5 7 -8 22 9 -11 -12 -13 13 21 -16 16 -18 -19 -20 -21 -22 -23 23 -25 25 -27 27 -29 29 -31
leaf_value=-0.0010817714295692988 0.00041458909519012454 -0.016388452743842319 0.010272301903531195 -0.01541915371571604 -0.025211704160083118 0.013899428645635722 0.013010391513980103 -0.010993495495712928 0.01124331215653138 -0.024164998349752918 -0.014014004427286212 0.014502161999462099 0.010401091772811998 0.0034207066696503884 -0.015841488954756618 0.013500595775039719 -0.023169622333412434 0.014069736194554807 -0.013252250793808543 0.019721333243131751 -0.0083633381985172978 0.025715046432915289 -0.018452101662074623 0.011909248378537613 -0.0049940480932379495 0.017091567700802175 0.0037281517475862141 -0.00050038823831100542 0.0065487948193714883 0.029840144110871845
leaf_weight=45.422752544283867 1326.510947227478 33.312554486095905 38.996738433837891 10.248623244464399 16.002166032791138 34.517686367034912 76.204473540186882 49.34725059568882 15.694030374288557 10.380073726177214 67.987656988203526 15.505803942680357 13.308855831623076 20.135386317968369 24.287802740931511 15.17170123755932 11.183366864919661 18.865612156689167 24.102425806224346 8.9875677898526174 43.47780953347683 14.168749801814554 51.230502791702747 7.0742112547159186 34.883613519370556 17.077301517128944 59.013079889118671 80.506624296307564 22.276414163410664 21.06031446158886
leaf_count=234 6988 225 229 58 69 185 381 258 73 71 442 85 58 89 138 64 50 101 116 61 279 70 334 53 199 85 277 404 116 113
internal_value=2.2798e-05 -0.00682617 0.000307215 0.000119648 -0.00214958 -0.000770438 0.00273814 -0.00373665 0.00202843 -0.00329796 -0.00950863 0.0024641 -0.00211833 0.00135873 -0.00373849 -0.0113617 -0.00233801 0.00167027 -0.00478599 0.000183365 -0.00306267 0.0130966 -0.00804003 -0.0146296 -0.00414168 0.0024502 0.00102229 0.00540459 0.0100092 0.0182854
internal_weight=2226.94 78.7353 2148.21 2109.21 599.843 506.101 233.431 272.67 113.057 78.5395 93.7421 25.7544 157.226 114.869 80.5647 42.3572 26.3551 56.2769 37.4113 68.1594 59.1718 34.3041 159.613 58.3047 101.308 51.9609 1509.37 182.856 102.35 43.3367
internal_count=11905 459 11446 11217 3319 2734 1136 1598 669 484 585 143 755 572 413 183 114 275 174 413 352 159 929 387 542 284 7898 910 506 229
cat_boundaries=0 1 2
cat_threshold=1 32
is_linear=0
shrinkage=0.03


Tree=148
num_leaves=31
num_cat=2
split_feature=12 23 23 14 1 18 24 26 23 25 21 23 23 23 6 9 5 5 21 1 15 12 23 5 14 26 12 22 12 6
split_gain=5.34579 4.58208 8.27246 8.5705 8.11978 6.41152 7.1989 6.39124 20.0985 6.19481 5.75681 9.9688 5.61421 5.03334 4.95381 4.76647 4.87987 5.43299 4.48036 4.41388 5.97905 4.3095 5.11597 6.69041 6.57454 5.14912 6.3629 4.92362 4.89099 4.46303
threshold=79.500000000000014 -37.499999999999993 -34.499999999999993 3.5000000000000004 27.500000000000004 1.0000000180025095e-35 1.0000000180025095e-35 0 -44.499999999999993 132.50000000000003 6.5000000000000009 -27.499999999999996 -83.499999999999986 -120.49999999999999 1.5000000000000002 73.500000000000014 0.58301848981776472 -0.98589372351745463 14.500000000000002 15.500000000000002 45.500000000000007 32.500000000000007 -24.499999999999996 -2.9249504913930973 13.500000000000002 1 3.5000000000000004 -1.0000000180025095e-35 11.500000000000002 1.5000000000000002
decision_type=2 10 10 2 2 2 2 1 10 2 8 10 10 8 10 2 2 2 8 2 2 2 10 2 2 1 2 10 2 8
left_child=1 4 3 -3 5 7 -7 -1 -9 15 11 -4 13 -8 -5 -6 17 -17 -12 -13 -21 22 25 -24 29 -20 -27 -26 -28 -25
right_child=-2 2 10 14 9 6 12 8 -10 -11 18 19 -14 -15 -16 16 -18 -19 21 20 -22 -23 23 24 27 26 28 -29 -30 -31
leaf_value=0.0023700947981220278 0.015464082827314306 -0.021071199058895658 -0.013501837179910868 0.010371424166646853 -0.023980994488931696 0.015066916992575119 -0.0048410774998735107 -0.0062428747753954395 0.019940381782135242 0.013618930416105138 -0.018202568058254136 0.0013082230623415027 -0.015454011237790931 0.02504247073755116 -0.0096799520983849238 0.007114370078094857 0.0074687290448367744 -0.01047596589440768 0.0046270002578228421 0.029418519631410893 0.0024494821960064643 -0.010301521317411641 0.0078368468419171972 -0.01336760890514257 0.024853957598287051 -0.01561390211202577 0.0099803590452444621 -0.00013271383220118054 -0.011021890213054594 -0.0040814135459881938
leaf_weight=867.41413055360317 19.046791590750217 38.0486144348979 14.498021915554999 17.407120257616043 12.651615746319292 63.214962661266327 10.83239960670471 219.56022143736482 28.988647900521755 13.409210048615931 13.435498550534247 16.452773451805115 14.601758286356924 8.1224845573306101 26.939562678337097 18.037122547626495 21.835236109793186 99.063129641115665 207.72683368623257 21.222883835434914 11.382490307092665 43.730872735381126 43.316782210022211 59.014383032917976 9.7439013272523898 28.45505840331316 27.062958501279354 20.882019765675068 14.52170407027006 215.98639606684446
leaf_count=4278 99 189 84 96 77 653 97 1113 137 64 75 80 122 73 138 111 133 661 1073 114 68 234 205 298 58 141 145 111 78 1106
internal_value=4.20323e-05 -9.79706e-05 -0.00185781 -0.0108201 0.000962587 0.00181305 0.00918037 0.00116654 -0.00300115 -0.00526163 -0.00085669 0.00770918 -0.00202397 0.00857775 -0.00175417 -0.00701009 -0.00530438 -0.0077292 -0.00166286 0.0141221 0.0203567 -0.00130479 -0.000661597 -0.00307602 -0.00464322 0.00237166 -0.00433008 0.00835152 0.0025596 -0.00611542
internal_weight=2226.61 2207.56 829.828 82.3953 1377.73 1212.73 96.7716 1115.96 248.549 164.996 747.433 63.5562 33.5566 18.9549 44.3467 151.587 138.935 117.1 683.876 49.0581 32.6054 670.441 626.71 348.943 305.627 277.767 70.0397 30.6259 41.5847 275.001
internal_count=11911 11812 4293 423 7519 6473 945 5528 1250 1046 3870 346 292 170 234 982 905 772 3524 262 182 3449 3215 1778 1573 1437 364 169 223 1404
cat_boundaries=0 1 2
cat_threshold=58 54
is_linear=0
shrinkage=0.03


Tree=149
num_leaves=31
num_cat=1
split_feature=22 2 6 2 22 6 0 3 26 13 22 4 0 12 20 10 20 2 10 20 11 20 4 0 2 3 3 15 22 13
split_gain=5.17886 6.57725 4.57126 7.49003 6.3574 5.2829 3.85724 7.79993 3.73627 5.98232 5.11939 4.9651 7.06547 5.87837 4.81948 5.50758 5.47547 4.68285 4.56036 4.56183 4.55575 5.44279 4.88111 4.44654 7.60639 4.37695 5.11485 4.92189 5.82929 4.57034
threshold=-3.4999999999999996 49.500000000000007 22.500000000000004 3.5000000000000004 -1.0000000180025095e-35 25.500000000000004 82.500000000000014 42.500000000000007 0 30.500000000000004 -0.74999999999999989 38.500000000000007 142.50000000000003 9.5000000000000018 57.750000000000007 4.5000000000000009 61.750000000000007 391.00000000000006 8.5000000000000018 29.500000000000004 257.50000000000006 94.833333333333357 419.00000000000006 198.50000000000003 24.500000000000004 246.50000000000003 286.50000000000006 78.500000000000014 4.7500000000000009 181.50000000000003
decision_type=8 2 8 2 10 10 2 2 1 2 8 2 2 2 10 2 10 2 2 10 2 10 2 2 2 2 2 2 8 2
left_child=1 6 8 4 5 -4 -1 -8 10 11 -2 12 13 14 15 -10 -16 -11 -17 -20 21 25 -22 -14 -25 27 -27 29 -29 -12
right_child=2 -3 3 -5 -6 -7 7 -9 9 17 20 -13 23 -15 16 18 -18 -19 19 -21 22 -23 -24 24 -26 26 -28 28 -30 -31
leaf_value=0.014038371970704568 0.0084355923834020588 0.02835525686999639 0.007659353747255274 0.0187486568124401 -0.022153308269911912 -0.012044411764167493 -0.022288398882729248 0.010675462808066905 0.0061171779266105042 -0.0082323478830140361 0.00044994264300534477 0.0026793770278696668 -0.018387102136233898 0.0099025324897392235 0.014957604395429957 -0.032089793873012355 -0.0019773475018581882 0.012564428995565194 0.0043155418359294481 -0.017944960242076043 0.020721153003326429 -0.011722674151490886 -0.0064075120127583367 0.017947245516038726 -0.012590080280449634 -0.019675397363865654 -0.0004452448755583659 0.0027980608584482827 0.032198124881412507 -0.014896617309416065
leaf_weight=16.765678346157074 68.133933551609516 11.512004077434538 63.496429562568665 28.347530927509069 8.3985924795269948 14.177746705710886 10.726540684700014 13.465050496160982 13.766870640218256 164.7649414204061 1099.7614534758031 231.67648827657104 37.272339858114719 38.545801766216755 18.341438442468643 10.089844711124895 152.96764849126339 9.4816830903291685 13.043093159794806 20.260217487812042 17.774340398609642 34.926637537777424 8.1806390136480314 9.6890460103750211 22.543051317334175 20.324141353368759 30.02138540148735 17.618079021573067 8.4372335746884364 16.746782183647156
leaf_count=82 359 54 478 201 38 83 49 67 96 932 5626 1212 193 191 76 67 682 65 107 90 109 243 57 49 135 117 181 102 52 98
internal_value=7.54324e-05 0.0092995 -0.000150865 0.00565941 0.00118274 0.00395548 0.00339528 -0.00424525 -0.000475491 -0.00216047 0.000484443 -0.0006937 -0.00301695 -0.000783508 -0.00262168 -0.0100834 -8.79e-05 -0.00703545 -0.0152452 -0.00935508 4.98408e-05 -0.000217817 0.0122501 -0.0114643 -0.00314666 0.000128565 -0.00844033 0.000513193 0.0131566 0.000206632
internal_weight=2231.26 52.4693 2178.79 114.42 86.0728 77.6742 40.9573 24.1916 2064.37 742.442 1321.92 568.196 336.519 267.015 228.469 57.16 171.309 174.247 43.3932 33.3033 1253.79 1227.84 25.955 69.5044 32.2321 1192.91 50.3455 1142.56 26.0553 1116.51
internal_count=11891 252 11639 800 599 561 198 116 10839 3895 6944 2898 1686 1309 1118 360 758 997 264 197 6585 6419 166 377 184 6176 298 5878 154 5724
cat_boundaries=0 1
cat_threshold=120
is_linear=0
shrinkage=0.03


Tree=150
num_leaves=31
num_cat=2
split_feature=26 22 13 0 10 20 22 26 20 4 3 14 2 12 3 10 2 1 14 9 12 22 14 12 9 9 20 3 14 0
split_gain=5.22055 7.40348 4.64311 5.47433 5.73597 7.07987 5.29632 5.1195 6.0004 6.59861 5.91053 5.24904 4.44345 4.83106 4.31378 7.30437 8.26869 6.61194 4.67342 6.91574 5.78287 5.8343 4.52865 5.02965 4.2317 3.57285 3.54991 5.58175 4.05087 4.53795
threshold=0 1.2500000000000002 4.5000000000000009 154.50000000000003 19.500000000000004 80.250000000000014 3.2500000000000004 1 90.833333333333357 108.50000000000001 114.50000000000001 11.500000000000002 65.500000000000014 5.5000000000000009 149.50000000000003 114.50000000000001 183.50000000000003 31.500000000000004 10.500000000000002 127.50000000000001 24.500000000000004 103.25000000000001 11.500000000000002 14.500000000000002 6.5000000000000009 40.500000000000007 79.583333333333357 47.500000000000007 11.500000000000002 225.50000000000003
decision_type=1 10 2 2 2 10 8 1 10 2 2 2 2 2 2 2 2 2 2 2 2 10 2 2 2 2 10 2 2 2
left_child=-1 -2 24 4 6 -6 -4 14 9 12 11 -11 13 -9 15 16 22 -17 -16 -20 -21 -22 23 -5 -3 -26 28 -28 29 -15
right_child=1 2 3 7 5 -7 -8 8 -10 10 -12 -13 -14 26 18 17 -18 -19 19 20 21 -23 -24 -25 25 -27 27 -29 -30 -31
leaf_value=-0.0031264630848674355 0.0021726235249720548 0.0015704739980531149 -0.015663219877623008 0.008678838493100376 0.017651888800618111 -0.0067662572940333605 0.0091817103507115302 -0.01679348845983817 -0.022669445614129074 -0.0043879164430854802 -0.0065797615193999241 0.023461381966437298 -0.013703567801500612 0.0010643436111693904 -0.013146989350102415 0.022153517040224804 -0.023669354637358829 -0.0014279898858263278 0.020118262263203318 -0.013190415230404141 0.02665480686560066 -0.0093784342440797544 -0.013413270858502481 -0.0091179899773198864 -0.027940729300387775 -0.0068367753542344081 -0.024348329238720587 0.0088075585127409869 -0.0073495567456579479 0.025840442056346381
leaf_weight=316.97042228281498 1359.4553130380809 15.657695814967154 16.381201177835464 66.068498574197292 41.076677054166794 13.720995180308817 13.009784430265428 15.697253309190272 17.086365818977356 8.6855007484555262 21.084606274962425 17.422791808843613 61.872719302773476 13.702705107629301 34.291967622935772 28.49179370701313 11.433298401534556 16.614381693303585 11.911060974001883 26.367226637899876 7.4995211660861951 6.9723587110638618 13.176489144563673 17.284787066280842 14.153465367853643 15.445813596248625 9.0577672868967074 7.6416310146450988 11.93685971200466 12.09966830909252
leaf_count=1540 7331 69 74 303 189 78 59 88 162 51 137 99 366 68 199 148 58 92 60 184 45 59 65 84 64 77 62 53 62 62
internal_value=0.000378285 0.000967816 -0.00190841 -0.00109684 0.00586363 0.0115261 -0.00472547 -0.00244997 -0.00587245 -0.00447988 0.00507157 0.0143766 -0.00790696 -0.00267254 0.000580115 0.00362894 -0.000634023 0.0136249 -0.00469588 0.000940423 -0.00500011 0.00981037 0.00230907 0.00492401 -0.0110183 -0.0175114 0.00162868 -0.00953581 0.00668753 0.0132134
internal_weight=2242.27 1925.3 565.845 520.588 84.1887 54.7977 29.391 436.399 196.288 179.202 47.1929 26.1083 132.009 70.1359 240.111 153.069 107.963 45.1062 87.0421 52.7502 40.8391 14.4719 96.5298 83.3533 45.257 29.5993 54.4386 16.6994 37.7392 25.8024
internal_count=11988 10448 3117 2907 400 267 133 2507 1210 1048 287 150 761 395 1297 750 510 240 547 348 288 104 452 387 210 141 307 115 192 130
cat_boundaries=0 1 2
cat_threshold=65 32
is_linear=0
shrinkage=0.03


Tree=151
num_leaves=31
num_cat=1
split_feature=8 2 2 4 13 13 23 10 4 26 23 12 4 13 9 9 9 4 8 8 8 0 3 13 8 4 4 23 23 23
split_gain=3.05934 6.49536 6.35361 4.10259 5.48695 3.42324 4.34241 4.0914 8.63934 7.15781 8.99405 8.79263 6.27978 6.13609 5.53237 8.24039 5.1039 5.023 5.23034 5.93826 3.60149 3.44875 5.44646 6.61096 5.10069 4.94989 6.31277 5.8255 6.37105 5.34954
threshold=313.50000000000006 456.50000000000006 229.50000000000003 317.50000000000006 75.500000000000014 185.50000000000003 -45.499999999999993 97.500000000000014 15.500000000000002 0 -56.499999999999993 33.500000000000007 109.50000000000001 126.50000000000001 216.50000000000003 170.50000000000003 329.50000000000006 87.500000000000014 120.50000000000001 228.50000000000003 198.50000000000003 432.50000000000006 98.500000000000014 32.500000000000007 110.50000000000001 248.50000000000003 175.50000000000003 -102.49999999999999 -59.499999999999993 -36.499999999999993
decision_type=2 2 2 2 2 2 8 2 2 1 10 2 2 2 2 2 2 2 2 2 2 2 2 2 2 2 2 10 10 10
left_child=1 5 3 4 -2 7 -7 13 -9 21 11 12 -11 16 15 -14 -1 -12 -19 -20 -16 -10 23 -23 25 26 27 -24 -29 -30
right_child=2 -3 -4 -5 -6 6 -8 8 9 10 17 -13 14 -15 20 -17 -18 18 19 -21 -22 22 24 -25 -26 -27 -28 28 29 -31
leaf_value=-0.00099794502377309685 -0.0082543079213835569 0.015746000829810012 -0.0144394975590918 -0.010999289043645607 0.020852020590065742 -0.024031470198974104 0.0022228779710335624 0.026464273311678742 0.0044215988622179001 0.02204687858485924 0.017680406682724702 0.039179461257991835 0.0012946147795640502 0.021314507824210373 0.0023619744504946977 0.03206112582420087 -0.020262613918890348 -0.022627049647096421 0.0061458810311356771 -0.015815741978064651 -0.02201909100006981 0.0060747522372056615 -0.015389454516170594 -0.017039050089356148 -0.019119409594226294 -0.012518954596015801 0.026227876181425781 0.027476053026913978 -0.016977380151213986 0.010737451120417695
leaf_weight=1735.9009501934052 8.6475805789232272 21.317299328744411 40.301649160683155 11.715704590082167 14.485292270779608 11.43656402826309 10.134350627660753 12.065940484404562 47.519106574356556 23.190300114452839 9.4684726670384389 9.121527470648287 25.816404461860657 10.027930699288843 12.086705677211286 10.305402316153048 11.469528451561926 10.950992301106451 35.45545769482851 14.920981384813784 8.684129670262335 14.032957829535006 11.887706749141207 45.925022572278976 9.629885718226431 13.602827169001101 11.198728047311304 9.7155784964561338 9.4118330627679736 14.750239759683636
leaf_count=9026 62 134 288 72 77 71 62 67 262 122 50 51 134 53 69 54 67 54 185 85 60 89 67 269 74 81 63 52 54 84
internal_value=-0.000563712 -0.000355196 -0.00647369 0.00288441 0.0100803 -0.000522966 -0.0121448 -0.000398877 0.00251168 0.0016069 0.00603304 0.0126904 0.00922729 -0.00099576 0.00371128 0.0106994 -0.00113591 -0.00157502 -0.00478388 -0.000540155 -0.00837475 -0.00237257 -0.00485921 -0.0116184 0.000275088 0.00315192 0.00704549 0.00189112 0.00822227 -0.000303958
internal_weight=2235.18 2160.03 75.1502 34.8486 23.1329 2138.71 21.5709 2117.14 359.74 347.674 160 89.2045 80.0829 1757.4 56.8926 36.1218 1747.37 70.7959 61.3274 50.3764 20.7708 187.674 140.155 59.958 80.1968 70.5669 56.9641 45.7654 33.8777 24.1621
internal_count=11938 11439 499 211 139 11305 133 11172 2026 1959 864 490 439 9146 317 188 9093 374 324 270 129 1095 833 358 475 401 320 257 190 138
cat_boundaries=0 1
cat_threshold=30
is_linear=0
shrinkage=0.03


Tree=152
num_leaves=31
num_cat=1
split_feature=20 10 2 2 25 23 21 26 9 3 3 20 8 13 9 5 0 3 25 23 15 9 23 23 20 13 10 9 4 0
split_gain=5.08301 3.51218 4.36767 6.8719 4.28107 4.08945 3.89954 5.04913 5.34994 6.60166 6.00426 5.2304 7.37284 4.01999 3.96372 9.3143 5.827 5.35211 4.58535 3.94581 3.66376 3.52226 3.45694 8.24971 5.60886 4.58564 5.88005 6.25576 5.70131 6.97705
threshold=29.500000000000004 1.0000000180025095e-35 14.500000000000002 1.5000000000000002 222.50000000000003 -176.49999999999997 20.500000000000004 0 12.500000000000002 88.500000000000014 141.50000000000003 76.166666666666671 54.500000000000007 20.500000000000004 17.500000000000004 0.25671984684781385 140.50000000000003 19.500000000000004 82.500000000000014 -24.499999999999996 137.50000000000003 22.500000000000004 -38.499999999999993 -54.499999999999993 59.250000000000007 61.500000000000007 44.500000000000007 17.500000000000004 38.500000000000007 56.500000000000007
decision_type=8 2 2 2 2 10 8 1 2 2 2 8 2 2 2 2 2 2 2 10 2 2 10 10 8 2 2 2 2 2
left_child=-1 -2 3 6 20 -5 -3 8 13 11 -11 -10 21 -8 16 -16 17 18 -9 -20 -4 -13 23 -7 -24 26 27 28 29 -26
right_child=1 2 4 5 -6 22 7 14 9 10 -12 12 -14 -15 15 -17 -18 -19 19 -21 -22 -23 24 -25 25 -27 -28 -29 -30 -31
leaf_value=0.018338736966442903 0.0075896423960167096 -0.013764537391599295 0.0012402374274401466 -0.021206281872317247 0.017850207980554266 -0.0048310234596306081 0.0088430948135059771 -0.0063589934426117505 0.010138319589875863 0.03018984754735082 -0.0008567233895444183 -0.0099242430363199827 -0.021996936990842188 0.027964779956754778 0.0079007345489175984 -0.012299598948468394 -0.02269387009764286 0.015854366070607161 0.012854238321606756 -0.00908067232337793 -0.016088133855252536 0.013000147124884873 -0.023515138852655697 0.008681777182043611 -0.0027693545341333108 -0.022459642335658458 0.0081453486361237008 -0.016335426486165504 -0.016349760146197996 0.022050720403444839
leaf_weight=13.320268224924801 58.640862062573433 14.508114129304884 1315.0477446988225 11.715420238673685 12.876229647547005 153.40456804633141 46.459510613232851 119.56472069770098 16.427128285169601 10.635047219693663 10.716125302016733 10.171134874224665 20.243859887123108 12.263431560248135 92.371360339224339 25.386942721903324 12.314919941127298 12.825416691601275 22.862758047878742 9.848328620195387 10.077768728137015 12.170231346040962 15.913610301911829 54.215028278529644 39.376409210264683 11.698170386254786 29.362214937806129 38.422248892486095 16.095433324575424 12.67192170023918
leaf_count=161 448 72 7090 60 64 784 298 559 80 50 51 53 93 68 429 123 58 62 121 52 71 63 81 270 198 55 148 184 73 63
internal_value=0.000522217 0.000407535 0.000210011 -0.00149623 0.00127086 -0.00444325 0.00102236 0.00154686 0.00600689 0.00136369 0.0152664 -0.00383701 -0.00933688 0.0132378 -0.000745533 0.00347894 -0.00359506 -0.00204243 -0.00364339 0.00617682 0.00109642 0.00258553 -0.00385857 -0.00127777 -0.00710732 -0.00519229 -0.00355307 -0.0068221 -0.00129942 0.00357521
internal_weight=2241.61 2228.29 2169.65 831.644 1338 382.875 448.769 434.261 139.086 80.3635 21.3512 59.0124 42.5852 58.7229 295.174 117.758 177.416 165.101 152.276 32.7111 1325.13 22.3414 371.16 207.62 163.54 147.626 135.928 106.566 68.1438 52.0483
internal_count=11982 11821 11373 4148 7225 1916 2232 2160 756 390 101 289 209 366 1404 552 852 794 732 173 7161 116 1856 1054 802 721 666 518 334 261
cat_boundaries=0 1
cat_threshold=56
is_linear=0
shrinkage=0.03


Tree=153
num_leaves=31
num_cat=1
split_feature=8 1 4 2 10 13 5 5 5 3 10 21 13 15 14 3 11 2 2 10 4 10 2 12 15 26 3 3 3 10
split_gain=3.6748 6.41358 9.60539 6.95551 5.64808 7.8779 9.45501 5.54316 7.32908 5.67628 5.267 4.79158 4.73348 4.92049 5.7114 4.71964 14.1488 4.51128 5.90762 5.7766 5.72092 6.95179 3.7453 6.09284 3.53203 3.4521 7.70922 6.29321 6.21125 4.94392
threshold=313.50000000000006 28.500000000000004 175.50000000000003 134.50000000000003 218.50000000000003 156.50000000000003 -0.69314718055994495 -0.19125463855996824 -1.0296194171811575 226.50000000000003 291.50000000000006 -31.499999999999996 137.50000000000003 26.500000000000004 36.500000000000007 172.50000000000003 21.500000000000004 31.500000000000004 16.500000000000004 96.500000000000014 83.500000000000014 132.50000000000003 37.500000000000007 11.500000000000002 28.500000000000004 0 47.500000000000007 32.500000000000007 61.500000000000007 90.500000000000014
decision_type=2 2 2 2 2 2 2 2 2 2 2 10 2 2 2 2 2 2 2 2 2 2 2 2 2 1 2 2 2 2
left_child=4 2 -2 -4 5 12 -7 8 -6 -9 -11 -10 13 15 17 25 -17 18 -15 24 21 -21 -18 -24 -19 26 -1 -27 -28 -30
right_child=1 -3 3 -5 7 6 -8 9 11 10 -12 -13 -14 14 -16 16 22 19 -20 20 -22 -23 23 -25 -26 27 28 -29 29 -31
leaf_value=-0.00045891459035750983 -0.01870555773991996 -0.014304000133853162 -0.00020456892085007149 0.031417384593664353 0.021992580580779551 0.012151450420961229 -0.024778152673482046 0.029970040493638321 0.0020078599929268387 -0.011441630187036936 0.019536895955479364 -0.025289865296410027 0.015460363071548737 -0.0064590689021545456 0.013670481323138002 0.029342919526512669 -0.01442528470254747 -0.031721106847052233 0.016003937207435131 0.022109899740772397 -0.0079361364590513177 -0.0096014702912832969 -0.010081759257823741 0.022719239155550634 -0.011777651733414081 0.0010209404389342383 0.022013475281454142 -0.0033247656496825724 0.0011512711161276864 0.014804693675495882
leaf_weight=211.76392678543925 11.523043036460875 40.786834187805653 14.541288368403913 9.9759387969970685 8.5814013406634349 7.8636905848979977 22.011708989739418 15.577999003231524 13.980224765837194 8.3614833503961581 9.5805786177515966 8.7168795093893987 17.3422776684165 24.308980844914913 13.836381316184996 19.001966334879398 13.23100630939007 9.5367627963423711 17.103718541562557 13.800382494926454 65.846146963536739 9.9645954146981222 9.7619428485631961 8.7908203899860364 45.850783534348011 1000.8200242705643 24.728415735065937 427.06709264963865 74.801985822618008 34.186462581157684
leaf_count=1128 74 295 81 55 47 46 131 91 81 57 65 57 95 119 75 102 64 49 88 74 380 57 59 49 242 5248 115 2349 345 157
internal_value=0.000103361 -0.00630003 0.0028997 0.0133892 0.000336471 6.16012e-05 -0.0149789 0.00898961 -0.000153063 0.0172782 0.00525819 -0.00910071 0.000288904 0.000151367 -0.00430063 0.000642177 0.00956963 -0.00570036 0.0029769 -0.00818207 -0.00340512 0.00896261 -0.00278631 0.00582734 -0.0157132 0.000381263 0.00302099 -0.000278287 0.00871877 0.00552961
internal_weight=2213.24 76.8271 36.0403 24.5172 2136.42 2071.62 29.8754 64.7986 31.2785 33.5201 17.9421 22.6971 2041.74 2024.4 200.248 1824.15 50.7857 186.411 41.4127 144.999 89.6111 23.765 31.7838 18.5528 55.3875 1773.37 345.481 1427.89 133.717 108.988
internal_count=11875 505 210 136 11370 10972 177 398 185 213 122 138 10795 10700 1084 9616 274 1009 207 802 511 131 172 108 291 9342 1745 7597 617 502
cat_boundaries=0 1
cat_threshold=32
is_linear=0
shrinkage=0.03


Tree=154
num_leaves=31
num_cat=0
split_feature=22 21 21 15 10 24 23 15 2 2 2 9 0 20 0 0 13 10 0 2 10 8 8 2 3 3 20 23 8 8
split_gain=5.83588 4.12773 4.37948 5.39361 6.36845 4.09776 4.004 3.86519 3.68152 3.14009 5.46473 6.42885 5.89042 5.5361 5.90143 5.419 5.29185 6.11868 8.74212 5.08477 5.44704 4.86063 7.18701 6.2767 4.73208 4.61262 9.11142 5.47137 4.59008 4.98411
threshold=-2.4999999999999996 19.500000000000004 1.5000000000000002 12.500000000000002 149.50000000000003 2.5000000000000004 -63.499999999999993 6.5000000000000009 82.500000000000014 1.0000000180025095e-35 14.500000000000002 97.500000000000014 675.50000000000011 55.250000000000007 331.50000000000006 363.50000000000006 35.500000000000007 73.500000000000014 227.50000000000003 115.50000000000001 52.500000000000007 20.500000000000004 26.500000000000004 12.500000000000002 88.500000000000014 32.500000000000007 68.250000000000014 -86.499999999999986 13.500000000000002 7.5000000000000009
decision_type=8 10 10 2 2 2 8 2 2 2 2 2 2 8 2 2 2 2 2 2 2 2 2 2 2 2 8 8 2 2
left_child=-1 2 5 7 -5 9 -6 -4 -3 24 21 12 19 -13 16 -16 17 18 -15 -12 -21 28 -23 -24 25 -2 -27 -28 29 -11
right_child=1 8 3 4 6 -7 -8 -9 -10 10 11 13 -14 14 15 -17 -18 -19 -20 20 -22 22 23 -25 -26 26 27 -29 -30 -31
leaf_value=0.0088197244803146415 0.0024116135773304885 0.025371381436091148 -0.0057891334647130486 -0.021009199000366602 -0.015382004265915392 0.01610852700326974 0.010096863791282351 0.015512027848593901 5.2057182732062168e-07 -0.001020733202788539 0.002363664160721288 0.011698365169208958 0.015408684492291965 -0.015536919791244656 0.01380673950774375 -0.0026076072423782065 -0.027033710857578191 -0.025493166826103638 0.01140813593518088 -0.021221530397902737 -0.0017867122110798675 -0.025831228323968072 -0.0029963347039048734 -0.022816077303789681 0.012860278801454645 0.015268069980072733 0.0035663058060280725 -0.020091638499623605 0.0092001492290254023 -0.012812998002212746
leaf_weight=64.304410263895988 340.76647678762674 9.6246241703629511 17.741473563015465 31.999933861196041 8.1670087128877622 12.879895474761723 13.072913616895677 12.030742615461348 9.9854065030813199 207.35364650189877 613.87466670572758 22.498514518141747 27.166035339236259 19.388212561607361 18.038429975509644 371.91847103834152 14.263419240713118 11.130516059696673 22.141430556774139 15.010294750332831 69.764531016349792 17.41858359053731 108.63868807256222 15.658684596419333 32.525764323771 11.985590010881422 11.8797060996294 30.189265429973602 31.127374969422817 37.249105591326952
leaf_count=307 1860 49 94 181 59 74 83 58 55 1093 3156 119 150 103 93 2198 76 65 120 83 389 89 518 74 160 64 59 145 160 192
internal_value=-1.62538e-05 -0.000282589 -0.000410732 -0.00712493 -0.0127621 -0.000137224 4.88007e-05 0.00304289 0.0130794 -0.000247099 -0.000849764 0.000175632 0.00195532 -0.00251742 -0.00324147 -0.00181495 -0.0114046 -0.00674643 -0.00124077 0.00141093 -0.00543515 -0.00380349 -0.00829882 -0.00565535 0.00203787 0.00111607 -0.00694666 -0.0134833 -0.00147141 -0.00286137
internal_weight=2229.79 2165.49 2145.88 83.0121 53.2399 2062.87 21.2399 29.7722 19.61 2049.99 1622.64 1205.19 725.816 479.379 456.88 389.957 66.9236 52.6602 41.5296 698.649 84.7748 417.446 141.716 124.297 427.347 394.821 54.0546 42.069 275.73 244.603
internal_count=11926 11619 11515 475 323 11040 142 152 104 10966 8678 6552 3778 2774 2655 2291 364 288 223 3628 472 2126 681 592 2288 2128 268 204 1445 1285
is_linear=0
shrinkage=0.03


Tree=155
num_leaves=31
num_cat=0
split_feature=2 2 4 23 15 5 9 4 12 3 22 15 0 4 15 4 23 23 9 6 12 15 22 9 14 23 0 22 15 21
split_gain=3.18374 5.91823 6.52794 7.00742 7.5388 5.60392 6.20586 5.25035 8.77223 5.23935 5.58068 5.54404 5.82002 5.21094 5.15726 4.97937 5.06304 4.61387 4.49088 5.89341 4.53169 6.98288 5.4568 6.19184 4.46406 4.41751 5.96979 6.78786 4.86082 4.58659
threshold=1.0000000180025095e-35 15.500000000000002 166.50000000000003 -140.49999999999997 5.5000000000000009 -0.76590749908646683 27.500000000000004 149.50000000000003 9.5000000000000018 22.500000000000004 114.75000000000001 14.500000000000002 510.50000000000006 186.50000000000003 8.5000000000000018 109.50000000000001 -80.499999999999986 -124.49999999999999 83.500000000000014 1.5000000000000002 13.500000000000002 6.5000000000000009 107.25000000000001 4.5000000000000009 5.5000000000000009 -36.499999999999993 527.50000000000011 4.7500000000000009 36.500000000000007 -9.4999999999999982
decision_type=2 2 2 10 2 2 2 2 2 2 8 2 2 2 2 2 10 10 2 10 2 2 8 2 2 10 2 10 2 10
left_child=7 2 3 -2 17 -6 -7 14 -9 18 25 13 -13 15 -1 16 -12 -5 20 -20 -3 22 -22 -24 -17 29 -27 -28 -29 -11
right_child=1 9 -4 4 5 6 -8 8 -10 10 11 12 -14 -15 -16 24 -18 -19 19 -21 21 -23 23 -25 -26 26 27 28 -30 -31
leaf_value=0.0021531042696627126 -0.014149565610451168 0.0036966584813781064 -0.014617948128034148 0.013698062699429742 -0.0067173212716300336 -0.0015835962451763255 0.020913277557108412 0.025691207819453256 -0.0050852520178388079 -0.0003343920571891083 -0.017682094723811458 -0.037412047826331479 -0.0092900109704937509 -0.016596580270247629 -0.012187627268902936 0.026645748719760602 0.0025197102001489088 -0.0036499677611816547 -0.0060189300205821866 0.01324991437881244 -0.014488443824158764 0.013724079682149578 -0.015936903268693067 0.011985247728343277 0.00093640130458979578 -0.00050371697054099769 0.0046727286502654597 0.007767377739336289 0.03579753216781234 -0.0091067176817678803
leaf_weight=406.2125550955534 39.589961037039757 257.33926324546337 41.488935343921185 13.459749553352593 16.155238650739193 16.475061118602753 31.62678674608469 19.960876323282719 13.365640278905628 441.55582780018449 15.975016944110392 8.0424602031707746 28.986843295395374 17.764382265508175 22.90370087325573 9.7332751899957675 32.028838738799095 314.22650114819407 17.358864769339561 68.372518889605999 44.375042013823986 15.30584768950939 10.12616327032447 19.031146362423897 14.19110908359289 134.04351008683443 73.897881455719471 11.063461095094683 11.854115739464758 60.073303252458572
leaf_count=2198 218 1334 206 72 82 82 159 93 66 2408 96 41 199 122 114 52 192 1601 95 346 218 81 53 105 97 695 398 65 75 352
internal_value=5.46884e-05 -0.000526347 -0.00339331 -0.00228284 -0.00105123 0.00826611 0.0133327 0.00226759 0.0135597 0.000525825 -0.000829301 -0.00661601 -0.016221 -0.00251547 0.00136112 0.00114209 -0.00442681 -0.00289789 0.00321731 0.00932395 0.00168249 -0.00412819 -0.00797844 0.00208114 0.0120453 0.000179466 0.00360478 0.0092401 0.0231565 -0.00140096
internal_weight=2226.58 1764.14 473.022 431.533 391.943 64.2571 48.1018 462.443 33.3265 1291.12 859.21 126.722 37.0293 89.6926 429.116 71.9282 48.0039 327.686 431.909 85.7314 346.177 88.8382 73.5324 29.1573 23.9244 732.488 230.859 96.8155 22.9176 501.629
internal_count=11915 9444 2420 2214 1996 323 241 2471 159 7024 4792 799 240 559 2312 437 288 1673 2232 441 1791 457 376 158 149 3993 1233 538 140 2760
is_linear=0
shrinkage=0.03


Tree=156
num_leaves=31
num_cat=0
split_feature=12 25 1 14 10 10 1 10 10 22 15 8 10 5 2 20 20 23 22 23 11 23 5 8 4 9 9 10 1 14
split_gain=4.19701 3.73951 7.14109 9.08657 6.03442 6.68829 6.74165 6.25499 5.29904 5.23983 5.63005 5.07098 6.37455 6.37266 4.79296 5.45394 4.56486 8.90401 4.52502 4.44787 6.63509 4.62865 4.43684 4.4046 5.05606 4.31046 7.59323 4.3052 6.32896 7.98907
threshold=81.500000000000014 82.500000000000014 6.5000000000000009 1.5000000000000002 348.50000000000006 158.50000000000003 25.500000000000004 141.50000000000003 199.50000000000003 4.2500000000000009 31.500000000000004 1.0000000180025095e-35 1.5000000000000002 -3.131127375944772 9.5000000000000018 66.750000000000014 94.583333333333357 -44.499999999999993 1.2500000000000002 -32.499999999999993 56.500000000000007 -22.499999999999996 -0.30459979925220132 49.500000000000007 180.50000000000003 38.500000000000007 10.500000000000002 81.500000000000014 13.500000000000002 2.5000000000000004
decision_type=2 2 2 2 2 2 2 2 2 8 2 2 2 2 2 10 10 10 10 10 2 8 2 2 2 2 2 2 2 2
left_child=1 4 11 19 5 6 7 27 9 10 -7 12 -3 -13 -15 -16 -5 -18 22 20 25 -21 23 -8 -25 26 -4 28 -1 -30
right_child=-2 2 3 16 -6 8 18 -9 -10 -11 -12 13 -14 14 15 -17 17 -19 -20 21 -22 -23 -24 24 -26 -27 -28 -29 29 -31
leaf_value=-9.7599923550006065e-06 0.013978027300749421 0.01647753008375696 -0.0051459725485775423 0.0023480325519733051 -0.020251081776753735 0.018402212904588395 -0.010912593757530216 -0.023307059054241144 0.00030077466454467164 0.026465685303012992 -0.0070631790971849261 -0.0038449781458960129 -0.0053536544261604604 0.023108000406115423 0.0187024624747139 -0.0093229586580156915 -0.028786111508718674 0.012243372349571931 -0.01748351476020913 -0.028077752043663674 -0.018462790363135681 -0.0040666269150092726 -0.011524634027488566 0.028886267719233531 -0.0026107195872181457 -0.0099417299839751477 0.025625416888027386 0.0039216615536981957 0.0041821657306737123 -0.0084578637548783763
leaf_weight=845.91135457903147 18.263261184096336 15.899732265621422 14.4175549633801 491.63241586089134 13.447151001542805 14.675919041037561 9.1454602554440516 9.9749094545841199 56.042940050363541 17.471775732934475 14.780775137245653 16.356176853179932 40.861327338963747 40.062018923461437 12.370367255061867 10.877548456192015 10.849099889397623 7.2114141136407843 34.989711709320545 16.340423554182053 17.916668873280287 13.056875713169577 29.687338270246983 8.5408128052949923 8.5410697832703573 14.424253687262533 12.91908150911331 166.4033816754818 58.358563087880611 188.30645596981049
leaf_count=4293 96 150 80 2497 114 84 53 56 366 116 85 82 228 241 95 49 74 48 238 79 87 67 162 50 53 72 67 910 306 1018
internal_value=3.54351e-05 -8.59744e-05 0.0016608 0.000244869 -0.000956413 -0.000765332 -0.00132516 -0.000756279 0.00656944 0.0138931 0.00581183 0.0078282 0.000941028 0.0126627 0.016921 0.00574585 0.00179396 -0.0126205 -0.00917161 -0.00854066 -0.00371232 -0.0178978 -0.00375447 0.00514101 0.0138641 0.00289985 0.00978747 -0.000559253 -0.00124467 -0.00546254
internal_weight=2229.74 2211.47 735.195 598.768 1476.28 1462.83 1359.86 1268.95 102.971 46.9285 29.4567 136.427 56.7611 79.6661 63.3099 23.2479 509.693 18.0605 90.9044 89.0749 59.6776 29.3973 55.9147 26.2273 17.0819 41.7609 27.3366 1258.98 1092.58 246.665
internal_count=11916 11820 3916 3071 7904 7790 7139 6583 651 285 169 845 378 467 385 144 2619 122 556 452 306 146 318 156 103 219 147 6527 5617 1324
is_linear=0
shrinkage=0.03


Tree=157
num_leaves=31
num_cat=1
split_feature=20 23 23 0 9 26 20 2 8 15 10 20 2 10 5 9 23 22 22 9 9 12 12 12 3 5 3 8 0 23
split_gain=7.18243 4.62019 4.59222 7.4156 5.62305 3.58272 5.88472 5.33748 5.8158 5.29054 7.09309 5.19993 4.15307 4.07061 7.87491 6.04028 5.27842 4.62038 4.57756 5.44942 5.57577 5.45336 4.82484 5.38637 7.08828 6.44357 5.86586 4.75829 6.11097 5.61587
threshold=29.500000000000004 -3.4999999999999996 -16.499999999999996 675.50000000000011 86.500000000000014 0 50.750000000000007 80.500000000000014 105.50000000000001 58.500000000000007 175.50000000000003 78.166666666666671 90.500000000000014 98.500000000000014 1.6923503196067193 329.50000000000006 -19.499999999999996 -0.74999999999999989 137.83333333333334 222.50000000000003 113.50000000000001 10.500000000000002 2.5000000000000004 1.5000000000000002 25.500000000000004 0.18232155679395481 2.5000000000000004 86.500000000000014 397.50000000000006 -49.499999999999993
decision_type=8 10 8 2 2 1 8 2 2 2 2 10 2 2 2 2 8 8 8 2 2 2 2 2 2 2 2 2 2 10
left_child=-1 2 5 4 -4 6 -2 8 -7 13 12 -12 -11 15 17 16 18 -15 19 20 22 -21 23 25 -25 26 -8 29 -29 -20
right_child=1 -3 3 -5 -6 7 9 -9 -10 10 11 -13 -14 14 -16 -17 -18 -19 27 21 -22 -23 -24 24 -26 -27 -28 28 -30 -31
leaf_value=0.02194717462650039 0.0095971044318099528 -0.013285772970557249 0.0063984613725644379 0.026795262727183043 -0.011063366920828115 -0.0019275820479270145 -0.0020392819210083815 -0.0099240247745627334 0.015595029680506927 -0.0042473173739590257 0.01262535175000316 -0.0069594547682246839 -0.023884551318454881 0.021259173805747954 0.025589035428879248 -0.021612230677838108 -0.012417513094802771 0.0018645635748616848 0.011055703689460697 0.029190982915830912 -0.0072386116591413013 -0.0016176381835945153 0.0010424962145167466 -0.022925025201645743 0.0036592883348649258 -0.011805332959754413 0.016752359107475173 -0.0096683409020506244 0.0073055107995578768 0.00012599685644945562
leaf_weight=12.633030567318199 61.228179775178432 21.949398547410965 90.366228505969048 12.584055505692957 19.332718759775162 329.80225578323007 45.691741064190865 72.644976004958153 16.977281212806702 16.859614878892899 19.284621179103851 29.629566565155983 23.561538718640804 10.531603351235388 13.148134656250475 10.708629183471201 28.83123267441988 277.75594785064459 103.99389376863837 9.8956105038523692 111.14941120147705 9.6518949046730977 630.48276492208242 26.615414395928383 13.043728001415728 33.952906385064125 21.090957529842854 42.945224486291409 32.807706691324711 70.907031573355198
leaf_count=155 386 113 449 67 101 1597 193 450 91 90 91 241 144 47 68 64 154 1593 840 51 563 51 2932 119 62 153 101 227 199 509
internal_value=0.000238956 0.000104839 0.00024534 0.00586977 0.00324895 -9.06963e-05 0.000544446 -0.00252808 -0.00102735 0.000191799 -0.00685846 0.000860184 -0.0159942 0.00061791 0.00372624 -0.000170749 4.1779e-05 0.00264412 0.000364035 -0.000633889 -0.000988593 0.0146403 -7.92202e-05 -0.00508836 -0.0143066 -0.00135422 0.00405499 0.00394171 -0.00231776 0.00665057
internal_weight=2220.06 2207.42 2185.47 122.283 109.699 2063.19 1643.77 419.425 346.78 1582.54 89.3353 48.9142 40.4212 1493.2 301.436 1191.77 1181.06 288.288 1152.23 901.574 882.027 19.5475 770.878 140.395 39.6591 100.736 66.7827 250.654 75.7529 174.901
internal_count=11901 11746 11633 617 550 11016 8878 2138 1688 8492 566 332 234 7926 1708 6218 6154 1640 6000 4225 4123 102 3560 628 181 447 294 1775 426 1349
cat_boundaries=0 1
cat_threshold=58
is_linear=0
shrinkage=0.03


Tree=158
num_leaves=31
num_cat=0
split_feature=20 20 12 6 0 12 13 19 23 9 9 0 4 23 20 14 11 11 9 5 5 5 1 0 14 23 1 2 5 23
split_gain=5.80154 4.50108 4.28758 4.21809 4.64312 3.97783 4.56994 6.22686 8.28816 5.92136 5.49047 4.6168 7.22783 3.89834 3.42181 6.13547 3.65336 4.38731 3.69086 13.7649 6.02321 8.91071 7.60652 7.27516 7.88322 6.8251 5.78541 7.13489 5.64731 10.7564
threshold=55.250000000000007 56.750000000000007 83.500000000000014 22.500000000000004 28.500000000000004 35.500000000000007 11.500000000000002 1.0000000180025095e-35 -61.499999999999993 16.500000000000004 7.5000000000000009 48.500000000000007 16.500000000000004 -56.499999999999993 86.833333333333357 36.500000000000007 282.50000000000006 206.50000000000003 222.50000000000003 -0.046763029005411509 -0.4228568508200336 -1.6469073103117804 20.500000000000004 307.50000000000006 5.5000000000000009 -140.49999999999997 17.500000000000004 87.500000000000014 -1.4466156768912344 -56.499999999999993
decision_type=8 8 2 8 2 2 2 2 10 2 2 2 2 10 8 2 2 2 2 2 2 2 2 2 2 10 2 2 2 8
left_child=5 -2 3 14 -5 6 11 13 9 -9 -10 -1 -13 -8 16 -16 17 18 20 -20 21 22 23 -3 -25 26 -22 -28 29 -23
right_child=1 2 -4 4 -6 -7 7 8 10 -11 -12 12 -14 -15 15 -17 -18 -19 19 -21 25 28 -24 24 -26 -27 27 -29 -30 -31
leaf_value=0.0097272052760491029 -0.015141616991696808 -0.0028884769312935749 0.015295505671751575 0.0029056953606715783 0.021053485596118013 -0.010473646833644193 0.025478608637742331 0.0079129283930332479 -0.0045582715667013204 -0.020210383391967821 0.02299463459069637 -0.03046496815305701 0.0010580777451968577 0.0091244357896892187 -0.0018502212250108162 -0.020219343489258086 0.012767554325910905 -0.014616037797920145 -0.0031910240335435822 0.017021772696301733 -0.022725803897953398 0.034569395163608532 -0.0228174998645473 0.030211519588943747 0.00056825140510210332 -0.0013570757341464636 0.014669568910141024 -0.016166009465398246 0.00434252920115693 -0.00073156244355006587
leaf_weight=21.392662961035967 17.387599110603333 193.13401617854834 14.881184481084345 89.871657881885767 13.871013496071098 12.397989906370638 25.691064715385437 10.50804356113076 9.3281907029449993 15.859644453972576 18.534779813140631 8.2036288306117076 22.454052176326513 29.297137565910816 726.78071287274361 15.757270261645315 19.881059870123863 16.935991384088993 72.396997585892677 50.860104128718376 25.244271710515022 15.555149659514425 13.850397102534769 12.269577108323572 20.722169414162636 478.30432526767254 11.190256334841253 14.174811124801634 223.93355950713158 14.56015817075968
leaf_count=122 79 843 78 642 111 61 154 75 62 95 123 43 127 164 4267 133 96 91 395 281 119 71 70 56 93 2270 57 78 1065 66
internal_value=7.96253e-05 -0.00036498 -0.000231949 -0.000353292 0.00551 0.0053293 0.00660125 0.0100612 0.00276004 -0.00912308 0.0139319 -0.000711664 -0.00807299 0.0170839 -0.000671884 -0.0022667 0.000330197 0.000106824 0.000336918 0.00521933 -0.000255903 0.0021238 -0.0020183 -0.000649481 0.012157 -0.00247845 -0.0128448 -0.00252191 0.00602904 0.0180271
internal_weight=2235.23 2061.56 2044.17 2029.29 103.743 173.667 161.269 109.219 54.2307 26.3677 27.863 52.0503 30.6577 54.9882 1925.55 742.538 1183.01 1163.13 1146.2 123.257 1022.94 494.025 239.976 226.126 32.9917 528.914 50.6093 25.3651 254.049 30.1153
internal_count=11987 10961 10882 10804 753 1026 965 673 355 170 185 292 170 318 10051 4400 5651 5555 5464 676 4788 2264 1062 992 149 2524 254 135 1202 137
is_linear=0
shrinkage=0.03


Tree=159
num_leaves=31
num_cat=1
split_feature=2 23 25 1 3 3 23 20 9 23 8 10 14 22 25 22 9 0 13 20 9 5 23 23 12 6 26 8 5 22
split_gain=6.77521 4.14821 3.94043 3.15825 6.2575 3.69306 3.81945 5.67991 6.05876 5.62707 6.72411 7.41766 6.32599 5.71887 5.58604 5.35739 5.88018 5.74797 5.54494 3.51515 4.70409 3.39928 3.37712 7.32048 3.86604 3.38781 2.7962 5.0878 5.25669 5.11836
threshold=1.0000000180025095e-35 4.5000000000000009 222.50000000000003 15.500000000000002 88.500000000000014 67.500000000000014 -27.499999999999996 66.750000000000014 17.500000000000004 -69.499999999999986 4.5000000000000009 30.500000000000004 2.5000000000000004 -1.2499999999999998 42.500000000000007 -1.0000000180025095e-35 8.5000000000000018 121.50000000000001 10.500000000000002 70.166666666666671 13.500000000000002 -1.0000000180025095e-35 -35.499999999999993 -44.499999999999993 3.5000000000000004 6.5000000000000009 0 4.5000000000000009 1.5720471126025024 1.2500000000000002
decision_type=2 10 2 2 2 2 8 10 2 10 2 2 2 10 2 10 2 2 2 8 2 2 8 8 2 10 1 2 2 8
left_child=1 3 26 4 5 6 9 -8 -9 10 11 12 13 14 -1 17 21 22 -18 -12 -21 -17 23 24 -11 -24 -2 28 29 -28
right_child=2 -3 -4 -5 -6 -7 7 8 -10 15 19 -13 -14 -15 -16 16 18 -19 -20 20 -22 -23 25 -25 -26 -27 27 -29 -30 -31
leaf_value=-0.0057469821196004574 -3.8865665926456967e-06 -0.015469384086001218 0.013128353632071045 -0.0080216159728708613 0.018325878115036061 -0.013213584437417289 0.012871463631981155 -0.01673851497065254 0.0091437741226417044 0.0013922710610964821 0.030499325634011001 -0.024712903054718651 0.02233782033088403 -0.013293351823961132 0.016782723947786057 0.0269850259617311 -0.014303669582980355 -0.022776642099914892 0.0069768649897164817 0.019953400710983019 -0.0019777858782532441 0.0045100018744133668 -0.0018484129211594005 0.015157115387867383 -0.020034946167513921 -0.026516585082358386 0.0044124294221161327 -0.0059689229292106908 -0.012349213449914619 -0.0030913684672117395
leaf_weight=17.448805011808872 1161.8226391114295 9.2857548370957357 17.289664264768362 18.459580838680267 26.117971770465374 10.733309879899023 78.412350326776505 13.420104548335077 17.726768732070923 16.944829937070612 10.432185523211954 7.7728727608919135 13.33123032003641 18.410200104117393 20.781960386782885 11.57716488838196 18.482788905501366 15.553689632564781 24.429884642362595 19.671016726642847 15.041313298046587 12.61812052130699 11.100931838154795 19.36084970459342 12.536452092230318 8.3834907747805101 169.22201349586248 236.37549797445536 28.824199162423611 156.55737274885178
leaf_count=76 6314 49 88 95 128 54 429 57 79 123 60 37 69 81 225 53 84 76 113 102 72 55 69 105 61 48 795 1288 143 854
internal_value=0.000108643 0.00339995 -0.000725881 0.00383358 0.00437208 0.00340345 0.00390177 0.00861091 -0.00218179 0.0019935 0.00673373 0.00133131 0.00453188 2.61803e-05 0.00661562 -0.00188351 0.00439829 -0.00690183 -0.00230582 0.015807 0.010661 0.0159082 -0.00301172 0.00125183 -0.00807768 -0.0132386 -0.000869947 -0.00252693 -0.00029325 0.00080796
internal_weight=2218.13 448.034 1770.09 438.748 420.288 394.17 383.437 109.559 31.1469 273.878 122.89 77.7451 69.9722 56.641 38.2308 150.988 67.108 83.8802 42.9127 45.1445 34.7123 24.1953 68.3266 48.8421 29.4813 19.4844 1752.8 590.979 354.604 325.779
internal_count=11882 2400 9482 2351 2256 2128 2074 565 136 1509 722 488 451 382 301 787 305 482 197 234 174 108 406 289 184 117 9394 3080 1792 1649
cat_boundaries=0 1
cat_threshold=60
is_linear=0
shrinkage=0.03


Tree=160
num_leaves=31
num_cat=0
split_feature=20 22 13 24 13 11 21 22 10 10 23 10 0 25 21 23 4 1 9 2 13 13 10 0 23 2 11 23 10 10
split_gain=4.87915 7.97932 9.3373 6.40832 5.91079 8.67864 5.90765 3.93041 6.97235 6.36187 6.00043 4.61764 4.64048 3.55776 6.8558 6.58517 7.44942 5.14356 7.50385 6.70246 4.63732 8.08248 4.51916 5.05925 6.6476 5.6448 4.39477 5.9375 5.10184 5.98048
threshold=73.166666666666671 4.7500000000000009 4.5000000000000009 1.5000000000000002 35.500000000000007 15.500000000000002 -15.499999999999998 1.2500000000000002 81.500000000000014 19.500000000000004 -66.499999999999986 28.500000000000004 193.50000000000003 82.500000000000014 -24.499999999999996 -144.49999999999997 107.50000000000001 30.500000000000004 74.500000000000014 1.5000000000000002 36.500000000000007 71.500000000000014 57.500000000000007 18.500000000000004 -33.499999999999993 15.500000000000002 119.50000000000001 -83.499999999999986 197.50000000000003 154.50000000000003
decision_type=10 10 2 2 2 2 8 10 2 2 10 2 2 2 10 8 2 2 2 2 2 2 2 2 8 2 2 10 2 2
left_child=1 7 -3 6 -4 -6 -2 13 9 -9 -10 -11 -13 15 17 16 -1 18 19 -15 22 -22 23 -21 -25 -26 28 -28 29 -17
right_child=3 2 4 -5 5 -7 -8 8 10 11 -12 12 -14 14 -16 26 -18 -19 -20 20 21 -23 -24 24 25 -27 27 -29 -30 -31
leaf_value=-0.01798199002290889 -0.021872745071192246 -0.015389373551380165 0.026198803956835975 0.013324656953057987 -0.0068838977134295211 0.019273195713745996 -0.0018213448912810946 -0.011637906415547693 -0.0011980043608824653 0.020169377673307027 -0.02385407532437683 -0.010077480382285049 0.0087300129914794113 0.0084016897593749904 0.023812669099401638 8.8034438777140426e-05 0.0081887077719076003 -0.016589185937807557 0.013307633242944572 -0.025230916985716088 0.017489542749775499 -0.014537284256920109 -0.020854510886153848 0.0039659688583013096 -0.025915649504336627 -0.00026809713299014994 -0.010607459295519522 0.013971204354386854 -0.018920717651268033 0.021559475108728677
leaf_weight=33.881099078804255 12.435902535915373 10.161123961210249 23.700703650712967 23.849711537361145 19.975997313857079 24.45173317193985 885.70963664352894 26.100679062306881 18.445849232375622 14.176745116710661 23.835478737950325 18.899256348609924 28.055159762501717 76.142429787665606 13.759099982678888 678.91849598288536 12.928270027041433 10.809822030365465 56.627963475883007 7.4619199112057677 21.860683515667919 9.3997918069362623 13.458329677581785 70.651453819125891 13.963993966579439 16.004765886813402 10.332264482975004 42.219890408217907 11.448110520839689 10.879433341324328
leaf_count=204 67 44 113 107 92 108 4778 115 92 63 117 89 137 529 74 3619 67 54 281 61 119 47 73 418 73 94 55 211 68 57
internal_value=-3.62642e-05 0.00113408 0.0103608 -0.0017094 0.0143685 0.00761957 -0.002123 0.000543783 -0.0043819 0.000496736 -0.0142261 0.00578169 0.00110767 0.00112154 0.00384386 6.34896e-05 -0.0107338 0.00283987 0.00363065 0.00118963 -0.00243547 0.00770721 -0.0050858 -0.00294911 -0.00106468 -0.0126696 0.000747313 0.00903096 0.000114552 0.000457399
internal_weight=2240.55 1318.55 78.2896 921.995 68.1284 44.4277 898.146 1240.26 129.513 87.2318 42.2813 61.1312 46.9544 1110.75 310.14 800.608 46.8094 296.381 285.571 228.943 152.801 31.2605 121.54 108.082 100.62 29.9688 753.798 52.5522 701.246 689.798
internal_count=12026 7074 357 4952 313 200 4845 6717 613 404 209 289 226 6104 1823 4281 271 1749 1695 1414 885 166 719 646 585 167 4010 266 3744 3676
is_linear=0
shrinkage=0.03


Tree=161
num_leaves=31
num_cat=1
split_feature=26 20 0 21 4 4 6 8 6 5 6 8 25 10 23 20 0 23 5 23 25 23 5 23 0 8 15 22 0 4
split_gain=4.03702 5.20846 5.19142 4.78247 4.94947 12.6186 5.36157 4.75458 4.61869 4.57681 4.02121 6.09936 7.1506 5.59622 5.4842 5.38136 5.06941 4.68144 4.66878 5.76936 4.34923 5.32322 7.46042 5.06223 5.42474 4.31157 7.84875 6.0364 6.85293 5.9251
threshold=0 46.750000000000007 68.500000000000014 -17.499999999999996 175.50000000000003 254.50000000000003 1.5000000000000002 250.50000000000003 12.500000000000002 -0.91629073187415477 1.5000000000000002 234.50000000000003 102.50000000000001 81.500000000000014 -73.499999999999986 92.166666666666671 980.50000000000011 -46.499999999999993 -0.64185388617239447 -71.499999999999986 72.500000000000014 -29.499999999999996 -0.12695344056219501 -94.499999999999986 675.50000000000011 53.500000000000007 5.5000000000000009 -1.0000000180025095e-35 156.50000000000003 208.50000000000003
decision_type=1 8 2 8 2 2 10 2 10 2 10 2 2 2 10 10 2 10 2 8 2 10 2 8 2 2 2 10 2 2
left_child=2 -2 -1 -3 7 6 -6 -5 10 -7 11 12 13 -4 -14 16 25 -16 19 -13 21 22 23 -15 -25 26 27 28 -12 -30
right_child=1 3 8 4 5 9 -8 -9 -10 -11 15 18 14 20 17 -17 -18 -19 -20 -21 -22 -23 -24 24 -26 -27 -28 -29 29 -31
leaf_value=0.010621565608811473 0.010111410150709547 -0.016188075192471146 -0.0066856315412343647 -0.0013761064447898087 0.028268782545834911 0.0077584932328552802 0.0023514572989167515 -0.021311740835394239 -0.017363463400312716 -0.019729212876580769 -0.00213308854077786 -0.015818890799279246 0.01944296716472884 -0.016111394905228889 -0.012126498884087374 -0.0088729909727682937 0.016645184999523104 0.009969253880773174 -0.013059338859305545 0.015030272966928274 -0.010997816237240911 -0.005635444907345178 0.023612420257226457 0.024337969640273176 -0.0073312912102742661 0.0005253490952796282 0.01986962083932893 -0.0067727827332718918 0.016121732065753486 -0.0075375355199239907
leaf_weight=52.402680944651365 35.473662082105875 18.357088759541512 102.67128816246986 1192.3759306892753 20.542406521737579 7.9893830120563534 11.069453872740267 9.8712303414940816 11.18493242561817 13.646964162588118 45.860159505158663 7.886566087603569 27.462690778076649 9.26805332303047 12.924956887960432 31.81931260228157 24.788711562752724 21.730880588293076 56.614115796983242 13.207879923284056 14.370685704052446 21.900020018219948 24.022746443748474 9.626168638467794 8.3144474029540998 270.30560806393623 31.475190371274948 37.346573211252689 61.915504928678274 10.617251411080359
leaf_count=457 260 86 513 6237 124 49 62 73 67 91 253 50 132 51 62 188 135 104 390 78 82 124 138 48 52 1304 155 168 309 56
internal_value=2.03415e-06 -0.00106059 0.00152913 -0.00138771 -0.00115859 0.00770771 0.0195438 -0.00155737 0.000978162 -0.00968482 0.00124145 -0.0013406 0.000930514 -0.00196396 0.00968255 0.00289816 0.00369149 0.00161962 -0.00863222 0.00330276 0.0035892 0.00656531 0.0117888 0.0008827 0.0100489 0.00295488 0.00644127 0.00361792 0.0069249 0.0126031
internal_weight=2217.04 1309.33 907.716 1273.85 1255.5 53.2482 31.6119 1202.25 855.314 21.6363 844.129 330 252.292 190.173 62.1185 514.128 482.309 34.6558 77.7086 21.0944 87.5021 73.1314 51.2314 27.2087 17.9406 457.52 187.215 155.739 118.393 72.5328
internal_count=11898 6982 4916 6722 6636 326 186 6310 4459 140 4392 1824 1306 1008 298 2568 2380 166 518 128 495 413 289 151 100 2245 941 786 618 365
cat_boundaries=0 1
cat_threshold=52
is_linear=0
shrinkage=0.03


Tree=162
num_leaves=31
num_cat=0
split_feature=1 5 4 2 23 15 25 2 2 20 4 23 9 11 11 11 5 5 3 10 20 23 21 21 11 0 4 9 15 5
split_gain=3.97169 12.3309 8.3249 8.7132 7.18268 5.90924 5.15526 5.4357 4.95888 5.02469 5.52162 5.26043 4.82977 4.57058 4.52623 10.8468 7.46805 5.49457 4.9781 5.29652 4.86687 7.01734 5.55969 5.54002 4.59744 4.69865 4.56977 6.7949 6.83195 6.67331
threshold=28.500000000000004 0.75239990483332042 275.50000000000006 148.50000000000003 -43.499999999999993 21.500000000000004 132.50000000000003 334.50000000000006 634.00000000000011 86.583333333333357 232.50000000000003 -56.499999999999993 135.50000000000003 131.50000000000003 54.500000000000007 65.500000000000014 2.4020864121747731 -0.73117677670243741 193.50000000000003 100.50000000000001 86.416666666666671 -101.49999999999999 4.5000000000000009 -13.499999999999998 2.5000000000000004 447.50000000000006 52.500000000000007 78.500000000000014 16.500000000000004 -0.40546510810816389
decision_type=2 2 2 2 10 2 2 2 2 8 2 10 2 2 2 2 2 2 2 2 8 10 8 10 2 2 2 2 2 2
left_child=2 6 14 4 13 -3 7 -2 9 11 -11 -9 -6 -4 18 17 20 -16 24 -20 22 -22 -17 -23 25 -1 29 28 -28 -24
right_child=1 5 3 -5 12 -7 -8 8 -10 10 -12 -13 -14 -15 15 16 -18 -19 19 -21 21 23 26 -25 -26 -27 27 -29 -30 -31
leaf_value=0.00041291787160403569 -0.011366697917584552 -0.0038647275066300822 0.0026165602867637824 0.031120935834978651 0.0063102854732743829 0.024834182466303235 0.0093967969013888236 0.025435359068313564 -0.015942682542107168 -0.020768243769985789 0.014324112301301853 -0.0033173432772452462 -0.02148559120687037 0.025357338845626694 -0.030102726275474896 0.015313790758586439 -0.021668815820027339 -0.0055368252627084405 0.027606373790257811 0.00084839229404675852 0.0070413408741942978 -0.0049098787787077228 0.030091504040442734 -0.02436502953610219 0.0047666463051468846 -0.0071653917870995133 -0.002956956779976907 0.0086313228989686464 -0.027966827820355127 -0.00052125663471237879
leaf_weight=1242.3567016944289 123.80674368143082 9.5955023467540759 16.430711552500725 13.899578802287577 10.060584705322986 17.336624033749104 15.912384733557699 13.69659800082445 11.654967099428175 9.3972522392868978 5.7088403180241576 9.0415535047650355 10.819777943193911 14.90252064168453 17.3528694473207 27.576700821518898 14.411790385842322 15.794194258749483 11.803041718900205 14.007276743650435 40.535203225910664 124.24798673391342 9.9594153836369532 13.883251361548899 206.61932053044438 77.267782174050808 73.61635335162282 39.144609197974205 10.4063458815217 15.354477897286413
leaf_count=6575 788 57 87 72 51 99 74 83 94 76 49 50 60 77 88 128 75 79 58 71 223 672 47 88 1035 445 373 189 49 76
internal_value=4.98859e-05 -0.00380556 0.000464025 0.0108531 0.00497419 0.0148369 -0.00652306 -0.00803029 0.000374528 0.00568083 -0.00744032 0.0143441 -0.00841666 0.0138821 0.000107204 -0.00272461 -0.00122477 -0.0189023 0.000842476 0.0136581 -0.000335589 -0.00381329 0.00319524 -0.00702634 0.00061695 -3.59036e-05 0.00085713 -0.00155545 -0.00634697 0.0122088
internal_weight=2236.6 216.15 2020.45 66.1132 52.2136 26.9321 189.218 173.306 49.4992 37.8442 15.1061 22.7382 20.8804 31.3332 1954.34 402.283 369.136 33.1471 1552.05 25.8103 354.724 178.666 176.058 138.131 1526.24 1319.62 148.481 123.167 84.0227 25.3139
internal_count=11988 1370 10618 347 275 156 1214 1140 352 258 125 133 111 164 10271 2087 1920 167 8184 129 1845 983 862 760 8055 7020 734 611 422 123
is_linear=0
shrinkage=0.03


Tree=163
num_leaves=31
num_cat=0
split_feature=21 21 2 12 15 10 9 10 8 8 1 8 15 0 11 8 5 2 2 9 4 4 10 2 21 10 2 9 9 21
split_gain=4.068 3.86918 5.50148 4.93536 6.50043 3.72442 7.3626 5.13907 6.18337 5.31799 4.90534 7.31292 6.65052 5.78311 5.97529 4.68371 3.65974 3.78667 6.67301 3.60531 5.54661 8.26338 4.04404 9.02743 6.82857 5.86959 5.80102 9.44252 6.81497 5.38952
threshold=1.5000000000000002 19.500000000000004 80.500000000000014 16.500000000000004 12.500000000000002 218.50000000000003 376.50000000000006 298.50000000000006 223.50000000000003 83.500000000000014 31.500000000000004 409.50000000000006 35.500000000000007 493.50000000000006 149.50000000000003 179.50000000000003 4.0971146524099096 383.00000000000006 294.50000000000006 252.50000000000003 224.50000000000003 175.50000000000003 44.500000000000007 109.50000000000001 -10.499999999999998 49.500000000000007 48.500000000000007 55.500000000000007 19.500000000000004 -1.0000000180025095e-35
decision_type=10 10 2 2 2 2 2 2 2 2 2 2 2 2 2 2 2 2 2 2 2 2 2 2 8 2 2 2 2 10
left_child=5 3 -3 4 -2 10 7 8 9 -7 11 16 13 -12 15 -15 17 18 19 22 21 -21 23 24 -1 -24 28 -28 -26 -27
right_child=1 2 -4 -5 -6 6 -8 -9 -10 -11 12 -13 -14 14 -16 -17 -18 -19 -20 20 -22 -23 25 -25 26 29 27 -29 -30 -31
leaf_value=-0.022431626297352906 -0.0036262170489738893 0.02110529029236527 -0.010071919282364339 0.00029361510757677583 -0.025139227971221857 0.013982478316459251 -0.0027454383230821359 -0.0037995802339683901 0.0026172448836456301 0.047228994292941848 -0.02057828200318761 0.021620088649620721 -0.018199764775132257 0.023238884474127815 -0.015261920176206851 -0.0027875221116002188 0.010704290525040825 0.01657858956904449 -0.019771159860270653 -0.0070926441889214327 -0.019466777740723858 0.022852075022947508 0.0091908586014544172 -0.023908302658141187 0.0009534403450761564 0.00072931795960420301 0.013818740890599803 -0.0096099358546467596 -0.0043390699528293658 0.022305102268943514
leaf_weight=11.641195915639399 25.970172554254532 9.6783261597156542 8.8891417980194074 34.808505691587925 24.383031710982323 9.6694632321596199 36.260164484381676 8.767536021769045 10.148716524243353 9.1257489174604398 8.3997598662972432 13.468060709536074 29.623590126633644 14.992875330150129 8.0099911242723447 9.8678405508398992 28.482786878943443 11.402933493256567 14.320924855768679 39.890876807272434 20.019229389727116 9.4060603901743871 89.162657871842384 14.059891134500502 629.65308235958219 690.42015215009451 56.906079396605492 20.326907880604267 334.5014077052474 9.5816975086927396
leaf_count=55 125 49 51 223 139 58 256 60 64 49 48 81 185 80 48 72 146 63 85 236 117 54 447 74 3459 3618 304 102 1624 51
internal_value=4.74611e-05 -0.00572552 0.00642733 -0.008419 -0.0143304 0.00033008 0.00689841 0.0160025 0.0219274 0.0316953 9.14667e-05 0.000368968 -0.00760731 0.000246545 0.00601855 0.0132 0.000213558 5.50218e-05 -5.05976e-05 0.000106255 -0.00656181 -0.00103832 0.000358653 -0.000845299 -0.000514974 0.00198562 -0.000248694 0.00760854 -0.000885324 0.00105605
internal_weight=2241.84 103.729 18.5675 85.1617 50.3532 2138.11 73.9716 37.7115 28.9439 18.7952 2064.14 1993.24 70.8941 41.2705 32.8707 24.8607 1979.78 1951.29 1939.89 1925.57 69.3162 49.2969 1856.25 1067.09 1053.03 789.165 1041.39 77.233 964.154 700.002
internal_count=12023 587 100 487 264 11436 487 231 171 107 10949 10516 433 248 200 152 10435 10289 10226 10141 407 290 9734 5618 5544 4116 5489 406 5083 3669
is_linear=0
shrinkage=0.03


Tree=164
num_leaves=31
num_cat=2
split_feature=3 3 20 5 15 11 3 14 21 20 9 9 9 12 9 5 20 9 1 26 10 3 10 10 22 9 21 5 0 26
split_gain=5.24472 4.67097 4.49002 5.46087 9.51149 7.99871 6.19316 4.8921 4.36103 3.77284 3.53282 3.47079 4.18747 5.02324 4.33247 7.51917 5.93148 5.25273 4.43832 4.93979 5.9576 4.20418 4.20102 3.83664 5.8037 4.40605 4.12217 4.64226 4.75807 3.66149
threshold=229.50000000000003 467.50000000000006 53.750000000000007 -2.7052646785774814 1.5000000000000002 43.500000000000007 19.500000000000004 12.500000000000002 -22.499999999999996 87.833333333333357 57.500000000000007 660.00000000000011 338.50000000000006 23.500000000000004 225.50000000000003 -0.060364272943069779 59.250000000000007 244.50000000000003 30.500000000000004 0 209.50000000000003 104.50000000000001 213.50000000000003 107.50000000000001 144.83333333333334 210.50000000000003 14.500000000000002 0.72749243065792724 193.50000000000003 1
decision_type=2 2 8 2 2 2 2 2 8 10 2 2 2 2 2 2 10 2 2 1 2 2 2 2 8 2 8 2 2 1
left_child=2 9 3 -1 5 -5 -7 -6 -4 -2 -9 12 14 -14 18 16 -16 -18 23 21 -21 -20 -19 25 -25 26 27 -10 -29 -28
right_child=1 -3 8 4 7 6 -8 10 11 -11 -12 -13 13 -15 15 -17 17 22 19 20 -22 -23 -24 24 -26 -27 29 28 -30 -31
leaf_value=0.017984081596657962 -0.0055831291273055238 0.0078626726490462276 -0.016610868264045061 0.0031971885203010454 0.019477526943793812 -0.034024816816278433 -0.0041998498799938428 -0.013134888604188802 -0.0020086962597723008 -0.019802852519555922 0.011660400701000093 0.016037882602191293 -0.015255536750752892 0.0051899187890730343 0.020705816204963166 0.018458704826909735 0.011807578079621151 -0.015387842032069936 0.019785797108752473 -0.023119387603071813 0.0029663846550611302 -0.0065526843681873587 0.0073772587818202529 0.0070568786250468215 -0.011916223033457345 -0.019350637209987042 0.0015684621511387463 -0.00039936813269798936 -0.026227337474118474 -0.0013585253401159362
leaf_weight=24.338209666311741 64.240434378385544 15.920464500784872 13.40698369592428 42.425509657710791 31.201598588377237 10.750754103064539 14.125392675399778 8.6173961684107798 66.291799984872341 22.412029407918453 10.187858358025549 11.00304540991783 32.855723954737186 15.28601263463497 9.5491334572434408 30.024106420576572 12.985662147402762 27.837868891656399 9.5548675805330294 27.562264688313007 10.592633366584776 10.525304377079008 9.0884033292531949 121.4792767688632 15.543122015893458 9.940306328237055 770.86690664663911 10.221445091068746 16.401167407631874 746.2650080807507
leaf_count=169 355 105 60 234 224 63 75 62 334 187 63 71 209 89 59 168 73 164 49 184 70 61 50 651 98 55 4125 47 79 3711
internal_value=-0.000116897 -0.00670861 0.000205209 0.00534552 0.00259353 -0.00475101 -0.0179061 0.0123775 -0.000165545 -0.00944492 0.000208605 -4.48788e-05 -0.000143656 -0.00879017 7.93814e-05 0.00648617 0.000235481 -0.00401067 -0.000239848 -0.00831668 -0.0127343 0.00428938 -0.00973805 3.24323e-05 0.00483392 -0.000376421 -0.000247337 -0.00634659 -0.0166844 0.000130137
internal_weight=2221.5 102.573 2118.93 141.647 117.309 67.3017 24.8761 50.0069 1977.28 86.6525 18.8053 1963.87 1952.87 48.1417 1904.73 89.4852 59.4611 49.9119 1815.24 58.2351 38.1549 20.0802 36.9263 1757.01 137.022 1619.99 1610.05 92.9144 26.6226 1517.13
internal_count=11944 647 11297 890 721 372 138 349 10407 542 125 10347 10276 298 9978 514 346 287 9464 364 254 110 214 9100 749 8351 8296 460 126 7836
cat_boundaries=0 1 2
cat_threshold=32 60
is_linear=0
shrinkage=0.03


Tree=165
num_leaves=31
num_cat=1
split_feature=23 8 22 6 20 14 13 2 20 26 14 8 23 6 0 23 8 2 23 20 23 21 8 0 8 1 23 10 2 18
split_gain=5.35795 5.87991 4.92267 5.70637 4.64794 10.5046 6.89555 4.81668 4.12433 4.04071 5.37319 5.73801 5.55314 5.94207 5.0921 4.82795 4.71181 4.33489 4.3191 4.93128 4.3791 3.80188 3.76625 4.95941 7.93352 11.0013 7.98105 7.16335 5.16174 3.68256
threshold=-6.4999999999999991 6.5000000000000009 1.0000000180025095e-35 35.500000000000007 62.750000000000007 21.500000000000004 5.5000000000000009 1.0000000180025095e-35 29.500000000000004 0 7.5000000000000009 163.50000000000003 -30.499999999999996 1.5000000000000002 3.5000000000000004 -37.499999999999993 27.500000000000004 10.500000000000002 -44.499999999999993 49.250000000000007 -40.499999999999993 -21.499999999999996 35.500000000000007 121.50000000000001 6.5000000000000009 15.500000000000002 -124.49999999999999 15.500000000000002 16.500000000000004 1.0000000180025095e-35
decision_type=10 2 10 8 10 2 2 2 8 1 2 2 10 10 2 10 2 2 10 8 8 8 2 2 2 2 10 2 2 2
left_child=2 -2 3 8 5 6 -4 -8 -1 14 11 12 15 -14 -10 18 -15 -18 19 -11 -20 -16 23 27 26 28 -25 -21 -26 -5
right_child=1 -3 4 29 -6 -7 7 -9 9 10 -12 -13 13 16 21 -17 17 -19 20 22 -22 -23 -24 24 25 -27 -28 -29 -30 -31
leaf_value=0.018947757668106243 -0.025307929226507465 0.0014621849924658216 -0.014043428674203251 0.0043955378721696461 -0.0026513725045909133 0.027125347610752304 0.018360072760973511 0.00089366074648613203 -0.019829772494746815 -0.020125734044117379 -0.0087279544516384328 0.014140148228966469 -0.0091614302887381427 0.0025465939303266232 -0.014625932613230707 -0.0148449866301077 0.027193788114200122 0.0062127551472406627 0.018868240417888916 0.0031460027032458879 -0.0031360764245283879 0.0028308647404003615 -0.0081939051336636821 0.014102891647737028 0.011733430158999407 -0.0071265242781486191 -0.019439645544979966 -0.013417747792475229 0.039897578004422701 0.020042474472558157
leaf_weight=9.9314996451139432 15.067129828035833 13.472796030342577 23.014841474592686 38.467920262366533 822.0375861376524 13.85196006298065 16.083801180124283 85.163636095821857 8.346549164503811 14.073143705725668 76.840250357985497 22.768437653779984 27.044653125107288 99.435895882546902 10.469844728708265 28.910248458385468 14.617880403995512 22.36581402271986 15.711056746542452 52.884020335972309 15.39241185039282 582.41345644369721 68.370751298964024 9.6644354611635226 12.706850215792658 12.69706269353628 15.120908536016939 40.865933954715729 12.142501175403593 20.567418303340673
leaf_count=130 79 65 101 183 4465 67 77 408 62 79 491 130 135 465 49 142 66 109 73 262 72 3131 331 46 56 71 72 205 57 284
internal_value=-0.00035748 -0.0130489 -0.000186359 0.00106848 -0.00179566 0.00327986 0.000426387 0.00382074 0.000606146 0.00043335 -0.00138683 -0.000236181 -0.000973684 0.00345799 0.00212088 -0.00340368 0.0060082 0.0150032 -0.00212659 -0.0035045 0.00822031 0.00249848 -0.00237771 0.00020599 0.00670413 0.0152432 -0.00632085 -0.0041396 0.0265068 0.0100898
internal_weight=2220.5 28.5399 2191.96 1231.81 960.152 138.114 124.262 101.247 1172.77 1162.84 561.612 484.772 462.004 163.464 601.23 298.539 136.42 36.9837 269.629 238.526 31.1035 592.883 224.452 156.082 62.3318 37.5464 24.7853 93.75 24.8494 59.0353
internal_count=11963 144 11819 6701 5118 653 586 485 6234 6104 2862 2371 2241 775 3242 1466 640 175 1324 1179 145 3180 1100 769 302 184 118 467 113 467
cat_boundaries=0 1
cat_threshold=42
is_linear=0
shrinkage=0.03


Tree=166
num_leaves=31
num_cat=0
split_feature=23 13 13 25 0 0 5 23 3 0 20 13 1 20 6 20 20 20 25 20 2 15 2 13 8 8 4 15 2 19
split_gain=4.32682 3.6935 7.56809 5.34092 5.37519 5.37116 6.71689 7.24814 5.22531 5.12241 7.28549 5.06732 6.37245 6.08509 4.77657 4.76467 4.46819 4.11007 4.50249 3.91119 5.28887 6.65207 4.54146 4.08471 4.54186 6.13577 4.74872 4.81057 5.68617 4.55416
threshold=2.5000000000000004 23.500000000000004 28.500000000000004 162.50000000000003 154.50000000000003 119.50000000000001 -0.23277692647456269 -40.499999999999993 56.500000000000007 129.50000000000003 47.250000000000007 16.500000000000004 8.5000000000000018 69.750000000000014 3.5000000000000004 81.166666666666671 73.166666666666671 62.750000000000007 117.50000000000001 94.583333333333357 136.50000000000003 46.500000000000007 40.500000000000007 29.500000000000004 1.5000000000000002 11.500000000000002 156.50000000000003 2.5000000000000004 10.500000000000002 1.0000000180025095e-35
decision_type=10 2 2 2 2 2 2 10 2 2 10 2 2 10 10 8 8 10 2 10 2 2 2 2 2 2 2 2 2 2
left_child=1 3 8 4 5 11 7 14 17 10 -5 -1 13 -13 -7 -9 -10 -3 -19 23 22 -22 -21 -4 -25 26 27 28 -26 -29
right_child=-2 2 19 9 -6 6 -8 15 16 -11 -12 12 -14 -15 -16 -17 -18 18 -20 20 21 -23 -24 24 25 -27 -28 29 -30 -31
leaf_value=-0.00090441232622426185 -0.017847311018623704 0.020951539723401205 -0.011934798597207178 0.020480867989638732 -0.0053662042765474545 -0.0049295094183440732 0.015493105655816155 0.00030032060458003764 0.010925652558785396 0.024454399857638077 -0.012748720374833947 0.0088603902181018501 -0.024007800971086974 -0.014343376988745665 0.017350941616632816 -0.024861844513474833 -0.012172831063945993 0.00062105477902234816 0.017582722153558036 -0.00097115088919650619 0.018147952820706224 -0.015608444683202903 -0.027811427127985906 0.01108225620324238 0.015378848095345699 0.00091964918989037711 0.010923458002433618 -0.028305937135511453 -0.009860528388913126 -0.0024529714500111442
leaf_weight=597.41636496037245 12.082605808973311 27.57747208699584 23.192753858864307 9.062429293990137 323.89047450572252 13.908432208001612 37.827526390552521 13.625223841518165 11.634879387915136 12.24171584099531 13.49218015372753 19.061636257916689 18.806753791868687 19.700151950120926 20.476838648319244 12.421390764415262 17.780264280736446 38.157569542527199 21.397924534976482 8.9856296032667178 10.446395032107832 8.7335548326373083 14.747353300452231 34.454704038798809 9.5497716143727285 810.38720934092999 9.9091835394501668 18.340009663254023 33.11491647362709 9.2777670472860354
leaf_count=3256 61 167 124 85 1743 68 196 62 60 60 60 117 94 87 102 61 106 189 102 51 78 86 105 182 49 4279 54 101 178 52
internal_value=-0.000644523 -0.000542884 0.000682975 -0.00176358 -0.00214064 -0.000748385 0.00575686 -0.000490562 0.00788029 0.00964202 0.000905578 -0.00173158 -0.0101534 -0.00299675 0.00845414 -0.0121748 -0.00297762 0.011538 0.006905 -0.000170447 -0.00892336 0.00276527 -0.0180995 0.000234659 0.000552334 0.000132979 -0.00773023 -0.0104766 -0.0039883 -0.0200102
internal_weight=2231.7 2219.62 1107.69 1111.93 1077.13 753.244 98.2594 60.4319 116.548 34.7963 22.5546 654.985 57.5685 38.7618 34.3853 26.0466 29.4151 87.133 59.5555 991.139 42.9129 19.1799 23.733 948.226 925.034 890.579 80.1916 70.2825 42.6647 27.6178
internal_count=12015 11954 5963 5991 5786 4043 489 293 624 205 145 3554 298 204 170 123 166 458 291 5339 320 164 156 5019 4895 4713 434 380 227 153
is_linear=0
shrinkage=0.03


Tree=167
num_leaves=31
num_cat=0
split_feature=20 11 6 23 15 20 8 2 15 2 20 4 5 9 1 10 4 11 13 1 3 2 12 5 20 8 5 5 4 2
split_gain=5.35422 4.05493 3.46457 5.23156 3.89426 8.08547 4.74356 5.61385 6.57864 7.63628 4.88857 4.80888 4.39127 7.12153 4.37778 4.47057 4.40922 6.92857 6.33249 6.78008 7.34479 7.44528 5.05401 4.29756 4.21779 4.21106 4.18018 10.4177 7.6906 6.77698
threshold=29.500000000000004 505.50000000000006 22.500000000000004 -123.49999999999999 3.5000000000000004 53.750000000000007 11.500000000000002 122.50000000000001 8.5000000000000018 38.500000000000007 76.583333333333357 68.500000000000014 0.81093021621632921 172.50000000000003 30.500000000000004 161.50000000000003 131.50000000000003 210.50000000000003 59.500000000000007 24.500000000000004 69.500000000000014 15.500000000000002 9.5000000000000018 -0.10110072102849464 94.833333333333357 177.50000000000003 0.72749243065792724 0.35667494393873261 15.500000000000002 4.5000000000000009
decision_type=8 2 8 10 2 8 2 2 2 2 10 2 2 2 2 2 2 2 2 2 2 2 2 2 10 2 2 2 2 2
left_child=-1 2 4 -4 14 -6 7 8 9 -7 -10 26 -13 -14 16 -16 18 25 19 20 24 -22 -21 -17 -2 -18 27 29 -28 -8
right_child=1 -3 3 -5 5 6 11 -9 10 -11 -12 12 13 -15 15 23 17 -19 -20 22 21 -23 -24 -25 -26 -27 28 -29 -30 -31
leaf_value=0.019797066201542635 -0.002060608421015598 0.018121459935582184 0.024297806440224265 0.0023027957946684407 0.013280914710544304 0.0075116819793057 0.021191508196149331 0.012532850124894801 -0.035697557927664429 -0.022242663790700799 -0.0068560345130412367 -0.0018396800111704292 -0.0076176743030985311 0.02765560225675805 -0.029947164353048433 -0.019078485042109988 0.0033245630090957485 -0.015914402811824577 -0.01810250164696291 -0.0035661061204619033 -0.0012376496178407681 -0.0223112858718836 0.025869182209778196 0.011258296527537086 0.015848089854977987 0.018912727130766326 0.007032971494038383 0.021258019322822602 -0.0064852747589071716 6.806008068347563e-05
leaf_weight=10.646567918360232 903.16152765601873 9.3675375953316671 9.7646957710385305 104.92397281900048 41.415761686861515 21.560920357704163 14.632349126040934 9.4030779898166639 12.385314777493479 10.855513531714676 9.6987005919218046 495.96229026839137 8.5633597671985644 10.734590072184799 9.126004025340082 7.2528940550982952 92.552400045096874 13.726239807903765 21.894109547138214 8.2735950797796267 28.190254330635071 31.774930939078331 12.400464273989199 7.6250556483864766 11.003523349761961 17.929681085050106 70.399635978043079 34.157994329929352 79.669081896543503 108.91040882840753
leaf_count=140 4559 56 106 709 273 117 73 56 61 64 54 2694 46 64 59 55 458 73 121 56 142 183 75 52 63 114 349 168 394 563
internal_value=-0.000491377 -0.000597674 -0.00068526 0.00436931 -0.000964152 0.000485132 -0.000126657 -0.00793518 -0.0116288 -0.0028198 -0.0238769 0.000488524 -0.00128341 0.0123991 -0.00211855 -0.0145415 -0.00184468 0.0034716 -0.00249693 -0.00213564 -0.0025025 -0.0125872 0.0144684 -0.00380082 -0.00182797 0.00600126 0.00344961 0.00684397 -0.000139073 0.00271998
internal_weight=2227.96 2217.32 2207.95 114.689 2093.26 928.349 886.933 63.9035 54.5004 32.4164 22.084 823.03 515.26 19.2979 1164.91 24.004 1140.91 124.208 1016.7 994.804 974.13 59.9652 20.6741 14.8779 914.165 110.482 307.769 157.701 150.069 123.543
internal_count=11997 11857 11801 815 10986 4976 4703 352 296 181 115 4351 2804 110 6010 166 5844 645 5199 5078 4947 325 131 107 4622 572 1547 804 743 636
is_linear=0
shrinkage=0.03


Tree=168
num_leaves=31
num_cat=1
split_feature=20 26 23 5 23 8 13 9 23 5 9 9 5 23 22 6 20 9 0 20 23 13 13 8 4 20 0 11 23 5
split_gain=4.70858 3.60898 9.47881 7.36654 6.03647 4.85829 4.22251 5.07401 4.91633 4.80486 4.15965 7.1204 7.97236 5.7905 7.38363 5.54371 4.44228 3.91868 4.36925 3.74236 6.13371 9.90814 6.37893 5.22696 4.98032 4.76532 4.90274 5.38383 4.9926 4.84762
threshold=29.500000000000004 0 -22.499999999999996 -2.5629209571137288 -7.4999999999999991 5.5000000000000009 2.5000000000000004 13.500000000000002 -16.499999999999996 -0.69314718055994529 2.5000000000000004 7.5000000000000009 -4.1549614946291582 -49.499999999999993 -4.4999999999999991 1.5000000000000002 71.750000000000014 9.5000000000000018 30.500000000000004 84.833333333333357 -58.499999999999993 14.500000000000002 171.50000000000003 4.5000000000000009 288.50000000000006 95.833333333333357 201.50000000000003 29.500000000000004 -117.49999999999999 -1.0488953401740162
decision_type=8 1 10 2 10 2 2 2 10 2 2 2 2 10 10 8 10 2 2 10 10 2 2 2 2 10 2 2 10 2
left_child=-1 4 -3 -4 10 -6 -5 8 -8 -9 15 13 -13 16 -15 -2 -12 -14 -19 -20 21 -21 23 -23 -22 26 -25 29 -29 -28
right_child=1 2 3 6 5 -7 7 9 -10 -11 11 12 17 14 -16 -17 -18 18 19 20 24 22 -24 25 -26 -27 27 28 -30 -31
leaf_value=0.018339134365193063 -0.0098614169781805205 -0.0045643423294953805 0.024151731013989795 0.012335786622638102 -0.028088992295667296 -0.0013720573057946607 -0.024666785390958072 0.021866449534034528 -0.0002385853183566176 -0.0051315619994746972 0.0065981172704626867 0.013026568532678483 0.010732286650972891 -0.034987723637552419 -0.0073607649713220225 0.0065470971769875817 -0.013073392116839914 -0.016863615786405644 0.0010565207095484537 0.027171413277625459 -0.008930418551172813 -0.019366771018096574 -0.023144535729684088 -0.015377011757437609 0.008219582730838261 -0.013430039162519556 0.032160004654059736 0.013511784468337755 -0.0065468835341649023 0.0087632203364137341
leaf_weight=11.518363330513237 19.80841463804245 377.11472416296601 15.789601124823092 23.718977231532335 10.818225525319578 12.942501135170458 12.023443683981894 10.378626570105554 17.263381160795692 11.761963084340094 27.593736834824085 44.750226803123951 30.645200788974762 12.086310215294359 28.293465003371239 175.86234294250607 15.178569316864012 12.604101639240978 1048.409272134304 11.547518834471701 132.77454557269812 9.1655751913785917 9.5253824070095998 8.3147421628236753 16.410005763173103 12.776469077914951 10.487898603081701 16.312738955020894 30.470283873379241 30.174158371984959
leaf_count=152 100 1943 74 108 59 65 58 55 79 61 168 207 163 78 129 1197 68 67 5276 66 800 62 87 40 121 88 53 96 186 192
internal_value=-7.58027e-06 -0.000112163 -0.00241666 0.00617977 0.000524406 -0.0141794 0.00213596 -0.0027139 -0.0107507 0.00792207 0.000740811 0.000205333 0.000705836 -0.00827462 -0.0162756 0.00484431 -0.000521881 0.000297046 5.221e-05 0.000224244 -0.0027991 0.0017366 -0.00076583 0.00122496 -0.00700178 0.0031248 0.00544955 0.00758132 0.000583758 0.015425
internal_weight=2206.52 2195 468.051 90.936 1726.95 23.7607 75.1464 51.4274 29.2868 22.1406 1703.19 1507.52 1424.37 83.1521 40.3798 195.671 42.7723 1379.62 1348.97 1336.37 287.959 138.775 127.227 117.702 149.185 108.536 95.7598 87.4451 46.783 40.6621
internal_count=11898 11746 2378 435 9368 124 361 253 137 116 9244 7947 7504 443 207 1297 236 7297 7134 7067 1791 870 804 717 921 655 567 527 282 245
cat_boundaries=0 1
cat_threshold=58
is_linear=0
shrinkage=0.03


Tree=169
num_leaves=31
num_cat=0
split_feature=20 4 23 0 0 6 23 22 22 5 5 22 20 23 25 13 5 22 20 5 4 20 1 25 9 9 10 2 10 17
split_gain=4.47687 4.6542 6.67963 3.75427 4.59883 3.62446 4.07495 3.82789 3.10561 6.5125 4.71682 4.70767 8.26144 7.92375 4.22665 4.48192 4.02075 5.24431 4.20986 4.47465 3.99447 3.86113 6.30172 4.36348 4.40615 3.75692 3.30515 4.98266 3.69409 3.29875
threshold=50.750000000000007 9.5000000000000018 -52.499999999999993 206.50000000000003 259.50000000000006 1.5000000000000002 -72.499999999999986 -1.0000000180025095e-35 1.2500000000000002 2.695752040637077 -4.1549614946291582 4.7500000000000009 73.166666666666671 -95.499999999999986 82.500000000000014 59.500000000000007 3.0179798934972668 -3.4999999999999996 65.750000000000014 4.0971146524099096 411.50000000000006 76.583333333333357 21.500000000000004 117.50000000000001 153.50000000000003 12.500000000000002 19.500000000000004 13.500000000000002 11.500000000000002 1.5000000000000002
decision_type=8 2 10 2 2 10 10 10 10 2 2 8 10 10 2 2 2 8 10 2 2 10 2 2 2 2 2 2 2 2
left_child=1 2 -1 -3 -5 6 -6 -7 16 10 -10 21 13 -13 15 -15 17 -2 25 -20 -14 22 26 -23 -25 -18 28 -28 -12 -19
right_child=8 3 -4 4 5 7 -8 -9 9 -11 11 12 20 14 -16 -17 18 29 19 -21 -22 23 -24 24 -26 -27 27 -29 -30 -31
leaf_value=0.0077490358891976344 0.010060195957598326 0.014295348573908831 -0.022468378732984344 -0.014720102207561269 -0.016300108239745252 0.026914466313826119 0.0091025603362416534 7.6890491089458138e-05 0.015430973896045074 -0.019912271964160164 -0.0012564323902073363 -0.0059239777907420764 -0.0038247060431707319 0.031842873118224577 0.0034710348953217634 0.0078007715115821904 0.024188499851113182 -3.8348034674051859e-06 -0.0099053492693472432 0.011331459547205104 0.01278340172077721 -0.0045372477156916625 -0.018541220580682697 0.00063228957006335662 0.022719427655226283 0.0045103889064082607 0.011544163151434287 -0.0056938961149877176 -0.023663625741886386 -0.0064267826077675626
leaf_weight=13.827769201248886 43.970408581197262 48.101429130882025 10.96393984928727 10.006142757833002 8.6448763757944125 11.095894560217856 12.853817604482172 7.921261832118037 13.080122619867323 17.318473145365715 12.454006239771845 19.52839270979166 162.46617528051138 18.488191828131679 15.489140704274176 12.157083578407763 17.018340244889259 1359.762819506228 18.604088693857193 15.399356395006178 13.18960130959749 99.799031294882298 38.372107289731503 26.960577413439751 10.67469399422407 18.041432976722717 19.692780330777168 54.799470283091068 13.432563632726668 74.986925281584263
leaf_count=97 204 319 70 69 48 73 75 52 61 86 53 90 1006 83 69 53 97 7165 84 70 98 652 194 151 68 99 91 264 59 360
internal_value=-5.44359e-05 0.00547469 -0.0059674 0.008382 0.00258378 0.00710893 -0.00138263 0.016298 -0.000382502 -0.00232135 -0.00171079 -0.00217298 0.000887267 0.00988287 0.0165575 0.0228532 0.000304888 -2.78151e-05 0.00732716 -0.000238739 -0.00251234 -0.00484045 -0.00835253 -0.00126001 0.00732288 0.0144682 -0.00431319 -0.00104429 -0.0133312 -0.000343771
internal_weight=2219.1 123.415 24.7917 98.6234 50.522 40.5159 21.4987 19.0172 2095.69 547.902 530.584 517.504 241.319 65.6628 46.1344 30.6453 1547.78 1478.72 69.0632 34.0034 175.656 276.185 138.751 137.434 37.6353 35.0598 100.379 74.4923 25.8866 1434.75
internal_count=11960 803 167 636 317 248 123 125 11157 3078 2992 2931 1399 295 205 136 8079 7729 350 154 1104 1532 661 871 219 196 467 355 112 7525
is_linear=0
shrinkage=0.03


Tree=170
num_leaves=31
num_cat=1
split_feature=21 21 15 10 26 23 4 25 22 1 2 23 23 21 8 8 22 4 4 1 5 0 13 22 23 22 9 22 13 8
split_gain=5.31535 4.75778 6.57043 4.57924 3.09525 5.37331 6.03262 4.51767 3.68252 2.85024 5.4662 6.98696 6.80931 5.81181 4.73002 3.939 6.89424 4.75967 8.77984 6.44501 7.21645 7.54342 5.61325 4.49279 4.38132 5.83503 4.33453 4.93175 4.25274 4.72729
threshold=19.500000000000004 6.5000000000000009 12.500000000000002 130.50000000000003 0 -24.499999999999996 42.500000000000007 72.500000000000014 -1.0000000180025095e-35 21.500000000000004 59.500000000000007 -70.499999999999986 -16.499999999999996 3.5000000000000004 24.500000000000004 158.50000000000003 1.0000000180025095e-35 179.50000000000003 160.50000000000003 24.500000000000004 -0.98589372351745463 370.50000000000006 155.50000000000003 2.7500000000000004 -109.49999999999999 1.7500000000000002 108.50000000000001 4.2500000000000009 43.500000000000007 30.500000000000004
decision_type=10 10 2 2 1 10 2 2 10 2 2 10 10 10 2 2 8 2 2 2 2 2 2 10 10 10 2 8 2 2
left_child=1 4 -3 -4 5 6 -1 8 -8 -6 11 14 13 15 -11 17 -17 18 19 28 -21 -22 23 -23 -19 -26 -18 -28 -12 -30
right_child=-2 2 3 -5 9 -7 7 -9 -10 10 12 -13 -14 -15 -16 16 26 24 -20 20 21 22 -24 -25 25 -27 27 -29 29 -31
leaf_value=-0.022569455836831821 0.015611476137626189 0.0043064614736651654 -0.027939558107983608 -0.0052574032764548719 0.0010649249060697742 0.013610328359565859 0.0085993431422128272 0.0097250690027583641 -0.014034859298779484 -0.014838435482436088 0.0045325812050824371 -0.015745250463187189 0.021173970160308135 0.022116947811084042 0.0083368765875948547 0.01247650850155033 0.0057147380098992338 0.026361522441506448 -0.026811872067425958 0.025754613841430175 -0.01827531348322825 0.013179254409836636 -0.013394683044342524 -0.0033316582210581001 -0.0086509360610600109 0.01572815597157377 -0.019778218136426252 -0.0047054053284719547 0.0037879837255602108 -0.022747985600787612
leaf_weight=19.32116761058569 18.928095638751984 20.762856990098953 16.021366104483604 16.211982816457748 1653.7077768631279 10.301688015460966 7.6047973707318297 15.886381708085535 27.806289434432983 10.24565466493368 13.263836041092871 48.769529886543751 12.176767997443674 8.6375891417264921 25.899849154055119 14.550977714359759 14.331669688224791 9.7277413606643659 10.434759818017481 11.57511445134878 13.686521738767622 49.034717932343483 11.707223221659659 20.591595582664013 16.023995444178581 17.493606433272362 36.765677280724049 42.2020643055439 7.967295520007613 21.061096772551537
leaf_count=101 100 106 89 107 8658 53 41 86 195 60 80 265 67 60 134 68 89 57 64 67 77 268 74 135 86 108 219 323 46 113
internal_value=0.000187379 4.78814e-05 -0.00874763 -0.0170329 0.000268572 -0.00512284 -0.00872277 -0.00317559 -0.00907132 0.000504023 -0.00171004 -0.00845301 3.88316e-05 -0.000831429 0.00154508 -0.00153895 -0.00614222 0.000930037 -0.00147872 0.000463789 0.00439371 0.00155045 0.00506811 0.00831821 0.00963709 0.0041601 -0.00914751 -0.0118826 -0.00931404 -0.0155812
internal_weight=2222.7 2203.77 52.9962 32.2333 2150.78 80.9203 70.6186 51.2975 35.4111 2069.86 416.147 84.915 331.232 319.055 36.1455 310.418 107.85 202.568 159.322 148.887 106.595 95.0201 81.3335 69.6263 43.2453 33.5176 93.2994 78.9677 42.2922 29.0284
internal_count=11996 11896 302 196 11594 476 423 322 236 11118 2460 459 2001 1934 194 1874 699 1175 924 860 621 554 477 403 251 194 631 542 239 159
cat_boundaries=0 1
cat_threshold=1
is_linear=0
shrinkage=0.03


Tree=171
num_leaves=31
num_cat=0
split_feature=22 8 21 5 23 20 1 5 25 15 5 22 12 21 8 20 1 15 2 4 6 10 21 15 12 20 4 4 23 5
split_gain=3.57343 4.08102 3.59111 3.09224 3.39453 3.18085 2.9198 8.2343 4.98465 4.32037 5.74734 5.45863 5.38827 5.13923 4.81637 8.43188 5.48688 9.81629 4.72802 4.50535 3.46494 3.45311 3.43784 3.65004 5.18175 3.41516 2.95926 2.91258 2.70358 2.64453
threshold=140.83333333333334 127.50000000000001 19.500000000000004 4.0971146524099096 -73.499999999999986 20.500000000000004 36.500000000000007 -0.046763029005411509 107.50000000000001 27.500000000000004 -0.17910010674083063 105.75000000000001 27.500000000000004 -1.0000000180025095e-35 86.500000000000014 61.750000000000007 28.500000000000004 44.500000000000007 95.500000000000014 129.50000000000003 1.5000000000000002 168.50000000000003 -18.499999999999996 25.500000000000004 12.500000000000002 81.750000000000014 151.50000000000003 222.50000000000003 -58.499999999999993 0.33647223662121323
decision_type=10 2 10 2 10 8 2 2 2 2 2 8 2 8 2 10 2 2 2 2 10 2 8 2 2 8 2 2 8 2
left_child=2 -2 3 5 -5 -1 9 8 25 22 12 14 13 -11 15 -12 17 29 -19 28 -14 27 -7 -24 -25 -8 -18 -21 -15 -16
right_child=1 -3 -4 4 -6 6 7 -9 -10 10 11 -13 20 19 16 -17 26 18 -20 21 -22 -23 23 24 -26 -27 -28 -29 -30 -31
leaf_value=0.017036160188012038 0.0039164689764769143 -0.019820680449044621 0.012933766443844891 0.022812737777137677 0.0020395904101669347 -0.012898543134938005 0.0020018363004134345 0.020055036317215159 0.014703911913286429 0.014996018594410512 0.013262836645066776 -0.02668586628012486 0.001984509859447983 0.016454655335210962 0.0022953963553169342 -0.015920318334135292 -0.00032433301422516304 0.034052520723067158 0.0053485810487312203 -0.022302919035925912 0.023696971572499989 0.0039727357788827966 9.3883389413463046e-05 -0.0041218059710430924 0.022875352574180597 -0.020822695577161997 -0.024145927795929015 -0.0062601013897929511 -0.0054126305216092236 -0.018436923241830262
leaf_weight=8.6795296967029554 10.107902124524118 16.006792619824409 18.541032150387764 9.9852089062333125 20.54633042216301 17.059456050395966 10.354766666889196 22.532485138624907 8.8679905086755735 11.714128278195856 9.7200290486216527 12.023051813244818 13.639944426715376 10.238425232470034 10.543891265988352 57.749714985489845 8.6479318588972109 10.073671303689482 10.509701170027254 19.379260517656803 12.220544777810572 11.880877599120138 1781.3306707330048 10.694920636713507 14.006337851285933 12.235294207930563 9.3356514424085599 22.577316753566265 8.601844474673273 10.22087725996971
leaf_count=118 56 124 99 51 105 80 54 151 50 67 51 77 81 61 55 321 48 50 60 102 65 70 9386 55 71 112 64 117 48 55
internal_value=-3.54286e-06 -0.0108274 0.000130783 1.52375e-05 0.00934139 -0.000122452 -0.000200474 0.00662257 -0.00332016 -0.000381358 -0.00407907 -0.00811799 0.00103381 -0.00266216 -0.00616239 -0.0115837 9.23777e-05 0.00609865 0.0203234 -0.00567319 0.0127451 -0.0100468 0.000125795 0.000255891 0.0114808 -0.0107191 -0.0133111 -0.0140168 0.00670118 -0.00828774
internal_weight=2210.03 26.1147 2183.91 2165.37 30.5315 2134.84 2126.16 53.9905 31.4581 2072.17 249.077 138.825 110.252 84.3919 126.801 67.4697 59.3317 41.3481 20.5834 72.6777 25.8605 53.8375 1823.09 1806.03 24.7013 22.5901 17.9836 41.9566 18.8403 20.7648
internal_count=11904 180 11724 11625 156 11469 11351 367 216 10984 1392 781 611 465 704 372 332 220 110 398 146 289 9592 9512 126 166 112 219 109 110
is_linear=0
shrinkage=0.03


Tree=172
num_leaves=31
num_cat=1
split_feature=23 6 14 20 13 25 15 4 9 23 13 11 4 12 25 23 2 26 0 5 4 11 20 13 23 9 9 4 9 20
split_gain=4.63172 3.61359 8.21321 5.14947 6.70836 5.29608 4.66931 4.60263 7.14407 5.40211 4.48785 4.41611 4.29885 4.14396 4.08815 5.51123 3.67382 3.56239 5.79287 4.75699 5.11442 5.02496 4.8977 7.34998 4.84576 5.09805 4.64446 4.27778 5.37211 4.37095
threshold=2.5000000000000004 1.5000000000000002 3.5000000000000004 88.583333333333357 7.5000000000000009 132.50000000000003 86.500000000000014 347.50000000000006 281.50000000000006 -47.499999999999993 167.50000000000003 8.5000000000000018 278.50000000000006 13.500000000000002 82.500000000000014 -99.499999999999986 190.50000000000003 0 38.500000000000007 0.083306131544387277 18.500000000000004 119.50000000000001 55.750000000000007 18.500000000000004 -81.499999999999986 18.500000000000004 31.500000000000004 13.500000000000002 33.500000000000007 76.583333333333357
decision_type=10 8 2 8 2 2 2 2 2 10 2 2 2 2 2 10 2 1 2 2 2 2 10 2 10 2 2 2 2 10
left_child=1 2 14 4 -4 -5 12 8 -6 11 -9 -10 17 -14 -1 -16 -11 18 -3 20 27 24 23 -21 -22 -26 -27 29 -29 -19
right_child=-2 6 3 5 7 -7 -8 10 9 16 -12 -13 13 -15 15 -17 -18 19 -20 22 21 -23 -24 -25 25 26 -28 28 -30 -31
leaf_value=-0.0038655408929176285 -0.018351067482869434 0.014374307516854172 0.024933188054646529 -0.0067574156054582548 0.00041742458697625434 0.015851131979778364 -0.01719047815479827 -0.021206673189823614 0.01286090249812322 0.033414901326203041 0.005334246404908048 -0.0100383560822037 0.00072503525545347788 0.020465396017427966 0.00055366004252517965 -0.019713452755506577 0.0074135432867671637 0.00089413149774351182 0.0019384015439301422 -0.0035679812575184992 0.0032078833480783018 0.017794333321025396 -0.0097275487605081139 0.020625208466418805 -0.012341588166365759 0.0095848776694697699 -0.0043638028366852913 0.02060387800850921 -0.0023657184934987689 0.0134195457137644
leaf_weight=107.65321251749992 11.123937040567396 34.711794469505548 10.123360604047773 116.23299694061279 313.5747761502862 9.1879587993025762 11.505364812910555 14.353354863822462 18.183685511350635 12.609563693404199 8.6149563044309598 11.607217423617838 18.301082544028759 19.239460226148367 16.999447405338287 40.241552591323853 8.7418202683329564 251.2667447924614 615.43196472525597 64.976633258163929 90.57465323060751 10.274800986051558 87.728410258889198 12.638635188341139 60.551765978336334 24.603367984294891 133.43833877146244 25.290509425103664 13.776460081338881 26.878138408064842
leaf_count=552 58 396 51 854 1627 46 69 85 111 70 47 68 96 102 88 195 51 1303 3272 334 447 49 447 64 281 116 687 118 64 120
internal_value=0.000140536 0.000242828 -0.00155597 0.000287647 0.00195957 -0.0049889 0.00106786 0.00129707 0.00212858 0.0124112 -0.0114445 0.00390257 0.00122031 0.0111104 -0.00737248 -0.0137884 0.0235772 0.000957165 0.00258374 -0.000390318 0.000783944 -0.00189274 -0.0049128 0.000583809 -0.00260228 -0.00501337 -0.00214571 0.00347693 0.0126471 0.00214824
internal_weight=2200.44 2189.31 688.124 523.23 397.809 125.421 1501.19 387.685 364.717 51.1423 22.9683 29.7909 1489.68 37.5405 164.894 57.241 21.3514 1452.14 650.144 801.998 636.655 319.443 165.344 77.6153 309.168 218.593 158.042 317.212 39.067 278.145
internal_count=11868 11810 3845 3010 2110 900 7965 2059 1927 300 132 179 7896 198 835 283 121 7698 3668 4030 3185 1580 845 398 1531 1084 803 1605 182 1423
cat_boundaries=0 1
cat_threshold=44
is_linear=0
shrinkage=0.03


Tree=173
num_leaves=31
num_cat=1
split_feature=10 10 10 11 3 1 23 5 8 8 12 25 11 11 23 13 20 12 10 23 14 6 26 2 2 23 2 23 23 5
split_gain=4.07078 4.01509 4.90304 5.1494 7.15519 4.31372 6.74399 7.51332 7.09408 8.03846 7.15785 6.50996 4.64289 5.08465 4.54408 8.70855 5.72979 5.26219 5.00718 4.60774 4.59071 4.68711 4.58928 6.40561 5.12082 7.8195 4.5463 4.4882 6.07631 4.39446
threshold=348.50000000000006 234.50000000000003 254.50000000000003 95.500000000000014 155.50000000000003 21.500000000000004 -22.499999999999996 1.3862943611198912 25.500000000000004 87.500000000000014 17.500000000000004 92.500000000000014 285.50000000000006 202.50000000000003 -37.499999999999993 96.500000000000014 39.750000000000007 25.500000000000004 92.500000000000014 -41.499999999999993 3.5000000000000004 3.5000000000000004 0 52.500000000000007 4.5000000000000009 -51.499999999999993 33.500000000000007 -72.499999999999986 -43.499999999999993 0.77687954363474188
decision_type=2 2 2 2 2 2 10 2 2 2 2 2 2 2 10 2 8 2 2 8 2 10 1 2 2 10 2 10 10 2
left_child=1 5 -3 4 -4 14 7 11 -8 -10 -11 12 13 -7 15 16 -1 19 -19 22 21 -21 23 24 -18 -26 -17 -13 -29 -16
right_child=-2 2 3 -5 -6 6 8 -9 9 10 -12 27 -14 -15 29 26 17 18 -20 20 -22 -23 -24 -25 25 -27 -28 28 -30 -31
leaf_value=0.019261947015826651 -0.011890153094504096 0.022643549610603934 -0.0052101260087745434 -0.012038701677588075 0.027409335978093727 -0.0074482219838478275 -0.011754546528276058 0.013924528490373881 0.03591770913020096 0.019702722037067487 -0.014580412155411997 0.0079576927094795556 0.010657761935935579 -0.027715325014793946 0.00022065399829182926 -0.0013518169236835609 -0.0079441440552275987 0.0057001018082799976 0.028373130165677902 0.032342856568137318 -0.0046166856076950901 0.0066998996118684019 0.0012746783286197224 -0.020041183733919547 -0.0013929759730523395 0.026255981167182713 0.022535188517063105 -0.014904250610548944 0.0054424552458361333 -0.005785016339721864
leaf_weight=15.355268958956001 23.158714927732944 14.881428971886633 11.773210152983667 12.925969600677488 10.900136910378931 215.19948666170239 10.434344269335268 19.239998765289783 10.578874081373216 11.081013508141043 9.083350867033003 48.583579987287521 11.098001405596731 10.943169064819811 560.19089077413082 9.5191770419478399 59.412913762032986 45.65239255875349 10.099965929985045 10.446337431669237 11.550445698201655 16.172482926398516 790.08806606382132 20.203888028860092 40.214941561222076 10.904510989785193 26.782611314207315 25.109278090298176 25.948657922446728 135.32212026044726
leaf_count=168 179 87 67 94 66 1323 61 105 56 62 50 258 68 73 2843 47 264 235 50 54 61 78 4212 112 195 50 137 139 137 689
internal_value=0.000358159 0.000491847 0.00877194 0.002513 0.010967 0.000294294 -0.00252561 -0.00385986 0.00883148 0.0159686 0.00430013 -0.00491377 -0.00760732 -0.00854666 0.000931236 0.00216084 0.00164351 0.0013582 0.0102351 0.000832008 0.0109096 0.0175699 0.0004029 -0.00458405 -0.00201534 0.00489555 0.0164031 0.00151129 -0.00465774 -0.000954464
internal_weight=2232.86 2209.7 50.4807 35.5993 22.6733 2159.22 397.3 356.122 41.1776 30.7432 20.1644 336.882 237.241 226.143 1761.92 1066.4 1030.1 1014.75 55.7524 958.994 38.1693 26.6188 920.824 130.736 110.532 51.1195 36.3018 99.6415 51.0579 695.513
internal_count=12020 11841 314 227 133 11527 2332 2103 229 168 112 1998 1464 1396 9195 5663 5479 5311 285 5026 193 132 4833 621 509 245 184 534 276 3532
cat_boundaries=0 1
cat_threshold=65
is_linear=0
shrinkage=0.03


Tree=174
num_leaves=31
num_cat=1
split_feature=26 20 20 5 8 0 6 20 15 24 12 20 3 3 0 13 2 12 2 0 0 8 4 0 3 15 13 13 20 22
split_gain=5.34419 7.21984 5.41886 4.31064 4.02034 5.62365 5.2843 4.67243 4.64604 4.44138 3.79299 3.35875 3.35367 9.65673 7.40002 11.1188 6.56351 6.2239 6.1605 6.49283 8.31332 5.86884 5.79424 11.4465 5.58739 6.10809 7.98373 7.37277 4.60387 4.36562
threshold=0 86.833333333333357 45.250000000000007 4.0971146524099096 1.0000000180025095e-35 76.500000000000014 1.5000000000000002 80.250000000000014 1.0000000180025095e-35 1.0000000180025095e-35 1.5000000000000002 69.250000000000014 46.500000000000007 22.500000000000004 421.50000000000006 59.500000000000007 14.500000000000002 5.5000000000000009 25.500000000000004 477.50000000000006 344.50000000000006 20.500000000000004 80.500000000000014 145.50000000000003 61.500000000000007 12.500000000000002 98.500000000000014 42.500000000000007 48.750000000000007 2.2500000000000004
decision_type=1 10 8 2 2 2 10 8 2 2 2 10 2 2 2 2 2 2 2 2 2 2 2 2 2 2 2 2 10 8
left_child=2 -2 -1 4 9 6 -6 11 -7 -4 -3 -8 13 16 15 -15 22 -18 -19 20 21 -20 23 -10 25 -14 27 -27 -26 -16
right_child=1 10 3 -5 5 8 7 -9 12 -11 -12 -13 24 14 29 -17 17 18 19 -21 -22 -23 -24 -25 28 26 -28 -29 -30 -31
leaf_value=0.016003979068784278 -0.0010107936654476317 0.0073416817665710107 0.0076707479797724926 0.013258800309299717 -0.012151452062819354 -0.015982186014106187 0.013992478214677079 0.021395254385718671 -0.014984809613477645 -0.024681897921270336 -0.013289302196549984 -0.007607642406199034 0.018963542509395217 -0.0067463855334944835 -0.0079806346030708471 -0.031554943372953448 0.018304120848727134 0.02134280198123235 0.017962568506505263 -0.017354899114594036 0.021207680799771186 -0.0070276788681626259 -0.017490697203970552 0.022683334232261283 -0.014932475968536398 0.014099928078655862 0.023990978099590703 -0.016045862614622489 0.001396113913375538 0.015414990916077283
leaf_weight=21.301793705672026 1149.4974502846599 8.5202575922012311 5.1970264799892893 24.337778404355049 7.7551186680793753 14.374123375862835 12.009705074131491 27.903149750083685 14.458801113069059 10.244101159274576 63.082116153091192 11.997487142682074 33.398892231285572 81.76837944984436 11.671687744557856 19.582147836685181 28.791519176214933 12.638166621327398 9.4383162856101972 15.434975631535051 16.981230273842812 43.817069884389639 22.279912762343884 12.70980793982744 15.075629755854605 10.149711869657041 9.7667858898639661 20.473675802350044 468.43432172387838 15.851475991308691
leaf_count=197 5988 49 85 124 39 70 66 269 77 102 422 52 159 401 56 99 162 62 59 81 83 218 104 62 83 50 52 105 2505 85
internal_value=-0.000254835 -0.0015783 0.00136682 0.00104547 0.000719724 0.000976829 0.00981053 0.0132592 0.000365418 -0.0139887 -0.010767 0.00332535 0.00065598 -0.00186679 -0.00807876 -0.0118012 0.00268765 0.00628437 0.00261534 -0.000361689 0.00356389 -0.00234928 -0.0064986 0.0028165 0.00203943 0.00967089 0.00171423 -0.00592452 0.000857227 0.0055617
internal_weight=2218.94 1221.1 997.843 976.541 952.203 936.762 59.6655 51.9103 877.097 15.4411 71.6024 24.0072 862.723 305.423 128.874 101.351 176.55 127.101 98.3098 85.6716 70.2366 53.2554 49.4485 27.1686 557.299 73.7891 40.3902 30.6234 483.51 27.5232
internal_count=11966 6459 5507 5310 5186 4999 426 387 4573 187 471 118 4503 1549 641 500 908 665 503 441 360 277 243 139 2954 366 207 155 2588 141
cat_boundaries=0 1
cat_threshold=40
is_linear=0
shrinkage=0.03


Tree=175
num_leaves=31
num_cat=1
split_feature=22 24 6 14 8 4 25 6 4 22 12 26 10 1 0 3 15 15 4 8 12 9 4 8 14 2 11 12 3 12
split_gain=3.66341 6.49753 5.94079 5.25569 5.23821 3.66172 4.89838 4.13963 3.79321 5.06502 6.51254 6.18037 4.80468 9.30805 8.36463 5.74806 4.89476 4.92489 4.72663 4.64772 4.33703 4.16341 6.6196 3.78385 3.70993 8.48988 6.07361 5.94918 4.90439 4.38737
threshold=-0.74999999999999989 1.5000000000000002 24.500000000000004 18.500000000000004 44.500000000000007 63.500000000000007 125.00000000000001 1.5000000000000002 7.5000000000000009 -1.7499999999999998 2.5000000000000004 0 10.500000000000002 7.5000000000000009 109.50000000000001 8.5000000000000018 2.5000000000000004 15.500000000000002 18.500000000000004 41.500000000000007 1.5000000000000002 45.500000000000007 24.500000000000004 13.500000000000002 6.5000000000000009 74.500000000000014 76.500000000000014 1.0000000180025095e-35 129.50000000000003 12.500000000000002
decision_type=10 2 8 2 2 2 2 10 2 8 2 1 2 2 2 2 2 2 2 2 2 2 2 2 2 2 2 2 2 2
left_child=3 2 -2 5 -5 6 8 -8 9 10 -1 -11 20 18 -15 -16 21 19 23 -18 -10 22 -17 -14 25 26 27 -7 -26 -28
right_child=1 -3 -4 4 -6 24 7 -9 12 11 -12 -13 13 14 15 16 17 -19 -20 -21 -22 -23 -24 -25 28 -27 29 -29 -30 -31
leaf_value=0.0071549031187810308 -0.0013187895132907243 0.011157840435328021 -0.023770265298686435 0.022311625654231879 0.001970467396637433 0.0095611262037690273 -0.0044907436835643607 0.020441287164149759 0.008408718391254854 0.0084779750262888847 -0.021193000521486823 -0.0017670504772099417 0.034249509219344325 -0.014116813691627152 0.01836913873152601 0.020711016035763016 0.02738320274909635 -0.0083054040320447841 0.0083065212464869219 0.0023549049445365229 -0.017626778739694336 -0.015771634664233425 -0.0096632349299080027 0.0098280240418239049 -0.0036896784722622407 0.016315282285239395 0.0043984593256224565 -0.016322191374315904 -0.023008684482469861 -0.0089372304300678711
leaf_weight=10.316410321742298 1320.5941656455398 36.53465635702014 9.6974665597081167 19.893177505582571 25.533542186021805 9.2651424556970579 7.7405585758388069 21.497902907431126 8.3782499805092829 58.156580701470375 20.93183459341526 217.25994037464261 15.317725852131845 24.298553511500359 21.968920920044184 9.8007532730698603 13.726407121866943 9.7024505659937841 38.369771156460047 12.593023627996443 14.569912213832138 18.583108633756638 15.102967366576193 10.445477202534674 51.416603364050388 23.910060033202171 91.403306495398283 39.230466440320015 14.572314538061617 28.23975919559598
leaf_count=54 6833 175 43 112 166 43 52 158 58 499 104 1252 81 132 123 54 79 48 207 71 84 100 79 54 296 131 446 213 88 149
internal_value=-0.000191735 -0.00115393 -0.00150019 0.00135101 0.0111669 0.00078519 0.00216995 0.0139106 0.00148374 -0.000652895 -0.0119025 0.000661903 0.00455065 0.00612217 0.00134404 0.00514774 0.00131176 0.00935604 0.0153284 0.0159325 -0.00816715 -0.00541216 0.0026285 0.0250852 -0.00215674 -3.61498e-05 -0.00244411 -0.0112839 -0.00823567 0.0012028
internal_weight=2219.05 1366.83 1330.29 852.225 45.4267 806.798 548.761 29.2385 519.522 306.665 31.2482 275.417 212.857 189.909 125.776 101.478 79.5087 36.0219 64.133 26.3194 22.9482 43.4868 24.9037 25.7632 258.038 192.049 168.139 48.4956 65.9889 119.643
internal_count=11984 7051 6876 4933 278 4655 3289 210 3079 1909 158 1751 1170 1028 686 554 431 198 342 150 142 233 133 135 1366 982 851 256 384 595
cat_boundaries=0 1
cat_threshold=28
is_linear=0
shrinkage=0.03


Tree=176
num_leaves=31
num_cat=0
split_feature=11 5 10 22 10 15 21 15 5 22 15 5 4 10 2 10 14 14 2 8 3 25 6 3 22 22 4 4 1 8
split_gain=3.20255 3.16998 3.14512 4.63278 4.32147 7.08642 5.06697 3.67705 10.1087 8.76259 7.44927 6.73264 6.0625 7.24908 7.81884 5.36319 7.45528 7.51215 5.09206 5.04506 6.37817 5.66929 9.30746 6.06578 4.51318 4.50265 4.4751 4.23195 4.19772 4.12526
threshold=306.00000000000006 -3.4683333112382777 338.50000000000006 2.7500000000000004 209.50000000000003 6.5000000000000009 -6.4999999999999991 16.500000000000004 2.4020864121747731 116.25000000000001 3.5000000000000004 -0.71480980686774653 72.500000000000014 62.500000000000007 4.5000000000000009 45.500000000000007 7.5000000000000009 3.5000000000000004 123.50000000000001 20.500000000000004 153.50000000000003 147.50000000000003 2.5000000000000004 69.500000000000014 -2.4999999999999996 4.7500000000000009 109.50000000000001 127.50000000000001 15.500000000000002 14.500000000000002
decision_type=2 2 2 10 2 2 10 2 2 8 2 2 2 2 2 2 2 2 2 2 2 2 8 2 10 10 2 2 2 2
left_child=1 -1 4 -4 7 -6 -7 10 9 -9 19 -11 13 14 -12 26 17 -17 28 20 21 23 -23 27 -24 -21 -14 -3 -18 -15
right_child=-2 2 3 -5 5 6 -8 8 -10 11 12 -13 15 29 -16 16 18 -19 -20 25 -22 22 24 -25 -26 -27 -28 -29 -30 -31
leaf_value=0.0043635689880335898 0.0091494024090922159 -0.00028975878241469622 -0.025392875881410249 0.0019410314847613786 -0.013921402858886959 0.016364961807436788 -0.0035151547651452245 -0.0024779258735809868 0.021465780099618147 0.0028102152888030431 0.015284947751324109 -0.030324795565999648 0.0016798669619686457 -0.0016599687176876556 -0.0001890267467972667 -0.0027141028221474334 0.0043491070566279875 0.018044509617552437 0.007819451496256952 -0.0049841791715616764 0.023177784305559185 0.027368475066562981 0.012505969247917711 -0.013484630850849258 -0.011512935696561611 0.011263487224437483 -0.021567548912053612 0.013714378835242751 -0.014948762941770171 0.017965979958008731
leaf_weight=157.74662902578712 36.285952486097813 740.37737084925175 9.7667867764830607 11.313177675008772 11.01954962313175 44.737384796142578 15.015201613306997 351.06161135435104 13.907565236091612 7.6468242481350925 37.642235200852156 17.453359961509705 12.648406676948072 11.220444984734057 122.62667308375239 26.284302156418562 13.447977013885973 37.08915962651372 20.261743426322937 281.42845058441162 9.9508382454514486 16.781531512737274 11.850689571350815 29.889003865420818 14.57681233435869 15.30440618097782 16.680715851485729 18.943402737379074 36.037235096096992 61.084993228316307
leaf_count=777 214 4004 73 89 80 267 93 1876 73 45 205 108 63 64 660 124 65 178 124 1507 54 81 106 176 67 85 79 100 199 314
internal_value=0.000431554 0.000281892 -3.94862e-05 -0.0112998 8.50985e-05 0.00731294 0.0113937 -0.000184403 -0.00278128 -0.00373229 0.000477266 -0.0205092 0.00402169 0.00711725 0.00351758 -0.00042658 0.00215238 0.00952641 -0.00458776 -0.000754336 0.000431613 0.000132218 0.0105867 -0.000452837 -0.000679045 -0.00411117 -0.0118171 7.71921e-05 -0.00972215 0.0149393
internal_weight=2210.08 2173.79 2016.05 21.08 1994.97 70.7721 59.7526 1924.2 390.069 376.162 1534.13 25.1002 395.024 232.574 160.269 162.45 133.12 63.3735 69.747 1139.1 842.37 832.419 43.209 789.21 26.4275 296.733 29.3291 759.321 49.4852 72.3054
internal_count=11950 11736 10959 162 10797 440 360 10357 2102 2029 8255 153 2075 1243 865 832 690 302 388 6180 4588 4534 254 4280 173 1592 142 4104 264 378
is_linear=0
shrinkage=0.03


end of trees

feature_importances:
mean_score=582
date_registration=409
mean_days_early=342
click_trend=324
code_module=295
clicks_oucontent=294
clicks_last_7d=287
clicks_prev_7d=238
clicks_homepage=234
clicks_other=232
clicks_resource=214
clicks_forumng=207
clicks_pre_start=206
active_days=195
days_since_last_active=192
clicks_total=189
clicks_subpage=170
clicks_quiz=169
clicks_url=120
studied_credits=117
num_of_prev_attempts=108
score_trend=93
n_missed=73
n_late=15
n_due=3
n_submitted=2

parameters:
[boosting: gbdt]
[objective: binary]
[metric: auc,binary_logloss]
[tree_learner: serial]
[device_type: cpu]
[data_sample_strategy: bagging]
[data: ]
[valid: ]
[num_iterations: 1000]
[learning_rate: 0.03]
[num_leaves: 31]
[num_threads: 10]
[seed: 42]
[deterministic: 0]
[force_col_wise: 0]
[force_row_wise: 0]
[histogram_pool_size: -1]
[max_depth: -1]
[min_data_in_leaf: 50]
[min_sum_hessian_in_leaf: 0.001]
[bagging_fraction: 0.8]
[pos_bagging_fraction: 1]
[neg_bagging_fraction: 1]
[bagging_freq: 1]
[bagging_seed: 400]
[bagging_by_query: 0]
[feature_fraction: 0.8]
[feature_fraction_bynode: 1]
[feature_fraction_seed: 30056]
[extra_trees: 0]
[extra_seed: 12879]
[early_stopping_round: 0]
[early_stopping_min_delta: 0]
[first_metric_only: 0]
[max_delta_step: 0]
[lambda_l1: 0]
[lambda_l2: 1]
[linear_lambda: 0]
[min_gain_to_split: 0]
[drop_rate: 0.1]
[max_drop: 50]
[skip_drop: 0.5]
[xgboost_dart_mode: 0]
[uniform_drop: 0]
[drop_seed: 17869]
[top_rate: 0.2]
[other_rate: 0.1]
[min_data_per_group: 100]
[max_cat_threshold: 32]
[cat_l2: 10]
[cat_smooth: 10]
[max_cat_to_onehot: 4]
[top_k: 20]
[monotone_constraints: ]
[monotone_constraints_method: basic]
[monotone_penalty: 0]
[feature_contri: ]
[forcedsplits_filename: ]
[refit_decay_rate: 0.9]
[cegb_tradeoff: 1]
[cegb_penalty_split: 0]
[cegb_penalty_feature_lazy: ]
[cegb_penalty_feature_coupled: ]
[path_smooth: 0]
[interaction_constraints: ]
[verbosity: -1]
[saved_feature_importance_type: 0]
[use_quantized_grad: 0]
[num_grad_quant_bins: 4]
[quant_train_renew_leaf: 0]
[stochastic_rounding: 1]
[linear_tree: 0]
[max_bin: 255]
[max_bin_by_feature: ]
[min_data_in_bin: 3]
[bin_construct_sample_cnt: 200000]
[data_random_seed: 175]
[is_enable_sparse: 1]
[enable_bundle: 1]
[use_missing: 1]
[zero_as_missing: 0]
[feature_pre_filter: 1]
[pre_partition: 0]
[two_round: 0]
[header: 0]
[label_column: ]
[weight_column: ]
[group_column: ]
[ignore_column: ]
[categorical_feature: 26]
[forcedbins_filename: ]
[precise_float_parser: 0]
[parser_config_file: ]
[objective_seed: 16083]
[num_class: 1]
[is_unbalance: 0]
[scale_pos_weight: 1]
[sigmoid: 1]
[boost_from_average: 1]
[reg_sqrt: 0]
[alpha: 0.9]
[fair_c: 1]
[poisson_max_delta_step: 0.7]
[tweedie_variance_power: 1.5]
[lambdarank_truncation_level: 30]
[lambdarank_norm: 1]
[label_gain: ]
[lambdarank_position_bias_regularization: 0]
[eval_at: ]
[multi_error_top_k: 1]
[auc_mu_weights: ]
[num_machines: 1]
[local_listen_port: 12400]
[time_out: 120]
[machine_list_filename: ]
[machines: ]
[gpu_platform_id: -1]
[gpu_device_id: -1]
[gpu_device_id_list: ]
[gpu_use_dp: 0]
[num_gpu: 1]

end of parameters

pandas_categorical:[["AAA", "BBB", "CCC", "DDD", "EEE", "FFF", "GGG"]]
